task,design_label,step,score_mode,worst_weight,train_net_points,base_train_points,hard_points_requested,hard_points_used,eval_net_points,train_points_per_axis,eval_points_per_axis,train_covering_radius,eval_covering_radius,beam_width,residual_threshold,train_phi,eval_phi,train_outside_residual,eval_outside_residual,train_scheduled_margin,eval_scheduled_margin,shifted_selected_fraction
Z,coarse,1,mean_worst,0.5,335,335,256,0,2145,7,13,0.023094010767585035,0.011547005383792518,6,0.001,0.00303909755940086,0.0030168466540940707,1,1,0.00203909755940086,0.0020168466540940707,0.0
Z,coarse,2,mean_worst,0.5,335,335,256,0,2145,7,13,0.023094010767585035,0.011547005383792518,6,0.001,0.0031032506507092644,0.003073258471358855,1,1,0.0021032506507092643,0.002073258471358855,0.0
Z,coarse,3,mean_worst,0.5,335,335,256,0,2145,7,13,0.023094010767585035,0.011547005383792518,6,0.001,0.003574887847168736,0.0035440947561106483,1,1,0.002574887847168736,0.0025440947561106483,0.0
Z,coarse,4,mean_worst,0.5,335,335,256,0,2145,7,13,0.023094010767585035,0.011547005383792518,6,0.001,0.0038781258435655165,0.0038399247674744206,1,1,0.0028781258435655165,0.0028399247674744206,0.0
Z,coarse,5,mean_worst,0.5,335,335,256,0,2145,7,13,0.023094010767585035,0.011547005383792518,6,0.001,0.004400770226201282,0.004341574079714516,1,1,0.0034007702262012817,0.003341574079714516,0.0
Z,coarse,6,mean_worst,0.5,335,335,256,0,2145,7,13,0.023094010767585035,0.011547005383792518,6,0.001,0.004801725972686889,0.004753389082928343,1,1,0.003801725972686889,0.003753389082928343,0.0
Z,coarse,7,mean_worst,0.5,335,335,256,0,2145,7,13,0.023094010767585035,0.011547005383792518,6,0.001,0.005395301676391809,0.005329055512383116,1,1,0.004395301676391809,0.004329055512383116,0.16666666666666666
Z,coarse,8,mean_worst,0.5,335,335,256,0,2145,7,13,0.023094010767585035,0.011547005383792518,6,0.001,0.005980124806672286,0.005912557240850601,1,1,0.004980124806672286,0.004912557240850601,0.14285714285714285
Z,coarse,9,mean_worst,0.5,335,335,256,0,2145,7,13,0.023094010767585035,0.011547005383792518,6,0.001,0.00619169525715416,0.00612395221595252,1,1,0.00519169525715416,0.00512395221595252,0.125
Z,coarse,10,mean_worst,0.5,335,335,256,0,2145,7,13,0.023094010767585035,0.011547005383792518,6,0.001,0.00595496549267515,0.005867249628563636,1,1,0.00495496549267515,0.004867249628563636,0.1111111111111111
Z,coarse,11,mean_worst,0.5,335,335,256,0,2145,7,13,0.023094010767585035,0.011547005383792518,6,0.001,0.006398619315619639,0.0063091736475471795,1,1,0.005398619315619639,0.0053091736475471794,0.1
Z,coarse,12,mean_worst,0.5,335,335,256,0,2145,7,13,0.023094010767585035,0.011547005383792518,6,0.001,0.006843192817176378,0.006754092610599061,1,1,0.005843192817176378,0.005754092610599061,0.09090909090909091
Z,coarse,13,mean_worst,0.5,335,335,256,0,2145,7,13,0.023094010767585035,0.011547005383792518,6,0.001,0.007282094051802869,0.007198716732569339,1,1,0.006282094051802869,0.006198716732569339,0.08333333333333333
Z,coarse,14,mean_worst,0.5,335,335,256,0,2145,7,13,0.023094010767585035,0.011547005383792518,6,0.001,0.007984581501086219,0.00786905750451501,1,1,0.006984581501086219,0.00686905750451501,0.07692307692307693
Z,coarse,15,mean_worst,0.5,335,335,256,0,2145,7,13,0.023094010767585035,0.011547005383792518,6,0.001,0.008778185216971667,0.008650211645681645,1,1,0.007778185216971667,0.007650211645681645,0.07142857142857142
Z,coarse,16,mean_worst,0.5,335,335,256,0,2145,7,13,0.023094010767585035,0.011547005383792518,6,0.001,0.009401039683733955,0.009305106711722699,1,1,0.008401039683733954,0.008305106711722698,0.06666666666666667
Z,coarse,17,mean_worst,0.5,335,335,256,0,2145,7,13,0.023094010767585035,0.011547005383792518,6,0.001,0.01017813244773478,0.010033839780853196,1,1,0.009178132447734778,0.009033839780853196,0.0625
Z,coarse,18,mean_worst,0.5,335,335,256,0,2145,7,13,0.023094010767585035,0.011547005383792518,6,0.001,0.011270892812009171,0.011113791407496628,1,1,0.010270892812009172,0.010113791407496627,0.058823529411764705
Z,coarse,19,mean_worst,0.5,335,335,256,0,2145,7,13,0.023094010767585035,0.011547005383792518,6,0.001,0.012107387663516784,0.01198282112708388,1,1,0.011107387663516783,0.010982821127083878,0.05555555555555555
Z,coarse,20,mean_worst,0.5,335,335,256,0,2145,7,13,0.023094010767585035,0.011547005383792518,6,0.001,0.012121233551563972,0.011965855803784495,1,1,0.011121233551563973,0.010965855803784494,0.05263157894736842
Z,coarse,21,mean_worst,0.5,335,335,256,0,2145,7,13,0.023094010767585035,0.011547005383792518,6,0.001,0.012800008709525391,0.01262369034610299,1,1,0.01180000870952539,0.011623690346102989,0.05
Z,coarse,22,mean_worst,0.5,335,335,256,0,2145,7,13,0.023094010767585035,0.011547005383792518,6,0.001,0.01297701654517451,0.012848290878591174,1,1,0.01197701654517451,0.011848290878591173,0.047619047619047616
Z,coarse,23,mean_worst,0.5,335,335,256,0,2145,7,13,0.023094010767585035,0.011547005383792518,6,0.001,0.013042217617109133,0.01290438587249701,1,1,0.012042217617109132,0.011904385872497009,0.045454545454545456
Z,coarse,24,mean_worst,0.5,335,335,256,0,2145,7,13,0.023094010767585035,0.011547005383792518,6,0.001,0.010780715284495935,0.010659969807229712,1,1,0.009780715284495936,0.009659969807229711,0.043478260869565216
Z,coarse,25,mean_worst,0.5,335,335,256,0,2145,7,13,0.023094010767585035,0.011547005383792518,6,0.001,0.01077405215819888,0.010705633116892661,1,1,0.00977405215819888,0.00970563311689266,0.08333333333333333
Z,coarse,26,mean_worst,0.5,335,335,256,0,2145,7,13,0.023094010767585035,0.011547005383792518,6,0.001,0.009943459220088904,0.00982468542050121,1,1,0.008943459220088903,0.008824685420501209,0.12
Z,coarse,27,mean_worst,0.5,335,335,256,0,2145,7,13,0.023094010767585035,0.011547005383792518,6,0.001,0.009894489787649272,0.009773842231098256,1,1,0.00889448978764927,0.008773842231098256,0.15384615384615385
Z,coarse,28,mean_worst,0.5,335,335,256,0,2145,7,13,0.023094010767585035,0.011547005383792518,6,0.001,0.009761261094084747,0.009634062809295876,1,1,0.008761261094084746,0.008634062809295875,0.14814814814814814
Z,coarse,29,mean_worst,0.5,335,335,256,0,2145,7,13,0.023094010767585035,0.011547005383792518,6,0.001,0.009955585661307182,0.009798762434183761,1,1,0.008955585661307181,0.00879876243418376,0.14285714285714285
Z,coarse,30,mean_worst,0.5,335,335,256,0,2145,7,13,0.023094010767585035,0.011547005383792518,6,0.001,0.009864286092705336,0.00977970180524174,1,1,0.008864286092705335,0.008779701805241739,0.13793103448275862
Z,coarse,31,mean_worst,0.5,335,335,256,0,2145,7,13,0.023094010767585035,0.011547005383792518,6,0.001,0.010405239075280237,0.010309558420203533,1,1,0.009405239075280236,0.009309558420203534,0.13333333333333333
Z,coarse,32,mean_worst,0.5,335,335,256,0,2145,7,13,0.023094010767585035,0.011547005383792518,6,0.001,0.01108948189249034,0.010915693744825504,1,1,0.01008948189249034,0.009915693744825503,0.16129032258064516
Z,coarse,33,mean_worst,0.5,335,335,256,0,2145,7,13,0.023094010767585035,0.011547005383792518,6,0.001,0.011860363309086595,0.011645535101333138,1,1,0.010860363309086594,0.010645535101333137,0.1875
Z,coarse,34,mean_worst,0.5,335,335,256,0,2145,7,13,0.023094010767585035,0.011547005383792518,6,0.001,0.012706877031535939,0.01248643061846391,1,1,0.011706877031535938,0.011486430618463911,0.18181818181818182
Z,coarse,35,mean_worst,0.5,335,335,256,0,2145,7,13,0.023094010767585035,0.011547005383792518,6,0.001,0.012072305022836478,0.011909330571409952,1,1,0.011072305022836477,0.010909330571409952,0.17647058823529413
Z,coarse,36,mean_worst,0.5,335,335,256,0,2145,7,13,0.023094010767585035,0.011547005383792518,6,0.001,0.011502077981807142,0.011311616764788951,1,1,0.010502077981807141,0.01031161676478895,0.2
Z,coarse,37,mean_worst,0.5,335,335,256,0,2145,7,13,0.023094010767585035,0.011547005383792518,6,0.001,0.011467770148618028,0.011256211353369905,1,1,0.010467770148618029,0.010256211353369904,0.2222222222222222
Z,coarse,38,mean_worst,0.5,335,335,256,0,2145,7,13,0.023094010767585035,0.011547005383792518,6,0.001,0.011372144965716629,0.011162886356730347,1,1,0.010372144965716628,0.010162886356730346,0.21621621621621623
Z,coarse,39,mean_worst,0.5,335,335,256,0,2145,7,13,0.023094010767585035,0.011547005383792518,6,0.001,0.011473854458747195,0.011267522110210777,1,1,0.010473854458747194,0.010267522110210776,0.23684210526315788
Z,coarse,40,mean_worst,0.5,335,335,256,0,2145,7,13,0.023094010767585035,0.011547005383792518,6,0.001,0.01163472425839103,0.0115186863699248,1,1,0.010634724258391029,0.010518686369924798,0.2564102564102564
Z,coarse,41,mean_worst,0.5,335,335,256,0,2145,7,13,0.023094010767585035,0.011547005383792518,6,0.001,0.010712518875112247,0.01058104741901646,1,1,0.009712518875112246,0.00958104741901646,0.25
Z,coarse,42,mean_worst,0.5,335,335,256,0,2145,7,13,0.023094010767585035,0.011547005383792518,6,0.001,0.010873870758463106,0.010745913062480919,1,1,0.009873870758463105,0.009745913062480918,0.2682926829268293
Z,coarse,43,mean_worst,0.5,335,335,256,0,2145,7,13,0.023094010767585035,0.011547005383792518,6,0.001,0.010956961199313314,0.01078974842335731,1,1,0.009956961199313313,0.009789748423357308,0.2619047619047619
Z,coarse,44,mean_worst,0.5,335,335,256,0,2145,7,13,0.023094010767585035,0.011547005383792518,6,0.001,0.011412238273080237,0.01125354566739771,1,1,0.010412238273080236,0.01025354566739771,0.2558139534883721
Z,coarse,45,mean_worst,0.5,335,335,256,0,2145,7,13,0.023094010767585035,0.011547005383792518,6,0.001,0.011976686671951148,0.011799265086992103,1,1,0.010976686671951147,0.010799265086992103,0.25
Z,coarse,46,mean_worst,0.5,335,335,256,0,2145,7,13,0.023094010767585035,0.011547005383792518,6,0.001,0.012394526462993051,0.01222519187715854,1,1,0.011394526462993052,0.01122519187715854,0.26666666666666666
Z,coarse,47,mean_worst,0.5,335,335,256,0,2145,7,13,0.023094010767585035,0.011547005383792518,6,0.001,0.012896381050012149,0.012752983732317917,1,1,0.011896381050012148,0.011752983732317916,0.2826086956521739
Z,coarse,48,mean_worst,0.5,335,335,256,0,2145,7,13,0.023094010767585035,0.011547005383792518,6,0.001,0.013617399521269682,0.01343487609161722,1,1,0.012617399521269682,0.012434876091617222,0.2978723404255319
Z,coarse,49,mean_worst,0.5,335,335,256,0,2145,7,13,0.023094010767585035,0.011547005383792518,6,0.001,0.014235597045106515,0.014038117912333684,1,1,0.013235597045106514,0.013038117912333683,0.2916666666666667
Z,coarse,50,mean_worst,0.5,335,335,256,0,2145,7,13,0.023094010767585035,0.011547005383792518,6,0.001,0.014672524259431306,0.014474548857286398,1,1,0.013672524259431305,0.013474548857286398,0.2857142857142857
Z,coarse,51,mean_worst,0.5,335,335,256,0,2145,7,13,0.023094010767585035,0.011547005383792518,6,0.001,0.014168733123379212,0.013974273083798672,1,1,0.013168733123379212,0.01297427308379867,0.28
Z,coarse,52,mean_worst,0.5,335,335,256,0,2145,7,13,0.023094010767585035,0.011547005383792518,6,0.001,0.014327935130118112,0.014123658362491204,1,1,0.013327935130118113,0.013123658362491204,0.29411764705882354
Z,coarse,53,mean_worst,0.5,335,335,256,0,2145,7,13,0.023094010767585035,0.011547005383792518,6,0.001,0.014000583165667737,0.013806937290849763,1,1,0.013000583165667736,0.012806937290849762,0.28846153846153844
Z,coarse,54,mean_worst,0.5,335,335,256,0,2145,7,13,0.023094010767585035,0.011547005383792518,6,0.001,0.013739196674716177,0.013678136908290013,1,1,0.012739196674716177,0.012678136908290012,0.2830188679245283
Z,coarse,55,mean_worst,0.5,335,335,256,0,2145,7,13,0.023094010767585035,0.011547005383792518,6,0.001,0.013909662389037427,0.01386905229099488,1,1,0.012909662389037426,0.01286905229099488,0.2962962962962963
Z,coarse,56,mean_worst,0.5,335,335,256,0,2145,7,13,0.023094010767585035,0.011547005383792518,6,0.001,0.013676009400995805,0.013552064613905518,1,1,0.012676009400995805,0.012552064613905518,0.3090909090909091
Z,coarse,57,mean_worst,0.5,335,335,256,0,2145,7,13,0.023094010767585035,0.011547005383792518,6,0.001,0.01270835426564925,0.012562765128108395,1,1,0.01170835426564925,0.011562765128108395,0.30357142857142855
Z,coarse,58,mean_worst,0.5,335,335,256,0,2145,7,13,0.023094010767585035,0.011547005383792518,6,0.001,0.012608020348466038,0.012428990103292148,1,1,0.011608020348466037,0.011428990103292149,0.2982456140350877
Z,coarse,59,mean_worst,0.5,335,335,256,0,2145,7,13,0.023094010767585035,0.011547005383792518,6,0.001,0.011843454254697709,0.011784103389366602,1,1,0.01084345425469771,0.010784103389366601,0.29310344827586204
Z,coarse,60,mean_worst,0.5,335,335,256,0,2145,7,13,0.023094010767585035,0.011547005383792518,6,0.001,0.012182963969227054,0.012107509973024348,1,1,0.011182963969227053,0.011107509973024347,0.3050847457627119
Z,coarse,61,mean_worst,0.5,335,335,256,0,2145,7,13,0.023094010767585035,0.011547005383792518,6,0.001,0.010393904070042818,0.010342506381341241,1,1,0.009393904070042817,0.00934250638134124,0.3
Z,coarse,62,mean_worst,0.5,335,335,256,0,2145,7,13,0.023094010767585035,0.011547005383792518,6,0.001,0.009277723674414082,0.009144936256849555,1,1,0.00827772367441408,0.008144936256849554,0.29508196721311475
Z,coarse,63,mean_worst,0.5,335,335,256,0,2145,7,13,0.023094010767585035,0.011547005383792518,6,0.001,0.008569350243601453,0.008545320340654793,1,1,0.007569350243601453,0.007545320340654793,0.2903225806451613
Z,coarse,64,mean_worst,0.5,335,335,256,0,2145,7,13,0.023094010767585035,0.011547005383792518,6,0.001,0.0074513858696478846,0.007398346562452144,1,1,0.0064513858696478845,0.006398346562452144,0.2857142857142857
Z,coarse,65,mean_worst,0.5,335,335,256,0,2145,7,13,0.023094010767585035,0.011547005383792518,6,0.001,0.006390581497215973,0.006377076134438096,1,1,0.005390581497215973,0.005377076134438096,0.28125
Z,coarse,66,mean_worst,0.5,335,335,256,0,2145,7,13,0.023094010767585035,0.011547005383792518,6,0.001,0.005612370533883413,0.005602835737022723,1,1,0.004612370533883413,0.004602835737022723,0.2923076923076923
Z,coarse,67,mean_worst,0.5,335,335,256,0,2145,7,13,0.023094010767585035,0.011547005383792518,6,0.001,0.004830776970237894,0.004781663448479791,1,1,0.0038307769702378936,0.003781663448479791,0.2878787878787879
Z,coarse,68,mean_worst,0.5,335,335,256,0,2145,7,13,0.023094010767585035,0.011547005383792518,6,0.001,0.004174431252311745,0.004158606214969034,1,1,0.0031744312523117454,0.0031586062149690343,0.2835820895522388
Z,coarse,69,mean_worst,0.5,335,335,256,0,2145,7,13,0.023094010767585035,0.011547005383792518,6,0.001,0.003662379274803223,0.0036321381843469774,1,1,0.002662379274803223,0.0026321381843469774,0.27941176470588236
Z,coarse,70,mean_worst,0.5,335,335,256,0,2145,7,13,0.023094010767585035,0.011547005383792518,6,0.001,0.0031531641744895157,0.0031135743641632603,1,1,0.0021531641744895157,0.0021135743641632603,0.2753623188405797
Z,coarse,71,mean_worst,0.5,335,335,256,0,2145,7,13,0.023094010767585035,0.011547005383792518,6,0.001,0.002741996459761346,0.0027139288477557285,1,1,0.0017419964597613462,0.0017139288477557284,0.2714285714285714
Z,coarse,72,mean_worst,0.5,335,335,256,0,2145,7,13,0.023094010767585035,0.011547005383792518,6,0.001,0.002514276527303804,0.0024927733813456246,1,1,0.001514276527303804,0.0014927733813456245,0.2676056338028169
Z,coarse,73,mean_worst,0.5,335,335,256,0,2145,7,13,0.023094010767585035,0.011547005383792518,6,0.001,0.002423629007833747,0.002411829821979035,1,1,0.0014236290078337471,0.001411829821979035,0.2638888888888889
Z,coarse,74,mean_worst,0.5,335,335,256,0,2145,7,13,0.023094010767585035,0.011547005383792518,6,0.001,0.002426330200056034,0.0024155706574265985,1,1,0.0014263302000560338,0.0014155706574265985,0.2602739726027397
Z,coarse,75,mean_worst,0.5,335,335,256,0,2145,7,13,0.023094010767585035,0.011547005383792518,6,0.001,0.002420089715979257,0.0024067752878245683,1,1,0.001420089715979257,0.0014067752878245683,0.25675675675675674
Z,coarse,76,mean_worst,0.5,335,335,256,0,2145,7,13,0.023094010767585035,0.011547005383792518,6,0.001,0.002477395248321745,0.002465044663035704,1,1,0.001477395248321745,0.001465044663035704,0.25333333333333335
Z,coarse,77,mean_worst,0.5,335,335,256,0,2145,7,13,0.023094010767585035,0.011547005383792518,6,0.001,0.002571624045965378,0.002559304021719325,1,1,0.001571624045965378,0.0015593040217193252,0.25
Z,coarse,78,mean_worst,0.5,335,335,256,0,2145,7,13,0.023094010767585035,0.011547005383792518,6,0.001,0.0027185336265446976,0.002691917079869932,1,1,0.0017185336265446976,0.001691917079869932,0.24675324675324675
Z,coarse,79,mean_worst,0.5,335,335,256,0,2145,7,13,0.023094010767585035,0.011547005383792518,6,0.001,0.0025670346184960826,0.0025558798582797737,1,1,0.0015670346184960826,0.0015558798582797737,0.24358974358974358
Z,coarse,80,mean_worst,0.5,335,335,256,0,2145,7,13,0.023094010767585035,0.011547005383792518,6,0.001,0.002670062194694464,0.00265583159656417,1,1,0.001670062194694464,0.00165583159656417,0.24050632911392406
Z,coarse,81,mean_worst,0.5,335,335,256,0,2145,7,13,0.023094010767585035,0.011547005383792518,6,0.001,0.002814688036455717,0.0027837572780008164,1,1,0.001814688036455717,0.0017837572780008163,0.2375
Z,coarse,82,mean_worst,0.5,335,335,256,0,2145,7,13,0.023094010767585035,0.011547005383792518,6,0.001,0.002941073846541209,0.0029266315082626224,1,1,0.0019410738465412089,0.0019266315082626224,0.2345679012345679
Z,coarse,83,mean_worst,0.5,335,335,256,0,2145,7,13,0.023094010767585035,0.011547005383792518,6,0.001,0.003144780150334481,0.0031030291807277437,1,1,0.002144780150334481,0.0021030291807277437,0.23170731707317074
Z,coarse,84,mean_worst,0.5,335,335,256,0,2145,7,13,0.023094010767585035,0.011547005383792518,6,0.001,0.0033608456267676897,0.0033367597932515477,1,1,0.0023608456267676897,0.0023367597932515477,0.2289156626506024
Z,coarse,85,mean_worst,0.5,335,335,256,0,2145,7,13,0.023094010767585035,0.011547005383792518,6,0.001,0.0037678946439895877,0.0037307945174274567,1,1,0.0027678946439895877,0.0027307945174274567,0.2261904761904762
Z,coarse,86,mean_worst,0.5,335,335,256,0,2145,7,13,0.023094010767585035,0.011547005383792518,6,0.001,0.00430891128224902,0.004277062760423276,1,1,0.0033089112822490196,0.0032770627604232763,0.2235294117647059
Z,coarse,87,mean_worst,0.5,335,335,256,0,2145,7,13,0.023094010767585035,0.011547005383792518,6,0.001,0.004915524399288206,0.004869179739458131,1,1,0.003915524399288206,0.0038691797394581314,0.22093023255813954
Z,coarse,88,mean_worst,0.5,335,335,256,0,2145,7,13,0.023094010767585035,0.011547005383792518,6,0.001,0.005555130577648104,0.005502346066483562,1,1,0.004555130577648104,0.004502346066483562,0.21839080459770116
Z,coarse,89,mean_worst,0.5,335,335,256,0,2145,7,13,0.023094010767585035,0.011547005383792518,6,0.001,0.006162975942403859,0.006103221272565533,1,1,0.005162975942403859,0.005103221272565533,0.2159090909090909
Z,coarse,90,mean_worst,0.5,335,335,256,0,2145,7,13,0.023094010767585035,0.011547005383792518,6,0.001,0.006900996226363469,0.006856330310882702,1,1,0.005900996226363469,0.005856330310882702,0.21348314606741572
Z,coarse,91,mean_worst,0.5,335,335,256,0,2145,7,13,0.023094010767585035,0.011547005383792518,6,0.001,0.007697052715604787,0.007605750949229415,1,1,0.006697052715604787,0.006605750949229415,0.2111111111111111
Z,coarse,92,mean_worst,0.5,335,335,256,0,2145,7,13,0.023094010767585035,0.011547005383792518,6,0.001,0.008478429018896632,0.008422890893705556,1,1,0.007478429018896632,0.007422890893705556,0.2087912087912088
Z,coarse,93,mean_worst,0.5,335,335,256,0,2145,7,13,0.023094010767585035,0.011547005383792518,6,0.001,0.009105952527536394,0.009092572776648024,1,1,0.008105952527536393,0.008092572776648023,0.20652173913043478
Z,coarse,94,mean_worst,0.5,335,335,256,0,2145,7,13,0.023094010767585035,0.011547005383792518,6,0.001,0.009705596812616032,0.009594903520140339,1,1,0.008705596812616033,0.008594903520140338,0.20430107526881722
Z,coarse,95,mean_worst,0.5,335,335,256,0,2145,7,13,0.023094010767585035,0.011547005383792518,6,0.001,0.010570062395486838,0.010422573323694975,1,1,0.009570062395486838,0.009422573323694974,0.20212765957446807
Z,coarse,96,mean_worst,0.5,335,335,256,0,2145,7,13,0.023094010767585035,0.011547005383792518,6,0.001,0.011514821828123667,0.011343587755503454,1,1,0.010514821828123667,0.010343587755503453,0.2
Z,coarse,97,mean_worst,0.5,335,335,256,0,2145,7,13,0.023094010767585035,0.011547005383792518,6,0.001,0.012267835674614994,0.012147721494186692,1,1,0.011267835674614993,0.011147721494186691,0.19791666666666666
Z,coarse,98,mean_worst,0.5,335,335,256,0,2145,7,13,0.023094010767585035,0.011547005383792518,6,0.001,0.01187654932217272,0.011730750486966382,1,1,0.010876549322172718,0.010730750486966381,0.1958762886597938
Z,coarse,99,mean_worst,0.5,335,335,256,0,2145,7,13,0.023094010767585035,0.011547005383792518,6,0.001,0.012749674635925499,0.012602969811925682,1,1,0.011749674635925498,0.01160296981192568,0.19387755102040816
Z,hard_augmented,1,mean_worst,0.5,549,335,256,214,2145,7,13,0.023094010767585035,0.011547005383792518,6,0.001,0.0029644907171229645,0.003032417709027278,1,1,0.0019644907171229645,0.0020324177090272778,0.0
Z,hard_augmented,2,mean_worst,0.5,549,335,256,214,2145,7,13,0.023094010767585035,0.011547005383792518,6,0.001,0.0030482184033257366,0.003085448241972935,1,1,0.0020482184033257366,0.002085448241972935,0.0
Z,hard_augmented,3,mean_worst,0.5,549,335,256,214,2145,7,13,0.023094010767585035,0.011547005383792518,6,0.001,0.003513859743187157,0.0035440947561106483,1,1,0.002513859743187157,0.0025440947561106483,0.0
Z,hard_augmented,4,mean_worst,0.5,549,335,256,214,2145,7,13,0.023094010767585035,0.011547005383792518,6,0.001,0.0037982213074276598,0.0038999952506337207,1,1,0.0027982213074276598,0.0028999952506337206,0.0
Z,hard_augmented,5,mean_worst,0.5,549,335,256,214,2145,7,13,0.023094010767585035,0.011547005383792518,6,0.001,0.004324451957699035,0.004437951177516705,1,1,0.0033244519576990346,0.003437951177516705,0.0
Z,hard_augmented,6,mean_worst,0.5,549,335,256,214,2145,7,13,0.023094010767585035,0.011547005383792518,6,0.001,0.004753343556769107,0.004945681160783509,1,1,0.0037533435567691066,0.003945681160783509,0.0
Z,hard_augmented,7,mean_worst,0.5,549,335,256,214,2145,7,13,0.023094010767585035,0.011547005383792518,6,0.001,0.005292451965636576,0.005527799117202023,1,1,0.004292451965636576,0.004527799117202023,0.0
Z,hard_augmented,8,mean_worst,0.5,549,335,256,214,2145,7,13,0.023094010767585035,0.011547005383792518,6,0.001,0.005929406065362415,0.006153748620278751,1,1,0.004929406065362415,0.005153748620278751,0.14285714285714285
Z,hard_augmented,9,mean_worst,0.5,549,335,256,214,2145,7,13,0.023094010767585035,0.011547005383792518,6,0.001,0.006594875217215811,0.006800362594155937,1,1,0.005594875217215811,0.005800362594155937,0.125
Z,hard_augmented,10,mean_worst,0.5,549,335,256,214,2145,7,13,0.023094010767585035,0.011547005383792518,6,0.001,0.006149794616568826,0.006616346208512099,1,1,0.005149794616568826,0.005616346208512099,0.1111111111111111
Z,hard_augmented,11,mean_worst,0.5,549,335,256,214,2145,7,13,0.023094010767585035,0.011547005383792518,6,0.001,0.006398634326758513,0.006608053418672429,1,1,0.005398634326758513,0.005608053418672429,0.1
Z,hard_augmented,12,mean_worst,0.5,549,335,256,214,2145,7,13,0.023094010767585035,0.011547005383792518,6,0.001,0.006665830854986336,0.006990779497926912,1,1,0.005665830854986336,0.005990779497926912,0.09090909090909091
Z,hard_augmented,13,mean_worst,0.5,549,335,256,214,2145,7,13,0.023094010767585035,0.011547005383792518,6,0.001,0.007201672118534719,0.007572167772675774,1,1,0.006201672118534719,0.006572167772675774,0.08333333333333333
Z,hard_augmented,14,mean_worst,0.5,549,335,256,214,2145,7,13,0.023094010767585035,0.011547005383792518,6,0.001,0.007860233978002378,0.00829164761760053,1,1,0.006860233978002378,0.007291647617600531,0.07692307692307693
Z,hard_augmented,15,mean_worst,0.5,549,335,256,214,2145,7,13,0.023094010767585035,0.011547005383792518,6,0.001,0.008434104248316057,0.009035900988947871,1,1,0.0074341042483160565,0.00803590098894787,0.07142857142857142
Z,hard_augmented,16,mean_worst,0.5,549,335,256,214,2145,7,13,0.023094010767585035,0.011547005383792518,6,0.001,0.009044976464465703,0.009674956723691345,1,1,0.008044976464465704,0.008674956723691344,0.06666666666666667
Z,hard_augmented,17,mean_worst,0.5,549,335,256,214,2145,7,13,0.023094010767585035,0.011547005383792518,6,0.001,0.009415969230697986,0.010120342337316967,1,1,0.008415969230697987,0.009120342337316966,0.0625
Z,hard_augmented,18,mean_worst,0.5,549,335,256,214,2145,7,13,0.023094010767585035,0.011547005383792518,6,0.001,0.010367426532090085,0.011126120425356135,1,1,0.009367426532090085,0.010126120425356135,0.11764705882352941
Z,hard_augmented,19,mean_worst,0.5,549,335,256,214,2145,7,13,0.023094010767585035,0.011547005383792518,6,0.001,0.010700438430081569,0.01148343316217312,1,1,0.00970043843008157,0.010483433162173119,0.1111111111111111
Z,hard_augmented,20,mean_worst,0.5,549,335,256,214,2145,7,13,0.023094010767585035,0.011547005383792518,6,0.001,0.010228536390310398,0.010940935810265728,1,1,0.009228536390310398,0.009940935810265727,0.10526315789473684
Z,hard_augmented,21,mean_worst,0.5,549,335,256,214,2145,7,13,0.023094010767585035,0.011547005383792518,6,0.001,0.010518622878299496,0.011138081734034404,1,1,0.009518622878299497,0.010138081734034403,0.1
Z,hard_augmented,22,mean_worst,0.5,549,335,256,214,2145,7,13,0.023094010767585035,0.011547005383792518,6,0.001,0.01013125700670619,0.01075228738675876,1,1,0.009131257006706191,0.009752287386758759,0.09523809523809523
Z,hard_augmented,23,mean_worst,0.5,549,335,256,214,2145,7,13,0.023094010767585035,0.011547005383792518,6,0.001,0.010686005398744189,0.011317493853698108,1,1,0.009686005398744188,0.01031749385369811,0.09090909090909091
Z,hard_augmented,24,mean_worst,0.5,549,335,256,214,2145,7,13,0.023094010767585035,0.011547005383792518,6,0.001,0.007590982446053298,0.00790850123813032,1,1,0.006590982446053298,0.006908501238130319,0.08695652173913043
Z,hard_augmented,25,mean_worst,0.5,549,335,256,214,2145,7,13,0.023094010767585035,0.011547005383792518,6,0.001,0.007657283060685218,0.007901375420370602,1,1,0.006657283060685218,0.006901375420370602,0.08333333333333333
Z,hard_augmented,26,mean_worst,0.5,549,335,256,214,2145,7,13,0.023094010767585035,0.011547005383792518,6,0.001,0.007733199659971623,0.007859054462757024,1,1,0.006733199659971623,0.006859054462757024,0.08
Z,hard_augmented,27,mean_worst,0.5,549,335,256,214,2145,7,13,0.023094010767585035,0.011547005383792518,6,0.001,0.0076816270473776885,0.007752676710327113,1,1,0.0066816270473776885,0.006752676710327113,0.07692307692307693
Z,hard_augmented,28,mean_worst,0.5,549,335,256,214,2145,7,13,0.023094010767585035,0.011547005383792518,6,0.001,0.0075589638442345765,0.007580582698733273,1,1,0.0065589638442345765,0.006580582698733273,0.07407407407407407
Z,hard_augmented,29,mean_worst,0.5,549,335,256,214,2145,7,13,0.023094010767585035,0.011547005383792518,6,0.001,0.008005946176660641,0.008060072839032678,1,1,0.007005946176660641,0.007060072839032678,0.07142857142857142
Z,hard_augmented,30,mean_worst,0.5,549,335,256,214,2145,7,13,0.023094010767585035,0.011547005383792518,6,0.001,0.008273430997174785,0.008247011090174498,1,1,0.0072734309971747855,0.007247011090174498,0.06896551724137931
Z,hard_augmented,31,mean_worst,0.5,549,335,256,214,2145,7,13,0.023094010767585035,0.011547005383792518,6,0.001,0.009053497268094478,0.009009222960400607,1,1,0.008053497268094477,0.008009222960400606,0.06666666666666667
Z,hard_augmented,32,mean_worst,0.5,549,335,256,214,2145,7,13,0.023094010767585035,0.011547005383792518,6,0.001,0.009970027484768428,0.010021410239680225,1,1,0.008970027484768429,0.009021410239680224,0.06451612903225806
Z,hard_augmented,33,mean_worst,0.5,549,335,256,214,2145,7,13,0.023094010767585035,0.011547005383792518,6,0.001,0.011140285457332075,0.011147152448798773,1,1,0.010140285457332074,0.010147152448798772,0.0625
Z,hard_augmented,34,mean_worst,0.5,549,335,256,214,2145,7,13,0.023094010767585035,0.011547005383792518,6,0.001,0.011463204684525106,0.011525834316313264,1,1,0.010463204684525107,0.010525834316313265,0.06060606060606061
Z,hard_augmented,35,mean_worst,0.5,549,335,256,214,2145,7,13,0.023094010767585035,0.011547005383792518,6,0.001,0.00924475615357691,0.009758925462601927,1,1,0.00824475615357691,0.008758925462601926,0.058823529411764705
Z,hard_augmented,36,mean_worst,0.5,549,335,256,214,2145,7,13,0.023094010767585035,0.011547005383792518,6,0.001,0.009113287365853453,0.009737002396442563,1,1,0.008113287365853452,0.008737002396442563,0.08571428571428572
Z,hard_augmented,37,mean_worst,0.5,549,335,256,214,2145,7,13,0.023094010767585035,0.011547005383792518,6,0.001,0.009200666826327059,0.009846197572382948,1,1,0.008200666826327058,0.008846197572382947,0.1111111111111111
Z,hard_augmented,38,mean_worst,0.5,549,335,256,214,2145,7,13,0.023094010767585035,0.011547005383792518,6,0.001,0.00847613665121071,0.009262855494899778,1,1,0.007476136651210711,0.008262855494899777,0.10810810810810811
Z,hard_augmented,39,mean_worst,0.5,549,335,256,214,2145,7,13,0.023094010767585035,0.011547005383792518,6,0.001,0.008198094032107455,0.00905547293384279,1,1,0.007198094032107455,0.008055472933842789,0.10526315789473684
Z,hard_augmented,40,mean_worst,0.5,549,335,256,214,2145,7,13,0.023094010767585035,0.011547005383792518,6,0.001,0.007972546348658415,0.008812308075805013,1,1,0.006972546348658415,0.007812308075805013,0.10256410256410256
Z,hard_augmented,41,mean_worst,0.5,549,335,256,214,2145,7,13,0.023094010767585035,0.011547005383792518,6,0.001,0.006666422447890601,0.007278070829269978,1,1,0.005666422447890601,0.006278070829269978,0.1
Z,hard_augmented,42,mean_worst,0.5,549,335,256,214,2145,7,13,0.023094010767585035,0.011547005383792518,6,0.001,0.006287691511624574,0.006907794123183512,1,1,0.005287691511624574,0.005907794123183512,0.0975609756097561
Z,hard_augmented,43,mean_worst,0.5,549,335,256,214,2145,7,13,0.023094010767585035,0.011547005383792518,6,0.001,0.005901604974217314,0.006539703386686569,1,1,0.004901604974217314,0.005539703386686569,0.09523809523809523
Z,hard_augmented,44,mean_worst,0.5,549,335,256,214,2145,7,13,0.023094010767585035,0.011547005383792518,6,0.001,0.00512501162363865,0.005633442010609448,1,1,0.00412501162363865,0.004633442010609448,0.09302325581395349
Z,hard_augmented,45,mean_worst,0.5,549,335,256,214,2145,7,13,0.023094010767585035,0.011547005383792518,6,0.001,0.0051668292369188296,0.005620786545196191,1,1,0.0041668292369188295,0.004620786545196191,0.09090909090909091
Z,hard_augmented,46,mean_worst,0.5,549,335,256,214,2145,7,13,0.023094010767585035,0.011547005383792518,6,0.001,0.00473402591502199,0.004888527762911984,1,1,0.00373402591502199,0.0038885277629119837,0.08888888888888889
Z,hard_augmented,47,mean_worst,0.5,549,335,256,214,2145,7,13,0.023094010767585035,0.011547005383792518,6,0.001,0.004748588260360859,0.004852404933998175,1,1,0.0037485882603608594,0.003852404933998175,0.08695652173913043
Z,hard_augmented,48,mean_worst,0.5,549,335,256,214,2145,7,13,0.023094010767585035,0.011547005383792518,6,0.001,0.0049921090649528675,0.004874730273015248,1,1,0.0039921090649528675,0.0038747302730152483,0.0851063829787234
Z,hard_augmented,49,mean_worst,0.5,549,335,256,214,2145,7,13,0.023094010767585035,0.011547005383792518,6,0.001,0.005431407336205679,0.005181546352849337,1,1,0.004431407336205679,0.004181546352849337,0.08333333333333333
Z,hard_augmented,50,mean_worst,0.5,549,335,256,214,2145,7,13,0.023094010767585035,0.011547005383792518,6,0.001,0.005817004983813068,0.005421171289594282,1,1,0.004817004983813068,0.004421171289594282,0.08163265306122448
Z,hard_augmented,51,mean_worst,0.5,549,335,256,214,2145,7,13,0.023094010767585035,0.011547005383792518,6,0.001,0.005900525397030729,0.005362196394597965,1,1,0.004900525397030729,0.004362196394597965,0.08
Z,hard_augmented,52,mean_worst,0.5,549,335,256,214,2145,7,13,0.023094010767585035,0.011547005383792518,6,0.001,0.00545213240144371,0.004786371476729022,1,1,0.00445213240144371,0.003786371476729022,0.0784313725490196
Z,hard_augmented,53,mean_worst,0.5,549,335,256,214,2145,7,13,0.023094010767585035,0.011547005383792518,6,0.001,0.005700108005908627,0.0049827580588195025,1,1,0.004700108005908627,0.0039827580588195025,0.07692307692307693
Z,hard_augmented,54,mean_worst,0.5,549,335,256,214,2145,7,13,0.023094010767585035,0.011547005383792518,6,0.001,0.006055891894135206,0.005237154934877374,1,1,0.005055891894135206,0.004237154934877374,0.07547169811320754
Z,hard_augmented,55,mean_worst,0.5,549,335,256,214,2145,7,13,0.023094010767585035,0.011547005383792518,6,0.001,0.006501189594209502,0.005491781224620292,1,1,0.005501189594209502,0.004491781224620292,0.07407407407407407
Z,hard_augmented,56,mean_worst,0.5,549,335,256,214,2145,7,13,0.023094010767585035,0.011547005383792518,6,0.001,0.005847411987301395,0.005048042547579492,1,1,0.004847411987301395,0.004048042547579492,0.07272727272727272
Z,hard_augmented,57,mean_worst,0.5,549,335,256,214,2145,7,13,0.023094010767585035,0.011547005383792518,6,0.001,0.005718974687719283,0.00502097979634916,1,1,0.004718974687719283,0.00402097979634916,0.07142857142857142
Z,hard_augmented,58,mean_worst,0.5,549,335,256,214,2145,7,13,0.023094010767585035,0.011547005383792518,6,0.001,0.005792705610752138,0.005286647835542101,1,1,0.004792705610752138,0.004286647835542101,0.07017543859649122
Z,hard_augmented,59,mean_worst,0.5,549,335,256,214,2145,7,13,0.023094010767585035,0.011547005383792518,6,0.001,0.005659974280734055,0.00536284867572568,1,1,0.004659974280734055,0.00436284867572568,0.06896551724137931
Z,hard_augmented,60,mean_worst,0.5,549,335,256,214,2145,7,13,0.023094010767585035,0.011547005383792518,6,0.001,0.006154834404873382,0.0057942221499077615,1,1,0.005154834404873382,0.0047942221499077614,0.06779661016949153
Z,hard_augmented,61,mean_worst,0.5,549,335,256,214,2145,7,13,0.023094010767585035,0.011547005383792518,6,0.001,0.00624223551258244,0.005966093156927298,1,1,0.00524223551258244,0.004966093156927298,0.06666666666666667
Z,hard_augmented,62,mean_worst,0.5,549,335,256,214,2145,7,13,0.023094010767585035,0.011547005383792518,6,0.001,0.006731786371069159,0.006525900833610361,1,1,0.005731786371069159,0.005525900833610361,0.08196721311475409
Z,hard_augmented,63,mean_worst,0.5,549,335,256,214,2145,7,13,0.023094010767585035,0.011547005383792518,6,0.001,0.0073533443163783015,0.007178358902608984,1,1,0.0063533443163783015,0.006178358902608984,0.0967741935483871
Z,hard_augmented,64,mean_worst,0.5,549,335,256,214,2145,7,13,0.023094010767585035,0.011547005383792518,6,0.001,0.006814013157554496,0.006823458330195173,1,1,0.005814013157554496,0.005823458330195173,0.09523809523809523
Z,hard_augmented,65,mean_worst,0.5,549,335,256,214,2145,7,13,0.023094010767585035,0.011547005383792518,6,0.001,0.0072084206183400425,0.007170793210608188,1,1,0.0062084206183400424,0.006170793210608188,0.09375
Z,hard_augmented,66,mean_worst,0.5,549,335,256,214,2145,7,13,0.023094010767585035,0.011547005383792518,6,0.001,0.007344266791760519,0.007282216075847841,1,1,0.006344266791760519,0.006282216075847841,0.09230769230769231
Z,hard_augmented,67,mean_worst,0.5,549,335,256,214,2145,7,13,0.023094010767585035,0.011547005383792518,6,0.001,0.0069942066678096325,0.006910809111708134,1,1,0.005994206667809632,0.005910809111708134,0.09090909090909091
Z,hard_augmented,68,mean_worst,0.5,549,335,256,214,2145,7,13,0.023094010767585035,0.011547005383792518,6,0.001,0.00480795480894162,0.004873701295482638,1,1,0.00380795480894162,0.0038737012954826377,0.08955223880597014
Z,hard_augmented,69,mean_worst,0.5,549,335,256,214,2145,7,13,0.023094010767585035,0.011547005383792518,6,0.001,0.004552570477637897,0.004650891013632105,1,1,0.003552570477637897,0.003650891013632105,0.10294117647058823
Z,hard_augmented,70,mean_worst,0.5,549,335,256,214,2145,7,13,0.023094010767585035,0.011547005383792518,6,0.001,0.004187898974717787,0.004297578676928924,1,1,0.003187898974717787,0.003297578676928924,0.10144927536231885
Z,hard_augmented,71,mean_worst,0.5,549,335,256,214,2145,7,13,0.023094010767585035,0.011547005383792518,6,0.001,0.003969375379984322,0.0041048547231850125,1,1,0.0029693753799843216,0.0031048547231850125,0.11428571428571428
Z,hard_augmented,72,mean_worst,0.5,549,335,256,214,2145,7,13,0.023094010767585035,0.011547005383792518,6,0.001,0.00346875749911199,0.003619410135766713,1,1,0.00246875749911199,0.002619410135766713,0.11267605633802817
Z,hard_augmented,73,mean_worst,0.5,549,335,256,214,2145,7,13,0.023094010767585035,0.011547005383792518,6,0.001,0.0034304923717649763,0.0035596504177765405,1,1,0.0024304923717649763,0.0025596504177765405,0.1111111111111111
Z,hard_augmented,74,mean_worst,0.5,549,335,256,214,2145,7,13,0.023094010767585035,0.011547005383792518,6,0.001,0.0034857543230867346,0.0035689347367851634,1,1,0.0024857543230867346,0.0025689347367851634,0.1095890410958904
Z,hard_augmented,75,mean_worst,0.5,549,335,256,214,2145,7,13,0.023094010767585035,0.011547005383792518,6,0.001,0.003682913075339412,0.0037911766973732367,1,1,0.002682913075339412,0.0027911766973732367,0.10810810810810811
Z,hard_augmented,76,mean_worst,0.5,549,335,256,214,2145,7,13,0.023094010767585035,0.011547005383792518,6,0.001,0.004018529342630055,0.004128496260630409,1,1,0.0030185293426300552,0.0031284962606304093,0.10666666666666667
Z,hard_augmented,77,mean_worst,0.5,549,335,256,214,2145,7,13,0.023094010767585035,0.011547005383792518,6,0.001,0.004457602338669627,0.004533542618870064,1,1,0.003457602338669627,0.0035335426188700643,0.10526315789473684
Z,hard_augmented,78,mean_worst,0.5,549,335,256,214,2145,7,13,0.023094010767585035,0.011547005383792518,6,0.001,0.004953753039911529,0.004800889985944136,1,1,0.003953753039911529,0.0038008899859441362,0.1038961038961039
Z,hard_augmented,79,mean_worst,0.5,549,335,256,214,2145,7,13,0.023094010767585035,0.011547005383792518,6,0.001,0.004990678936597562,0.00474524634331178,1,1,0.003990678936597562,0.00374524634331178,0.10256410256410256
Z,hard_augmented,80,mean_worst,0.5,549,335,256,214,2145,7,13,0.023094010767585035,0.011547005383792518,6,0.001,0.005312233110903045,0.005143755174379311,1,1,0.004312233110903045,0.004143755174379311,0.10126582278481013
Z,hard_augmented,81,mean_worst,0.5,549,335,256,214,2145,7,13,0.023094010767585035,0.011547005383792518,6,0.001,0.005423287084984135,0.005057430586930301,1,1,0.004423287084984135,0.004057430586930301,0.1
Z,hard_augmented,82,mean_worst,0.5,549,335,256,214,2145,7,13,0.023094010767585035,0.011547005383792518,6,0.001,0.005712901294806514,0.005356152649739366,1,1,0.004712901294806514,0.004356152649739366,0.09876543209876543
Z,hard_augmented,83,mean_worst,0.5,549,335,256,214,2145,7,13,0.023094010767585035,0.011547005383792518,6,0.001,0.00620807301254922,0.005700455603276368,1,1,0.00520807301254922,0.004700455603276368,0.0975609756097561
Z,hard_augmented,84,mean_worst,0.5,549,335,256,214,2145,7,13,0.023094010767585035,0.011547005383792518,6,0.001,0.006767204796946631,0.00613396711833524,1,1,0.005767204796946631,0.00513396711833524,0.0963855421686747
Z,hard_augmented,85,mean_worst,0.5,549,335,256,214,2145,7,13,0.023094010767585035,0.011547005383792518,6,0.001,0.007179927975312194,0.006386763299326061,1,1,0.006179927975312194,0.005386763299326061,0.09523809523809523
Z,hard_augmented,86,mean_worst,0.5,549,335,256,214,2145,7,13,0.023094010767585035,0.011547005383792518,6,0.001,0.007849286562164205,0.0069737013505617,1,1,0.0068492865621642045,0.0059737013505617,0.09411764705882353
Z,hard_augmented,87,mean_worst,0.5,549,335,256,214,2145,7,13,0.023094010767585035,0.011547005383792518,6,0.001,0.008585086456039514,0.007581652077248605,1,1,0.007585086456039514,0.0065816520772486046,0.09302325581395349
Z,hard_augmented,88,mean_worst,0.5,549,335,256,214,2145,7,13,0.023094010767585035,0.011547005383792518,6,0.001,0.009571909568818458,0.008364410589518157,1,1,0.008571909568818457,0.007364410589518157,0.09195402298850575
Z,hard_augmented,89,mean_worst,0.5,549,335,256,214,2145,7,13,0.023094010767585035,0.011547005383792518,6,0.001,0.009539915522109064,0.008392901707926309,1,1,0.008539915522109063,0.007392901707926309,0.09090909090909091
Z,hard_augmented,90,mean_worst,0.5,549,335,256,214,2145,7,13,0.023094010767585035,0.011547005383792518,6,0.001,0.010164550810670334,0.008654530199977216,1,1,0.009164550810670333,0.007654530199977216,0.0898876404494382
Z,hard_augmented,91,mean_worst,0.5,549,335,256,214,2145,7,13,0.023094010767585035,0.011547005383792518,6,0.001,0.010507727805973062,0.008997278898532536,1,1,0.009507727805973063,0.007997278898532537,0.08888888888888889
Z,hard_augmented,92,mean_worst,0.5,549,335,256,214,2145,7,13,0.023094010767585035,0.011547005383792518,6,0.001,0.011491271185273853,0.009882418184595855,1,1,0.010491271185273852,0.008882418184595856,0.08791208791208792
Z,hard_augmented,93,mean_worst,0.5,549,335,256,214,2145,7,13,0.023094010767585035,0.011547005383792518,6,0.001,0.011401096932937393,0.010083551806016357,1,1,0.010401096932937393,0.009083551806016357,0.08695652173913043
Z,hard_augmented,94,mean_worst,0.5,549,335,256,214,2145,7,13,0.023094010767585035,0.011547005383792518,6,0.001,0.012166674854574554,0.010936532097412657,1,1,0.011166674854574555,0.009936532097412656,0.08602150537634409
Z,hard_augmented,95,mean_worst,0.5,549,335,256,214,2145,7,13,0.023094010767585035,0.011547005383792518,6,0.001,0.011199777699942282,0.009935022337541418,1,1,0.010199777699942281,0.00893502233754142,0.0851063829787234
Z,hard_augmented,96,mean_worst,0.5,549,335,256,214,2145,7,13,0.023094010767585035,0.011547005383792518,6,0.001,0.0111728238517005,0.010536297790822649,1,1,0.0101728238517005,0.00953629779082265,0.08421052631578947
Z,hard_augmented,97,mean_worst,0.5,549,335,256,214,2145,7,13,0.023094010767585035,0.011547005383792518,6,0.001,0.009601910850542052,0.00887804745020256,1,1,0.00860191085054205,0.007878047450202558,0.08333333333333333
Z,hard_augmented,98,mean_worst,0.5,549,335,256,214,2145,7,13,0.023094010767585035,0.011547005383792518,6,0.001,0.009446573010313774,0.008872673434235156,1,1,0.008446573010313773,0.007872673434235155,0.09278350515463918
Z,hard_augmented,99,mean_worst,0.5,549,335,256,214,2145,7,13,0.023094010767585035,0.011547005383792518,6,0.001,0.009180770815389677,0.008647526662755818,1,1,0.008180770815389676,0.007647526662755818,0.09183673469387756
H,coarse,1,mean_worst,0.5,335,335,256,0,2145,7,13,0.023094010767585035,0.011547005383792518,8,0.001,0.001883191378680389,0.0018597043390108513,1,1,0.0008831913786803889,0.0008597043390108513,0.0
H,coarse,2,mean_worst,0.5,335,335,256,0,2145,7,13,0.023094010767585035,0.011547005383792518,8,0.001,0.002272753598503714,0.0022417122108074347,1,1,0.0012727535985037138,0.0012417122108074347,0.0
H,coarse,3,mean_worst,0.5,335,335,256,0,2145,7,13,0.023094010767585035,0.011547005383792518,8,0.001,0.002733216644845032,0.002686205659284101,1,1,0.001733216644845032,0.001686205659284101,0.0
H,coarse,4,mean_worst,0.5,335,335,256,0,2145,7,13,0.023094010767585035,0.011547005383792518,8,0.001,0.0032465064336860815,0.0031905668836363452,1,1,0.0022465064336860815,0.002190566883636345,0.3333333333333333
H,coarse,5,mean_worst,0.5,335,335,256,0,2145,7,13,0.023094010767585035,0.011547005383792518,8,0.001,0.003808147541536202,0.003745706280770436,1,1,0.002808147541536202,0.002745706280770436,0.25
H,coarse,6,mean_worst,0.5,335,335,256,0,2145,7,13,0.023094010767585035,0.011547005383792518,8,0.001,0.004411130180234599,0.004330118197354189,1,1,0.003411130180234599,0.0033301181973541894,0.2
H,coarse,7,mean_worst,0.5,335,335,256,0,2145,7,13,0.023094010767585035,0.011547005383792518,8,0.001,0.004500599416774772,0.0044403718942654866,1,1,0.003500599416774772,0.0034403718942654865,0.16666666666666666
H,coarse,8,mean_worst,0.5,335,335,256,0,2145,7,13,0.023094010767585035,0.011547005383792518,8,0.001,0.004920458252073372,0.004870744408514116,1,1,0.003920458252073372,0.0038707444085141164,0.14285714285714285
H,coarse,9,mean_worst,0.5,335,335,256,0,2145,7,13,0.023094010767585035,0.011547005383792518,8,0.001,0.004659340670776804,0.00458198865951008,1,1,0.0036593406707768044,0.0035819886595100797,0.125
H,coarse,10,mean_worst,0.5,335,335,256,0,2145,7,13,0.023094010767585035,0.011547005383792518,8,0.001,0.004628513108460209,0.004563919597531096,1,1,0.0036285131084602086,0.0035639195975310962,0.1111111111111111
H,coarse,11,mean_worst,0.5,335,335,256,0,2145,7,13,0.023094010767585035,0.011547005383792518,8,0.001,0.005103731377361325,0.005035435567152947,1,1,0.004103731377361325,0.004035435567152947,0.1
H,coarse,12,mean_worst,0.5,335,335,256,0,2145,7,13,0.023094010767585035,0.011547005383792518,8,0.001,0.00514189404466377,0.005101714645943918,1,1,0.00414189404466377,0.004101714645943918,0.09090909090909091
H,coarse,13,mean_worst,0.5,335,335,256,0,2145,7,13,0.023094010767585035,0.011547005383792518,8,0.001,0.005740609508162933,0.005693473829994204,1,1,0.004740609508162933,0.004693473829994204,0.08333333333333333
H,coarse,14,mean_worst,0.5,335,335,256,0,2145,7,13,0.023094010767585035,0.011547005383792518,8,0.001,0.005802284684974755,0.005786851262259246,1,1,0.004802284684974755,0.004786851262259246,0.07692307692307693
H,coarse,15,mean_worst,0.5,335,335,256,0,2145,7,13,0.023094010767585035,0.011547005383792518,8,0.001,0.005009002995744359,0.0049542114911483495,1,1,0.004009002995744359,0.003954211491148349,0.07142857142857142
H,coarse,16,mean_worst,0.5,335,335,256,0,2145,7,13,0.023094010767585035,0.011547005383792518,8,0.001,0.005281265586554072,0.005233774109270559,1,1,0.004281265586554072,0.004233774109270559,0.06666666666666667
H,coarse,17,mean_worst,0.5,335,335,256,0,2145,7,13,0.023094010767585035,0.011547005383792518,8,0.001,0.005288156593856537,0.005328016728151861,1,1,0.004288156593856537,0.004328016728151861,0.125
H,coarse,18,mean_worst,0.5,335,335,256,0,2145,7,13,0.023094010767585035,0.011547005383792518,8,0.001,0.00524197504189438,0.005169714671073457,1,1,0.00424197504189438,0.004169714671073457,0.17647058823529413
H,coarse,19,mean_worst,0.5,335,335,256,0,2145,7,13,0.023094010767585035,0.011547005383792518,8,0.001,0.005421238014029158,0.005442942453548802,1,1,0.004421238014029158,0.004442942453548802,0.2222222222222222
H,coarse,20,mean_worst,0.5,335,335,256,0,2145,7,13,0.023094010767585035,0.011547005383792518,8,0.001,0.005286781040861983,0.005241009146984523,1,1,0.004286781040861983,0.004241009146984523,0.21052631578947367
H,coarse,21,mean_worst,0.5,335,335,256,0,2145,7,13,0.023094010767585035,0.011547005383792518,8,0.001,0.005548641493072773,0.005546125303345395,1,1,0.004548641493072773,0.004546125303345395,0.25
H,coarse,22,mean_worst,0.5,335,335,256,0,2145,7,13,0.023094010767585035,0.011547005383792518,8,0.001,0.004991483487728139,0.0049497287128358065,1,1,0.003991483487728139,0.0039497287128358064,0.23809523809523808
H,coarse,23,mean_worst,0.5,335,335,256,0,2145,7,13,0.023094010767585035,0.011547005383792518,8,0.001,0.005344647380274351,0.005288562007813477,1,1,0.004344647380274351,0.004288562007813477,0.2727272727272727
H,coarse,24,mean_worst,0.5,335,335,256,0,2145,7,13,0.023094010767585035,0.011547005383792518,8,0.001,0.005663618447166146,0.005598432572612567,1,1,0.004663618447166146,0.004598432572612567,0.2608695652173913
H,coarse,25,mean_worst,0.5,335,335,256,0,2145,7,13,0.023094010767585035,0.011547005383792518,8,0.001,0.00580333225303075,0.0057063760811469876,1,1,0.0048033322530307496,0.0047063760811469875,0.25
H,coarse,26,mean_worst,0.5,335,335,256,0,2145,7,13,0.023094010767585035,0.011547005383792518,8,0.001,0.005393373380421788,0.005313050290740571,1,1,0.004393373380421788,0.004313050290740571,0.24
H,coarse,27,mean_worst,0.5,335,335,256,0,2145,7,13,0.023094010767585035,0.011547005383792518,8,0.001,0.005893251799348749,0.005804556633322114,1,1,0.004893251799348749,0.004804556633322114,0.23076923076923078
H,coarse,28,mean_worst,0.5,335,335,256,0,2145,7,13,0.023094010767585035,0.011547005383792518,8,0.001,0.006614726323864792,0.006491930690201942,1,1,0.005614726323864792,0.005491930690201942,0.2222222222222222
H,coarse,29,mean_worst,0.5,335,335,256,0,2145,7,13,0.023094010767585035,0.011547005383792518,8,0.001,0.006747936705650739,0.006625426644802341,1,1,0.005747936705650739,0.005625426644802341,0.21428571428571427
H,coarse,30,mean_worst,0.5,335,335,256,0,2145,7,13,0.023094010767585035,0.011547005383792518,8,0.001,0.007485960993602705,0.0073778432418654255,1,1,0.006485960993602705,0.0063778432418654255,0.20689655172413793
H,coarse,31,mean_worst,0.5,335,335,256,0,2145,7,13,0.023094010767585035,0.011547005383792518,8,0.001,0.005874405580467474,0.0058207693939222455,1,1,0.004874405580467474,0.0048207693939222454,0.2
H,coarse,32,mean_worst,0.5,335,335,256,0,2145,7,13,0.023094010767585035,0.011547005383792518,8,0.001,0.005259745761432793,0.005197670758906,1,1,0.004259745761432793,0.004197670758906,0.1935483870967742
H,coarse,33,mean_worst,0.5,335,335,256,0,2145,7,13,0.023094010767585035,0.011547005383792518,8,0.001,0.0049820777995796435,0.0049412099671020384,1,1,0.0039820777995796435,0.003941209967102038,0.1875
H,coarse,34,mean_worst,0.5,335,335,256,0,2145,7,13,0.023094010767585035,0.011547005383792518,8,0.001,0.004829536252286224,0.00479975590442771,1,1,0.0038295362522862237,0.00379975590442771,0.21212121212121213
H,coarse,35,mean_worst,0.5,335,335,256,0,2145,7,13,0.023094010767585035,0.011547005383792518,8,0.001,0.00380760371761256,0.003764045664516485,1,1,0.00280760371761256,0.002764045664516485,0.20588235294117646
H,coarse,36,mean_worst,0.5,335,335,256,0,2145,7,13,0.023094010767585035,0.011547005383792518,8,0.001,0.00325529057389171,0.003201081364384341,1,1,0.00225529057389171,0.002201081364384341,0.2
H,coarse,37,mean_worst,0.5,335,335,256,0,2145,7,13,0.023094010767585035,0.011547005383792518,8,0.001,0.0030099369455460073,0.002960968341329014,1,1,0.0020099369455460073,0.001960968341329014,0.2222222222222222
H,coarse,38,mean_worst,0.5,335,335,256,0,2145,7,13,0.023094010767585035,0.011547005383792518,8,0.001,0.0026823964470560385,0.0026472258762852236,1,1,0.0016823964470560385,0.0016472258762852236,0.21621621621621623
H,coarse,39,mean_worst,0.5,335,335,256,0,2145,7,13,0.023094010767585035,0.011547005383792518,8,0.001,0.002506094429780793,0.002472824251134643,1,1,0.001506094429780793,0.0014728242511346428,0.21052631578947367
H,coarse,40,mean_worst,0.5,335,335,256,0,2145,7,13,0.023094010767585035,0.011547005383792518,8,0.001,0.0020438729407039977,0.0020200051420528253,1,1,0.0010438729407039977,0.0010200051420528253,0.20512820512820512
H,coarse,41,mean_worst,0.5,335,335,256,0,2145,7,13,0.023094010767585035,0.011547005383792518,8,0.001,0.0019950130572517844,0.0019855398906093776,1,1,0.0009950130572517844,0.0009855398906093776,0.2
H,coarse,42,mean_worst,0.5,335,335,256,0,2145,7,13,0.023094010767585035,0.011547005383792518,8,0.001,0.0021694611104132004,0.0021870328884382255,1,1,0.0011694611104132004,0.0011870328884382255,0.21951219512195122
H,coarse,43,mean_worst,0.5,335,335,256,0,2145,7,13,0.023094010767585035,0.011547005383792518,8,0.001,0.002484218678339897,0.002469679610822211,1,1,0.001484218678339897,0.0014696796108222112,0.21428571428571427
H,coarse,44,mean_worst,0.5,335,335,256,0,2145,7,13,0.023094010767585035,0.011547005383792518,8,0.001,0.0027729918569146207,0.002749428725150236,1,1,0.0017729918569146207,0.0017494287251502358,0.20930232558139536
H,coarse,45,mean_worst,0.5,335,335,256,0,2145,7,13,0.023094010767585035,0.011547005383792518,8,0.001,0.0031467427966909876,0.003108933344277914,1,1,0.0021467427966909876,0.002108933344277914,0.20454545454545456
H,coarse,46,mean_worst,0.5,335,335,256,0,2145,7,13,0.023094010767585035,0.011547005383792518,8,0.001,0.0032041798958102486,0.003179596435947421,1,1,0.0022041798958102486,0.002179596435947421,0.2
H,coarse,47,mean_worst,0.5,335,335,256,0,2145,7,13,0.023094010767585035,0.011547005383792518,8,0.001,0.0031044404793605746,0.003088299341672313,1,1,0.0021044404793605746,0.002088299341672313,0.1956521739130435
H,coarse,48,mean_worst,0.5,335,335,256,0,2145,7,13,0.023094010767585035,0.011547005383792518,8,0.001,0.0034823611115134996,0.003450909273386023,1,1,0.0024823611115134996,0.002450909273386023,0.2127659574468085
H,coarse,49,mean_worst,0.5,335,335,256,0,2145,7,13,0.023094010767585035,0.011547005383792518,8,0.001,0.0039010168651736187,0.003864493863828664,1,1,0.0029010168651736187,0.002864493863828664,0.20833333333333334
H,coarse,50,mean_worst,0.5,335,335,256,0,2145,7,13,0.023094010767585035,0.011547005383792518,8,0.001,0.004200604856337845,0.0041948894848822735,1,1,0.0032006048563378454,0.0031948894848822735,0.20408163265306123
H,coarse,51,mean_worst,0.5,335,335,256,0,2145,7,13,0.023094010767585035,0.011547005383792518,8,0.001,0.00411575011552935,0.004082686330829509,1,1,0.0031157501155293496,0.003082686330829509,0.2
H,coarse,52,mean_worst,0.5,335,335,256,0,2145,7,13,0.023094010767585035,0.011547005383792518,8,0.001,0.004106480183434013,0.0040476802787515805,1,1,0.0031064801834340128,0.0030476802787515805,0.19607843137254902
H,coarse,53,mean_worst,0.5,335,335,256,0,2145,7,13,0.023094010767585035,0.011547005383792518,8,0.001,0.004060207435387191,0.004003875924461483,1,1,0.0030602074353871913,0.0030038759244614827,0.19230769230769232
H,coarse,54,mean_worst,0.5,335,335,256,0,2145,7,13,0.023094010767585035,0.011547005383792518,8,0.001,0.004416493683951966,0.004355633495199325,1,1,0.003416493683951966,0.0033556334951993253,0.18867924528301888
H,coarse,55,mean_worst,0.5,335,335,256,0,2145,7,13,0.023094010767585035,0.011547005383792518,8,0.001,0.004923371978707024,0.004856519140014679,1,1,0.0039233719787070236,0.0038565191400146788,0.18518518518518517
H,coarse,56,mean_worst,0.5,335,335,256,0,2145,7,13,0.023094010767585035,0.011547005383792518,8,0.001,0.004710063687440773,0.004643478559444715,1,1,0.003710063687440773,0.003643478559444715,0.18181818181818182
H,coarse,57,mean_worst,0.5,335,335,256,0,2145,7,13,0.023094010767585035,0.011547005383792518,8,0.001,0.004609643067765732,0.00455607507463443,1,1,0.0036096430677657323,0.0035560750746344303,0.17857142857142858
H,coarse,58,mean_worst,0.5,335,335,256,0,2145,7,13,0.023094010767585035,0.011547005383792518,8,0.001,0.004610386300443421,0.004555741833870611,1,1,0.003610386300443421,0.003555741833870611,0.17543859649122806
H,coarse,59,mean_worst,0.5,335,335,256,0,2145,7,13,0.023094010767585035,0.011547005383792518,8,0.001,0.00492020096997847,0.004864109506878997,1,1,0.00392020096997847,0.0038641095068789972,0.1724137931034483
H,coarse,60,mean_worst,0.5,335,335,256,0,2145,7,13,0.023094010767585035,0.011547005383792518,8,0.001,0.005332344053553115,0.005281656965818711,1,1,0.004332344053553115,0.004281656965818711,0.1694915254237288
H,coarse,61,mean_worst,0.5,335,335,256,0,2145,7,13,0.023094010767585035,0.011547005383792518,8,0.001,0.0051553528021573754,0.0050915824682563615,1,1,0.004155352802157375,0.0040915824682563615,0.16666666666666666
H,coarse,62,mean_worst,0.5,335,335,256,0,2145,7,13,0.023094010767585035,0.011547005383792518,8,0.001,0.004619756328677591,0.004561230356981851,1,1,0.0036197563286775912,0.0035612303569818506,0.16393442622950818
H,coarse,63,mean_worst,0.5,335,335,256,0,2145,7,13,0.023094010767585035,0.011547005383792518,8,0.001,0.004012469928043237,0.003981362020569016,1,1,0.003012469928043237,0.0029813620205690157,0.16129032258064516
H,coarse,64,mean_worst,0.5,335,335,256,0,2145,7,13,0.023094010767585035,0.011547005383792518,8,0.001,0.003607390771725846,0.003569585665654981,1,1,0.0026073907717258458,0.002569585665654981,0.15873015873015872
H,coarse,65,mean_worst,0.5,335,335,256,0,2145,7,13,0.023094010767585035,0.011547005383792518,8,0.001,0.003766267047826008,0.0037159829547432303,1,1,0.002766267047826008,0.0027159829547432303,0.171875
H,coarse,66,mean_worst,0.5,335,335,256,0,2145,7,13,0.023094010767585035,0.011547005383792518,8,0.001,0.0032347471412088303,0.0032047763894586735,1,1,0.0022347471412088303,0.0022047763894586735,0.16923076923076924
H,coarse,67,mean_worst,0.5,335,335,256,0,2145,7,13,0.023094010767585035,0.011547005383792518,8,0.001,0.0034941990891532186,0.0034424301115961566,1,1,0.0024941990891532186,0.0024424301115961566,0.18181818181818182
H,coarse,68,mean_worst,0.5,335,335,256,0,2145,7,13,0.023094010767585035,0.011547005383792518,8,0.001,0.003873058394875519,0.003804476084528938,1,1,0.002873058394875519,0.002804476084528938,0.19402985074626866
H,coarse,69,mean_worst,0.5,335,335,256,0,2145,7,13,0.023094010767585035,0.011547005383792518,8,0.001,0.004344451590332799,0.00426403510097586,1,1,0.003344451590332799,0.00326403510097586,0.19117647058823528
H,coarse,70,mean_worst,0.5,335,335,256,0,2145,7,13,0.023094010767585035,0.011547005383792518,8,0.001,0.004787031156998774,0.004693146391478546,1,1,0.003787031156998774,0.003693146391478546,0.18840579710144928
H,coarse,71,mean_worst,0.5,335,335,256,0,2145,7,13,0.023094010767585035,0.011547005383792518,8,0.001,0.005508305924474587,0.005403786343390674,1,1,0.004508305924474587,0.004403786343390674,0.18571428571428572
H,coarse,72,mean_worst,0.5,335,335,256,0,2145,7,13,0.023094010767585035,0.011547005383792518,8,0.001,0.00639768525343996,0.00629907134094302,1,1,0.00539768525343996,0.00529907134094302,0.18309859154929578
H,coarse,73,mean_worst,0.5,335,335,256,0,2145,7,13,0.023094010767585035,0.011547005383792518,8,0.001,0.007039764324706594,0.006953839529097397,1,1,0.006039764324706594,0.005953839529097397,0.18055555555555555
H,coarse,74,mean_worst,0.5,335,335,256,0,2145,7,13,0.023094010767585035,0.011547005383792518,8,0.001,0.0059455899399219435,0.005833514091456148,1,1,0.0049455899399219435,0.004833514091456148,0.1780821917808219
H,coarse,75,mean_worst,0.5,335,335,256,0,2145,7,13,0.023094010767585035,0.011547005383792518,8,0.001,0.0060602451787363015,0.0059461139834325084,1,1,0.0050602451787363015,0.004946113983432508,0.17567567567567569
H,coarse,76,mean_worst,0.5,335,335,256,0,2145,7,13,0.023094010767585035,0.011547005383792518,8,0.001,0.005952810558121304,0.005842583049891719,1,1,0.004952810558121304,0.004842583049891719,0.17333333333333334
H,coarse,77,mean_worst,0.5,335,335,256,0,2145,7,13,0.023094010767585035,0.011547005383792518,8,0.001,0.005565134564181144,0.005464243544422102,1,1,0.004565134564181144,0.004464243544422102,0.17105263157894737
H,coarse,78,mean_worst,0.5,335,335,256,0,2145,7,13,0.023094010767585035,0.011547005383792518,8,0.001,0.005633109224323064,0.005541238551470555,1,1,0.004633109224323064,0.004541238551470555,0.16883116883116883
H,coarse,79,mean_worst,0.5,335,335,256,0,2145,7,13,0.023094010767585035,0.011547005383792518,8,0.001,0.004470952607015392,0.004402857074550903,1,1,0.003470952607015392,0.0034028570745509032,0.16666666666666666
H,coarse,80,mean_worst,0.5,335,335,256,0,2145,7,13,0.023094010767585035,0.011547005383792518,8,0.001,0.003680077806314141,0.003618867977170863,1,1,0.0026800778063141408,0.002618867977170863,0.16455696202531644
H,coarse,81,mean_worst,0.5,335,335,256,0,2145,7,13,0.023094010767585035,0.011547005383792518,8,0.001,0.003678550505089844,0.003621710576884541,1,1,0.002678550505089844,0.002621710576884541,0.1625
H,coarse,82,mean_worst,0.5,335,335,256,0,2145,7,13,0.023094010767585035,0.011547005383792518,8,0.001,0.0032184817259146726,0.0031729741961466335,1,1,0.0022184817259146726,0.0021729741961466335,0.16049382716049382
H,coarse,83,mean_worst,0.5,335,335,256,0,2145,7,13,0.023094010767585035,0.011547005383792518,8,0.001,0.003048665889656261,0.0030228675531257885,1,1,0.002048665889656261,0.0020228675531257885,0.15853658536585366
H,coarse,84,mean_worst,0.5,335,335,256,0,2145,7,13,0.023094010767585035,0.011547005383792518,8,0.001,0.0027192442174883468,0.002695071445317442,1,1,0.0017192442174883468,0.001695071445317442,0.1566265060240964
H,coarse,85,mean_worst,0.5,335,335,256,0,2145,7,13,0.023094010767585035,0.011547005383792518,8,0.001,0.0028968057394276477,0.002861955369399783,1,1,0.0018968057394276477,0.001861955369399783,0.15476190476190477
H,coarse,86,mean_worst,0.5,335,335,256,0,2145,7,13,0.023094010767585035,0.011547005383792518,8,0.001,0.003137530812630085,0.0031121327934533014,1,1,0.002137530812630085,0.0021121327934533014,0.15294117647058825
H,coarse,87,mean_worst,0.5,335,335,256,0,2145,7,13,0.023094010767585035,0.011547005383792518,8,0.001,0.003515160346069861,0.0034775614650982773,1,1,0.002515160346069861,0.0024775614650982773,0.1511627906976744
H,coarse,88,mean_worst,0.5,335,335,256,0,2145,7,13,0.023094010767585035,0.011547005383792518,8,0.001,0.00408700599909411,0.004034221136713649,1,1,0.00308700599909411,0.0030342211367136492,0.14942528735632185
H,coarse,89,mean_worst,0.5,335,335,256,0,2145,7,13,0.023094010767585035,0.011547005383792518,8,0.001,0.004179353028872217,0.004134999457147568,1,1,0.0031793530288722173,0.0031349994571475684,0.14772727272727273
H,coarse,90,mean_worst,0.5,335,335,256,0,2145,7,13,0.023094010767585035,0.011547005383792518,8,0.001,0.003965206138879261,0.003918520023526245,1,1,0.002965206138879261,0.002918520023526245,0.14606741573033707
H,coarse,91,mean_worst,0.5,335,335,256,0,2145,7,13,0.023094010767585035,0.011547005383792518,8,0.001,0.004310642893767277,0.004254261624143073,1,1,0.003310642893767277,0.0032542616241430728,0.15555555555555556
H,coarse,92,mean_worst,0.5,335,335,256,0,2145,7,13,0.023094010767585035,0.011547005383792518,8,0.001,0.004739510069302812,0.004687508303035468,1,1,0.0037395100693028123,0.003687508303035468,0.16483516483516483
H,coarse,93,mean_worst,0.5,335,335,256,0,2145,7,13,0.023094010767585035,0.011547005383792518,8,0.001,0.0052590226136350945,0.005215419640102136,1,1,0.0042590226136350945,0.004215419640102136,0.17391304347826086
H,coarse,94,mean_worst,0.5,335,335,256,0,2145,7,13,0.023094010767585035,0.011547005383792518,8,0.001,0.0056376488706206375,0.005584640454139766,1,1,0.0046376488706206375,0.004584640454139766,0.17204301075268819
H,coarse,95,mean_worst,0.5,335,335,256,0,2145,7,13,0.023094010767585035,0.011547005383792518,8,0.001,0.005326285822180027,0.005305457905809628,1,1,0.004326285822180027,0.004305457905809628,0.1702127659574468
H,coarse,96,mean_worst,0.5,335,335,256,0,2145,7,13,0.023094010767585035,0.011547005383792518,8,0.001,0.005573356939890601,0.005540715737051191,1,1,0.004573356939890601,0.004540715737051191,0.16842105263157894
H,coarse,97,mean_worst,0.5,335,335,256,0,2145,7,13,0.023094010767585035,0.011547005383792518,8,0.001,0.005864647165537175,0.005886289486388368,1,1,0.004864647165537175,0.004886289486388368,0.16666666666666666
H,coarse,98,mean_worst,0.5,335,335,256,0,2145,7,13,0.023094010767585035,0.011547005383792518,8,0.001,0.005757289327346931,0.005735426035256327,1,1,0.004757289327346931,0.0047354260352563265,0.16494845360824742
H,coarse,99,mean_worst,0.5,335,335,256,0,2145,7,13,0.023094010767585035,0.011547005383792518,8,0.001,0.006318335614257652,0.006228758067744408,1,1,0.005318335614257652,0.005228758067744408,0.16326530612244897
H,hard_augmented,1,mean_worst,0.5,548,335,256,213,2145,7,13,0.023094010767585035,0.011547005383792518,8,0.001,0.0020022219225942816,0.0018597043390108513,1,1,0.0010022219225942815,0.0008597043390108513,0.0
H,hard_augmented,2,mean_worst,0.5,548,335,256,213,2145,7,13,0.023094010767585035,0.011547005383792518,8,0.001,0.002394796527348902,0.0022417122108074347,1,1,0.0013947965273489022,0.0012417122108074347,0.0
H,hard_augmented,3,mean_worst,0.5,548,335,256,213,2145,7,13,0.023094010767585035,0.011547005383792518,8,0.001,0.0028597705366795977,0.002686205659284101,1,1,0.0018597705366795976,0.001686205659284101,0.5
H,hard_augmented,4,mean_worst,0.5,548,335,256,213,2145,7,13,0.023094010767585035,0.011547005383792518,8,0.001,0.003381684268415468,0.0031905668836363452,1,1,0.002381684268415468,0.002190566883636345,0.6666666666666666
H,hard_augmented,5,mean_worst,0.5,548,335,256,213,2145,7,13,0.023094010767585035,0.011547005383792518,8,0.001,0.003939057869190922,0.003745706280770436,1,1,0.0029390578691909216,0.002745706280770436,0.5
H,hard_augmented,6,mean_worst,0.5,548,335,256,213,2145,7,13,0.023094010767585035,0.011547005383792518,8,0.001,0.004528516968747721,0.004306651520455833,1,1,0.0035285169687477207,0.003306651520455833,0.4
H,hard_augmented,7,mean_worst,0.5,548,335,256,213,2145,7,13,0.023094010767585035,0.011547005383792518,8,0.001,0.004633207223255835,0.004457695368063352,1,1,0.003633207223255835,0.0034576953680633517,0.3333333333333333
H,hard_augmented,8,mean_worst,0.5,548,335,256,213,2145,7,13,0.023094010767585035,0.011547005383792518,8,0.001,0.00489542194798135,0.004748712611751072,1,1,0.00389542194798135,0.003748712611751072,0.2857142857142857
H,hard_augmented,9,mean_worst,0.5,548,335,256,213,2145,7,13,0.023094010767585035,0.011547005383792518,8,0.001,0.004559772126866231,0.00458198865951008,1,1,0.003559772126866231,0.0035819886595100797,0.25
H,hard_augmented,10,mean_worst,0.5,548,335,256,213,2145,7,13,0.023094010767585035,0.011547005383792518,8,0.001,0.004501334524574141,0.004563919597531096,1,1,0.003501334524574141,0.0035639195975310962,0.2222222222222222
H,hard_augmented,11,mean_worst,0.5,548,335,256,213,2145,7,13,0.023094010767585035,0.011547005383792518,8,0.001,0.004935830108739137,0.005035435567152947,1,1,0.003935830108739137,0.004035435567152947,0.2
H,hard_augmented,12,mean_worst,0.5,548,335,256,213,2145,7,13,0.023094010767585035,0.011547005383792518,8,0.001,0.0052810554327446906,0.005415803579749759,1,1,0.0042810554327446905,0.004415803579749759,0.18181818181818182
H,hard_augmented,13,mean_worst,0.5,548,335,256,213,2145,7,13,0.023094010767585035,0.011547005383792518,8,0.001,0.005612430358598897,0.005858775261270072,1,1,0.004612430358598897,0.004858775261270072,0.16666666666666666
H,hard_augmented,14,mean_worst,0.5,548,335,256,213,2145,7,13,0.023094010767585035,0.011547005383792518,8,0.001,0.005639799238441232,0.0059497904094967646,1,1,0.004639799238441232,0.0049497904094967645,0.15384615384615385
H,hard_augmented,15,mean_worst,0.5,548,335,256,213,2145,7,13,0.023094010767585035,0.011547005383792518,8,0.001,0.005083602564864028,0.005365881838390771,1,1,0.004083602564864028,0.004365881838390771,0.14285714285714285
H,hard_augmented,16,mean_worst,0.5,548,335,256,213,2145,7,13,0.023094010767585035,0.011547005383792518,8,0.001,0.005442720324452945,0.0057404783314080705,1,1,0.004442720324452945,0.0047404783314080705,0.13333333333333333
H,hard_augmented,17,mean_worst,0.5,548,335,256,213,2145,7,13,0.023094010767585035,0.011547005383792518,8,0.001,0.005153934388588735,0.005500192690670523,1,1,0.004153934388588735,0.004500192690670523,0.125
H,hard_augmented,18,mean_worst,0.5,548,335,256,213,2145,7,13,0.023094010767585035,0.011547005383792518,8,0.001,0.004219125497280743,0.004502170792787471,1,1,0.0032191254972807433,0.003502170792787471,0.11764705882352941
H,hard_augmented,19,mean_worst,0.5,548,335,256,213,2145,7,13,0.023094010767585035,0.011547005383792518,8,0.001,0.004408184860249705,0.004721281387770497,1,1,0.0034081848602497047,0.003721281387770497,0.1111111111111111
H,hard_augmented,20,mean_worst,0.5,548,335,256,213,2145,7,13,0.023094010767585035,0.011547005383792518,8,0.001,0.004284657464744842,0.0045848301671916145,1,1,0.0032846574647448423,0.0035848301671916145,0.10526315789473684
H,hard_augmented,21,mean_worst,0.5,548,335,256,213,2145,7,13,0.023094010767585035,0.011547005383792518,8,0.001,0.004629723146276237,0.004726604491648927,1,1,0.0036297231462762373,0.003726604491648927,0.15
H,hard_augmented,22,mean_worst,0.5,548,335,256,213,2145,7,13,0.023094010767585035,0.011547005383792518,8,0.001,0.0044533440331299134,0.004528266399602679,1,1,0.0034533440331299134,0.0035282663996026786,0.14285714285714285
H,hard_augmented,23,mean_worst,0.5,548,335,256,213,2145,7,13,0.023094010767585035,0.011547005383792518,8,0.001,0.004965163780185535,0.0049950851960696915,1,1,0.003965163780185535,0.0039950851960696915,0.18181818181818182
H,hard_augmented,24,mean_worst,0.5,548,335,256,213,2145,7,13,0.023094010767585035,0.011547005383792518,8,0.001,0.005525383672942476,0.005612695442478395,1,1,0.004525383672942476,0.004612695442478395,0.17391304347826086
H,hard_augmented,25,mean_worst,0.5,548,335,256,213,2145,7,13,0.023094010767585035,0.011547005383792518,8,0.001,0.005369210710856267,0.005457274554061137,1,1,0.004369210710856267,0.004457274554061137,0.16666666666666666
H,hard_augmented,26,mean_worst,0.5,548,335,256,213,2145,7,13,0.023094010767585035,0.011547005383792518,8,0.001,0.0053018456632000135,0.00524605138168447,1,1,0.0043018456632000135,0.00424605138168447,0.16
H,hard_augmented,27,mean_worst,0.5,548,335,256,213,2145,7,13,0.023094010767585035,0.011547005383792518,8,0.001,0.005937847442622057,0.005626806782049172,1,1,0.004937847442622057,0.004626806782049172,0.15384615384615385
H,hard_augmented,28,mean_worst,0.5,548,335,256,213,2145,7,13,0.023094010767585035,0.011547005383792518,8,0.001,0.0066781329767752985,0.006285294193891367,1,1,0.0056781329767752985,0.005285294193891367,0.14814814814814814
H,hard_augmented,29,mean_worst,0.5,548,335,256,213,2145,7,13,0.023094010767585035,0.011547005383792518,8,0.001,0.00757641021255599,0.007102905296496157,1,1,0.00657641021255599,0.006102905296496157,0.14285714285714285
H,hard_augmented,30,mean_worst,0.5,548,335,256,213,2145,7,13,0.023094010767585035,0.011547005383792518,8,0.001,0.006930823832589172,0.006526636817182848,1,1,0.005930823832589172,0.005526636817182848,0.13793103448275862
H,hard_augmented,31,mean_worst,0.5,548,335,256,213,2145,7,13,0.023094010767585035,0.011547005383792518,8,0.001,0.005980815056370259,0.005676271131481226,1,1,0.004980815056370259,0.004676271131481226,0.13333333333333333
H,hard_augmented,32,mean_worst,0.5,548,335,256,213,2145,7,13,0.023094010767585035,0.011547005383792518,8,0.001,0.005158534398809145,0.004879134106530639,1,1,0.004158534398809145,0.0038791341065306387,0.12903225806451613
H,hard_augmented,33,mean_worst,0.5,548,335,256,213,2145,7,13,0.023094010767585035,0.011547005383792518,8,0.001,0.005341045787639805,0.005057482862854942,1,1,0.004341045787639805,0.004057482862854942,0.15625
H,hard_augmented,34,mean_worst,0.5,548,335,256,213,2145,7,13,0.023094010767585035,0.011547005383792518,8,0.001,0.00443127328082691,0.004283495045953999,1,1,0.0034312732808269098,0.0032834950459539993,0.15151515151515152
H,hard_augmented,35,mean_worst,0.5,548,335,256,213,2145,7,13,0.023094010767585035,0.011547005383792518,8,0.001,0.004488499888374119,0.004532965155076885,1,1,0.003488499888374119,0.0035329651550768853,0.14705882352941177
H,hard_augmented,36,mean_worst,0.5,548,335,256,213,2145,7,13,0.023094010767585035,0.011547005383792518,8,0.001,0.0027632464378422768,0.002647078834141066,1,1,0.0017632464378422768,0.0016470788341410659,0.14285714285714285
H,hard_augmented,37,mean_worst,0.5,548,335,256,213,2145,7,13,0.023094010767585035,0.011547005383792518,8,0.001,0.0019959188628165423,0.0019776280952607675,1,1,0.0009959188628165423,0.0009776280952607675,0.1388888888888889
H,hard_augmented,38,mean_worst,0.5,548,335,256,213,2145,7,13,0.023094010767585035,0.011547005383792518,8,0.001,0.0016949983825098455,0.0017175243910079428,1,1,0.0006949983825098455,0.0007175243910079428,0.16216216216216217
H,hard_augmented,39,mean_worst,0.5,548,335,256,213,2145,7,13,0.023094010767585035,0.011547005383792518,8,0.001,0.0015446907491398405,0.001595919848693001,1,1,0.0005446907491398405,0.000595919848693001,0.18421052631578946
H,hard_augmented,40,mean_worst,0.5,548,335,256,213,2145,7,13,0.023094010767585035,0.011547005383792518,8,0.001,0.0015987169849938808,0.001650240043135885,1,1,0.0005987169849938807,0.0006502400431358849,0.1794871794871795
H,hard_augmented,41,mean_worst,0.5,548,335,256,213,2145,7,13,0.023094010767585035,0.011547005383792518,8,0.001,0.0016905760085166614,0.0017071197528916557,1,1,0.0006905760085166614,0.0007071197528916557,0.175
H,hard_augmented,42,mean_worst,0.5,548,335,256,213,2145,7,13,0.023094010767585035,0.011547005383792518,8,0.001,0.0019676316325360965,0.001998921494607428,1,1,0.0009676316325360965,0.0009989214946074278,0.1951219512195122
H,hard_augmented,43,mean_worst,0.5,548,335,256,213,2145,7,13,0.023094010767585035,0.011547005383792518,8,0.001,0.0023921485673983026,0.002375380811687289,1,1,0.0013921485673983026,0.0013753808116872888,0.19047619047619047
H,hard_augmented,44,mean_worst,0.5,548,335,256,213,2145,7,13,0.023094010767585035,0.011547005383792518,8,0.001,0.002879645725289768,0.002680004402508336,1,1,0.001879645725289768,0.0016800044025083358,0.18604651162790697
H,hard_augmented,45,mean_worst,0.5,548,335,256,213,2145,7,13,0.023094010767585035,0.011547005383792518,8,0.001,0.003522218454115864,0.0033243503055574077,1,1,0.002522218454115864,0.0023243503055574077,0.18181818181818182
H,hard_augmented,46,mean_worst,0.5,548,335,256,213,2145,7,13,0.023094010767585035,0.011547005383792518,8,0.001,0.0037977484873679343,0.003407617690416196,1,1,0.0027977484873679343,0.002407617690416196,0.17777777777777778
H,hard_augmented,47,mean_worst,0.5,548,335,256,213,2145,7,13,0.023094010767585035,0.011547005383792518,8,0.001,0.004325222196812863,0.0038505446055636366,1,1,0.003325222196812863,0.0028505446055636366,0.1956521739130435
H,hard_augmented,48,mean_worst,0.5,548,335,256,213,2145,7,13,0.023094010767585035,0.011547005383792518,8,0.001,0.0048537466520275786,0.004407648897996232,1,1,0.0038537466520275785,0.003407648897996232,0.19148936170212766
H,hard_augmented,49,mean_worst,0.5,548,335,256,213,2145,7,13,0.023094010767585035,0.011547005383792518,8,0.001,0.00540140586906359,0.004874593214590286,1,1,0.00440140586906359,0.0038745932145902856,0.1875
H,hard_augmented,50,mean_worst,0.5,548,335,256,213,2145,7,13,0.023094010767585035,0.011547005383792518,8,0.001,0.005807875766599666,0.005254099882881237,1,1,0.004807875766599666,0.004254099882881237,0.1836734693877551
H,hard_augmented,51,mean_worst,0.5,548,335,256,213,2145,7,13,0.023094010767585035,0.011547005383792518,8,0.001,0.005780408423640989,0.004927111833144076,1,1,0.004780408423640989,0.003927111833144076,0.18
H,hard_augmented,52,mean_worst,0.5,548,335,256,213,2145,7,13,0.023094010767585035,0.011547005383792518,8,0.001,0.005707351264442412,0.004983630415846362,1,1,0.004707351264442412,0.003983630415846362,0.17647058823529413
H,hard_augmented,53,mean_worst,0.5,548,335,256,213,2145,7,13,0.023094010767585035,0.011547005383792518,8,0.001,0.005527125983452171,0.004977898261758924,1,1,0.004527125983452171,0.003977898261758924,0.17307692307692307
H,hard_augmented,54,mean_worst,0.5,548,335,256,213,2145,7,13,0.023094010767585035,0.011547005383792518,8,0.001,0.005481548107707246,0.0049756946739279335,1,1,0.004481548107707246,0.0039756946739279335,0.16981132075471697
H,hard_augmented,55,mean_worst,0.5,548,335,256,213,2145,7,13,0.023094010767585035,0.011547005383792518,8,0.001,0.00562235660507527,0.004898199181229327,1,1,0.00462235660507527,0.0038981991812293273,0.16666666666666666
H,hard_augmented,56,mean_worst,0.5,548,335,256,213,2145,7,13,0.023094010767585035,0.011547005383792518,8,0.001,0.005165772257690816,0.004521721264896306,1,1,0.004165772257690816,0.0035217212648963056,0.16363636363636364
H,hard_augmented,57,mean_worst,0.5,548,335,256,213,2145,7,13,0.023094010767585035,0.011547005383792518,8,0.001,0.005097207225989721,0.004540850680536688,1,1,0.004097207225989721,0.0035408506805366877,0.16071428571428573
H,hard_augmented,58,mean_worst,0.5,548,335,256,213,2145,7,13,0.023094010767585035,0.011547005383792518,8,0.001,0.004226423600229027,0.003813426858141348,1,1,0.003226423600229027,0.002813426858141348,0.15789473684210525
H,hard_augmented,59,mean_worst,0.5,548,335,256,213,2145,7,13,0.023094010767585035,0.011547005383792518,8,0.001,0.004261723380222988,0.0041462879460811815,1,1,0.003261723380222988,0.0031462879460811815,0.15517241379310345
H,hard_augmented,60,mean_worst,0.5,548,335,256,213,2145,7,13,0.023094010767585035,0.011547005383792518,8,0.001,0.00413294459498959,0.003890205416602674,1,1,0.00313294459498959,0.002890205416602674,0.15254237288135594
H,hard_augmented,61,mean_worst,0.5,548,335,256,213,2145,7,13,0.023094010767585035,0.011547005383792518,8,0.001,0.0033372506922396215,0.003228297870395443,1,1,0.0023372506922396214,0.002228297870395443,0.15
H,hard_augmented,62,mean_worst,0.5,548,335,256,213,2145,7,13,0.023094010767585035,0.011547005383792518,8,0.001,0.0031992512055771284,0.003136688830788417,1,1,0.0021992512055771284,0.002136688830788417,0.14754098360655737
H,hard_augmented,63,mean_worst,0.5,548,335,256,213,2145,7,13,0.023094010767585035,0.011547005383792518,8,0.001,0.0028721384014791596,0.002953290183079986,1,1,0.0018721384014791596,0.001953290183079986,0.14516129032258066
H,hard_augmented,64,mean_worst,0.5,548,335,256,213,2145,7,13,0.023094010767585035,0.011547005383792518,8,0.001,0.002950459090303641,0.003062545841289891,1,1,0.0019504590903036412,0.002062545841289891,0.14285714285714285
H,hard_augmented,65,mean_worst,0.5,548,335,256,213,2145,7,13,0.023094010767585035,0.011547005383792518,8,0.001,0.003273168084071093,0.0033981027996788865,1,1,0.002273168084071093,0.0023981027996788865,0.15625
H,hard_augmented,66,mean_worst,0.5,548,335,256,213,2145,7,13,0.023094010767585035,0.011547005383792518,8,0.001,0.002671450532466567,0.0028518250851768253,1,1,0.001671450532466567,0.0018518250851768253,0.15384615384615385
H,hard_augmented,67,mean_worst,0.5,548,335,256,213,2145,7,13,0.023094010767585035,0.011547005383792518,8,0.001,0.0029063517108280715,0.0031549847082208613,1,1,0.0019063517108280715,0.0021549847082208613,0.15151515151515152
H,hard_augmented,68,mean_worst,0.5,548,335,256,213,2145,7,13,0.023094010767585035,0.011547005383792518,8,0.001,0.0025874232837475933,0.0027791235879289977,1,1,0.0015874232837475933,0.0017791235879289977,0.14925373134328357
H,hard_augmented,69,mean_worst,0.5,548,335,256,213,2145,7,13,0.023094010767585035,0.011547005383792518,8,0.001,0.002515306015528366,0.0026026687520242543,1,1,0.001515306015528366,0.0016026687520242543,0.14705882352941177
H,hard_augmented,70,mean_worst,0.5,548,335,256,213,2145,7,13,0.023094010767585035,0.011547005383792518,8,0.001,0.002993657909464557,0.003050793980451828,1,1,0.001993657909464557,0.0020507939804518278,0.14492753623188406
H,hard_augmented,71,mean_worst,0.5,548,335,256,213,2145,7,13,0.023094010767585035,0.011547005383792518,8,0.001,0.0033786182701128686,0.003402170022843923,1,1,0.0023786182701128686,0.002402170022843923,0.14285714285714285
H,hard_augmented,72,mean_worst,0.5,548,335,256,213,2145,7,13,0.023094010767585035,0.011547005383792518,8,0.001,0.004020914734677524,0.003961406831783818,1,1,0.003020914734677524,0.002961406831783818,0.14084507042253522
H,hard_augmented,73,mean_worst,0.5,548,335,256,213,2145,7,13,0.023094010767585035,0.011547005383792518,8,0.001,0.004750031978974918,0.0046813755010797365,1,1,0.0037500319789749176,0.0036813755010797365,0.1388888888888889
H,hard_augmented,74,mean_worst,0.5,548,335,256,213,2145,7,13,0.023094010767585035,0.011547005383792518,8,0.001,0.004127501568768264,0.003980975191773149,1,1,0.003127501568768264,0.002980975191773149,0.136986301369863
H,hard_augmented,75,mean_worst,0.5,548,335,256,213,2145,7,13,0.023094010767585035,0.011547005383792518,8,0.001,0.004406984144503535,0.004146735608546765,1,1,0.003406984144503535,0.0031467356085467654,0.13513513513513514
H,hard_augmented,76,mean_worst,0.5,548,335,256,213,2145,7,13,0.023094010767585035,0.011547005383792518,8,0.001,0.0038898348818387947,0.003828205476933525,1,1,0.0028898348818387947,0.002828205476933525,0.13333333333333333
H,hard_augmented,77,mean_worst,0.5,548,335,256,213,2145,7,13,0.023094010767585035,0.011547005383792518,8,0.001,0.004104327319995331,0.004042199751096825,1,1,0.003104327319995331,0.003042199751096825,0.14473684210526316
H,hard_augmented,78,mean_worst,0.5,548,335,256,213,2145,7,13,0.023094010767585035,0.011547005383792518,8,0.001,0.003893339911674809,0.003690499059956315,1,1,0.002893339911674809,0.002690499059956315,0.14285714285714285
H,hard_augmented,79,mean_worst,0.5,548,335,256,213,2145,7,13,0.023094010767585035,0.011547005383792518,8,0.001,0.004164872831195806,0.004173411661461131,1,1,0.0031648728311958058,0.0031734116614611308,0.14102564102564102
H,hard_augmented,80,mean_worst,0.5,548,335,256,213,2145,7,13,0.023094010767585035,0.011547005383792518,8,0.001,0.002629807812624354,0.0026418004181278827,1,1,0.0016298078126243541,0.0016418004181278827,0.13924050632911392
H,hard_augmented,81,mean_worst,0.5,548,335,256,213,2145,7,13,0.023094010767585035,0.011547005383792518,8,0.001,0.0022198880955713388,0.0023254995095013777,1,1,0.0012198880955713387,0.0013254995095013777,0.1375
H,hard_augmented,82,mean_worst,0.5,548,335,256,213,2145,7,13,0.023094010767585035,0.011547005383792518,8,0.001,0.0018855721155890603,0.0019443063096937821,1,1,0.0008855721155890603,0.0009443063096937821,0.13580246913580246
H,hard_augmented,83,mean_worst,0.5,548,335,256,213,2145,7,13,0.023094010767585035,0.011547005383792518,8,0.001,0.0017793303980969408,0.001883743851943477,1,1,0.0007793303980969408,0.0008837438519434769,0.13414634146341464
H,hard_augmented,84,mean_worst,0.5,548,335,256,213,2145,7,13,0.023094010767585035,0.011547005383792518,8,0.001,0.0019240775030587574,0.002030772650348997,1,1,0.0009240775030587573,0.001030772650348997,0.13253012048192772
H,hard_augmented,85,mean_worst,0.5,548,335,256,213,2145,7,13,0.023094010767585035,0.011547005383792518,8,0.001,0.002217173268030866,0.002315787838720468,1,1,0.001217173268030866,0.0013157878387204678,0.13095238095238096
H,hard_augmented,86,mean_worst,0.5,548,335,256,213,2145,7,13,0.023094010767585035,0.011547005383792518,8,0.001,0.002633523985516432,0.0026502606288507182,1,1,0.001633523985516432,0.0016502606288507182,0.12941176470588237
H,hard_augmented,87,mean_worst,0.5,548,335,256,213,2145,7,13,0.023094010767585035,0.011547005383792518,8,0.001,0.003214190443500763,0.003204265876627624,1,1,0.002214190443500763,0.002204265876627624,0.13953488372093023
H,hard_augmented,88,mean_worst,0.5,548,335,256,213,2145,7,13,0.023094010767585035,0.011547005383792518,8,0.001,0.00391847328523668,0.004017894840860644,1,1,0.00291847328523668,0.0030178948408606443,0.13793103448275862
H,hard_augmented,89,mean_worst,0.5,548,335,256,213,2145,7,13,0.023094010767585035,0.011547005383792518,8,0.001,0.004493849844373859,0.004654152662960254,1,1,0.0034938498443738593,0.0036541526629602543,0.13636363636363635
H,hard_augmented,90,mean_worst,0.5,548,335,256,213,2145,7,13,0.023094010767585035,0.011547005383792518,8,0.001,0.004715554948793296,0.005090487629819559,1,1,0.003715554948793296,0.004090487629819559,0.1348314606741573
H,hard_augmented,91,mean_worst,0.5,548,335,256,213,2145,7,13,0.023094010767585035,0.011547005383792518,8,0.001,0.004923924395614884,0.005270807588717766,1,1,0.003923924395614884,0.004270807588717766,0.13333333333333333
H,hard_augmented,92,mean_worst,0.5,548,335,256,213,2145,7,13,0.023094010767585035,0.011547005383792518,8,0.001,0.005463690503177219,0.005852747865052559,1,1,0.004463690503177219,0.004852747865052559,0.14285714285714285
H,hard_augmented,93,mean_worst,0.5,548,335,256,213,2145,7,13,0.023094010767585035,0.011547005383792518,8,0.001,0.005895126338640191,0.0063152412841529434,1,1,0.004895126338640191,0.005315241284152943,0.14130434782608695
H,hard_augmented,94,mean_worst,0.5,548,335,256,213,2145,7,13,0.023094010767585035,0.011547005383792518,8,0.001,0.005963114414852574,0.006549325220492872,1,1,0.004963114414852574,0.005549325220492872,0.13978494623655913
H,hard_augmented,95,mean_worst,0.5,548,335,256,213,2145,7,13,0.023094010767585035,0.011547005383792518,8,0.001,0.005819575502039855,0.006175666743551886,1,1,0.0048195755020398546,0.005175666743551886,0.13829787234042554
H,hard_augmented,96,mean_worst,0.5,548,335,256,213,2145,7,13,0.023094010767585035,0.011547005383792518,8,0.001,0.006359267026195616,0.006732760330318933,1,1,0.005359267026195616,0.005732760330318933,0.14736842105263157
H,hard_augmented,97,mean_worst,0.5,548,335,256,213,2145,7,13,0.023094010767585035,0.011547005383792518,8,0.001,0.006601562007670685,0.007049115377241823,1,1,0.005601562007670685,0.006049115377241823,0.14583333333333334
H,hard_augmented,98,mean_worst,0.5,548,335,256,213,2145,7,13,0.023094010767585035,0.011547005383792518,8,0.001,0.00679518673269113,0.007256775323422327,1,1,0.00579518673269113,0.006256775323422327,0.14432989690721648
H,hard_augmented,99,mean_worst,0.5,548,335,256,213,2145,7,13,0.023094010767585035,0.011547005383792518,8,0.001,0.007320349874159903,0.007782738058179658,1,1,0.006320349874159903,0.006782738058179658,0.14285714285714285
