task,baseline,eval_strength,seed,final_fidelity,final_infidelity,pulse_energy,basis_count,segments,frequency_seed,restart_seed,training_objective,optimizer_iterations,optimizer_success,optimization_seconds
Z,crab,0.05,10,0.9998922946742538,0.00010770532574622127,5.51412309641358,3,40,31,101,0.001113496475360276,35,False,26.114785432000645
Z,crab,0.05,11,0.9998010363958605,0.00019896360413951264,5.51412309641358,3,40,31,101,0.001113496475360276,35,False,26.114785432000645
Z,crab,0.05,12,0.9997859639874461,0.0002140360125538754,5.51412309641358,3,40,31,101,0.001113496475360276,35,False,26.114785432000645
Z,crab,0.05,13,0.9999932050355456,6.794964454437391e-06,5.51412309641358,3,40,31,101,0.001113496475360276,35,False,26.114785432000645
Z,crab,0.05,14,0.9999835183548267,1.6481645173316295e-05,5.51412309641358,3,40,31,101,0.001113496475360276,35,False,26.114785432000645
Z,crab,0.05,15,0.999589884434346,0.0004101155656539568,5.51412309641358,3,40,31,101,0.001113496475360276,35,False,26.114785432000645
Z,crab,0.05,16,0.9998979633418552,0.00010203665814478846,5.51412309641358,3,40,31,101,0.001113496475360276,35,False,26.114785432000645
Z,crab,0.05,17,0.999739363332985,0.00026063666701503507,5.51412309641358,3,40,31,101,0.001113496475360276,35,False,26.114785432000645
Z,crab,0.05,18,0.9998080553710578,0.00019194462894223108,5.51412309641358,3,40,31,101,0.001113496475360276,35,False,26.114785432000645
Z,crab,0.05,19,0.9996972572495058,0.0003027427504942448,5.51412309641358,3,40,31,101,0.001113496475360276,35,False,26.114785432000645
Z,crab,0.05,20,0.9998086596287573,0.00019134037124268755,5.51412309641358,3,40,31,101,0.001113496475360276,35,False,26.114785432000645
Z,crab,0.05,21,0.9999590583059529,4.094169404711412e-05,5.51412309641358,3,40,31,101,0.001113496475360276,35,False,26.114785432000645
Z,crab,0.05,22,0.9999097558266407,9.024417335934398e-05,5.51412309641358,3,40,31,101,0.001113496475360276,35,False,26.114785432000645
Z,crab,0.05,23,0.999799194871962,0.00020080512803799522,5.51412309641358,3,40,31,101,0.001113496475360276,35,False,26.114785432000645
Z,crab,0.05,24,0.9998020298834045,0.0001979701165955028,5.51412309641358,3,40,31,101,0.001113496475360276,35,False,26.114785432000645
Z,crab,0.05,25,0.9999283362218596,7.166377814038505e-05,5.51412309641358,3,40,31,101,0.001113496475360276,35,False,26.114785432000645
Z,crab,0.05,26,0.9996894014689814,0.0003105985310185577,5.51412309641358,3,40,31,101,0.001113496475360276,35,False,26.114785432000645
Z,crab,0.05,27,0.9999915118291041,8.48817089593723e-06,5.51412309641358,3,40,31,101,0.001113496475360276,35,False,26.114785432000645
Z,crab,0.05,28,0.9998824836192519,0.0001175163807480839,5.51412309641358,3,40,31,101,0.001113496475360276,35,False,26.114785432000645
Z,crab,0.05,29,0.9998701129742098,0.0001298870257901985,5.51412309641358,3,40,31,101,0.001113496475360276,35,False,26.114785432000645
Z,crab,0.05,30,0.9997514902871563,0.00024850971284373635,5.51412309641358,3,40,31,101,0.001113496475360276,35,False,26.114785432000645
Z,crab,0.05,31,0.9999399270148867,6.0072985113346355e-05,5.51412309641358,3,40,31,101,0.001113496475360276,35,False,26.114785432000645
Z,crab,0.05,32,0.9998964102187713,0.00010358978122870788,5.51412309641358,3,40,31,101,0.001113496475360276,35,False,26.114785432000645
Z,crab,0.05,33,0.9999893184715649,1.0681528435085852e-05,5.51412309641358,3,40,31,101,0.001113496475360276,35,False,26.114785432000645
Z,crab,0.05,34,0.9999882528700357,1.1747129964323477e-05,5.51412309641358,3,40,31,101,0.001113496475360276,35,False,26.114785432000645
Z,crab,0.05,35,0.9999153279101387,8.467208986129293e-05,5.51412309641358,3,40,31,101,0.001113496475360276,35,False,26.114785432000645
Z,crab,0.05,36,0.999832269611497,0.00016773038850304012,5.51412309641358,3,40,31,101,0.001113496475360276,35,False,26.114785432000645
Z,crab,0.05,37,0.9999710635557042,2.8936444295801778e-05,5.51412309641358,3,40,31,101,0.001113496475360276,35,False,26.114785432000645
Z,crab,0.05,38,0.9999280160811339,7.198391886609201e-05,5.51412309641358,3,40,31,101,0.001113496475360276,35,False,26.114785432000645
Z,crab,0.05,39,0.9998129177196586,0.00018708228034136631,5.51412309641358,3,40,31,101,0.001113496475360276,35,False,26.114785432000645
Z,crab,0.05,40,0.9998793404101768,0.00012065958982321323,5.51412309641358,3,40,31,101,0.001113496475360276,35,False,26.114785432000645
Z,crab,0.05,41,0.9998875263483746,0.0001124736516253666,5.51412309641358,3,40,31,101,0.001113496475360276,35,False,26.114785432000645
Z,crab,0.05,42,0.9999975914802332,2.4085197668499703e-06,5.51412309641358,3,40,31,101,0.001113496475360276,35,False,26.114785432000645
Z,crab,0.05,43,0.9999675123174077,3.248768259234147e-05,5.51412309641358,3,40,31,101,0.001113496475360276,35,False,26.114785432000645
Z,crab,0.05,44,0.9999421447100347,5.785528996526956e-05,5.51412309641358,3,40,31,101,0.001113496475360276,35,False,26.114785432000645
Z,crab,0.05,45,0.9996768542066317,0.00032314579336834015,5.51412309641358,3,40,31,101,0.001113496475360276,35,False,26.114785432000645
Z,crab,0.05,46,0.9996800377726496,0.00031996222735042323,5.51412309641358,3,40,31,101,0.001113496475360276,35,False,26.114785432000645
Z,crab,0.05,47,0.9998502333805196,0.00014976661948040704,5.51412309641358,3,40,31,101,0.001113496475360276,35,False,26.114785432000645
Z,crab,0.05,48,0.9997113195267042,0.00028868047329577706,5.51412309641358,3,40,31,101,0.001113496475360276,35,False,26.114785432000645
Z,crab,0.05,49,0.9999825549596081,1.7445040391916855e-05,5.51412309641358,3,40,31,101,0.001113496475360276,35,False,26.114785432000645
Z,crab,0.05,50,0.999979384283024,2.0615716975980192e-05,5.51412309641358,3,40,31,101,0.001113496475360276,35,False,26.114785432000645
Z,crab,0.05,51,0.9996572982911959,0.0003427017088041273,5.51412309641358,3,40,31,101,0.001113496475360276,35,False,26.114785432000645
Z,crab,0.05,52,0.9998776041477984,0.00012239585220163995,5.51412309641358,3,40,31,101,0.001113496475360276,35,False,26.114785432000645
Z,crab,0.05,53,0.9999884332660522,1.1566733947754315e-05,5.51412309641358,3,40,31,101,0.001113496475360276,35,False,26.114785432000645
Z,crab,0.05,54,0.999867100321516,0.00013289967848395534,5.51412309641358,3,40,31,101,0.001113496475360276,35,False,26.114785432000645
Z,crab,0.05,55,0.9999924224920598,7.577507940226269e-06,5.51412309641358,3,40,31,101,0.001113496475360276,35,False,26.114785432000645
Z,crab,0.05,56,0.999966523724176,3.347627582395152e-05,5.51412309641358,3,40,31,101,0.001113496475360276,35,False,26.114785432000645
Z,crab,0.05,57,0.9999046115875132,9.538841248679653e-05,5.51412309641358,3,40,31,101,0.001113496475360276,35,False,26.114785432000645
Z,crab,0.05,58,0.9998653910884531,0.00013460891154692955,5.51412309641358,3,40,31,101,0.001113496475360276,35,False,26.114785432000645
Z,crab,0.05,59,0.9998360376699703,0.00016396233002968774,5.51412309641358,3,40,31,101,0.001113496475360276,35,False,26.114785432000645
Z,crab,0.08,10,0.9994798347663918,0.0005201652336082052,5.51412309641358,3,40,31,101,0.001113496475360276,35,False,26.114785432000645
Z,crab,0.08,11,0.9996699092422391,0.0003300907577609147,5.51412309641358,3,40,31,101,0.001113496475360276,35,False,26.114785432000645
Z,crab,0.08,12,0.9996427740063353,0.00035722599366472263,5.51412309641358,3,40,31,101,0.001113496475360276,35,False,26.114785432000645
Z,crab,0.08,13,0.9999930488945206,6.951105479435782e-06,5.51412309641358,3,40,31,101,0.001113496475360276,35,False,26.114785432000645
Z,crab,0.08,14,0.9999485357464073,5.146425359270346e-05,5.51412309641358,3,40,31,101,0.001113496475360276,35,False,26.114785432000645
Z,crab,0.08,15,0.9968670443461266,0.0031329556538733927,5.51412309641358,3,40,31,101,0.001113496475360276,35,False,26.114785432000645
Z,crab,0.08,16,0.9999248687906845,7.513120931545991e-05,5.51412309641358,3,40,31,101,0.001113496475360276,35,False,26.114785432000645
Z,crab,0.08,17,0.9972118587514025,0.0027881412485974977,5.51412309641358,3,40,31,101,0.001113496475360276,35,False,26.114785432000645
Z,crab,0.08,18,0.9984100352048114,0.001589964795188581,5.51412309641358,3,40,31,101,0.001113496475360276,35,False,26.114785432000645
Z,crab,0.08,19,0.9994219839930524,0.0005780160069476237,5.51412309641358,3,40,31,101,0.001113496475360276,35,False,26.114785432000645
Z,crab,0.08,20,0.9997067745676522,0.00029322543234777676,5.51412309641358,3,40,31,101,0.001113496475360276,35,False,26.114785432000645
Z,crab,0.08,21,0.99973916391345,0.00026083608655003143,5.51412309641358,3,40,31,101,0.001113496475360276,35,False,26.114785432000645
Z,crab,0.08,22,0.999643904081538,0.00035609591846197386,5.51412309641358,3,40,31,101,0.001113496475360276,35,False,26.114785432000645
Z,crab,0.08,23,0.9976451606392034,0.0023548393607966123,5.51412309641358,3,40,31,101,0.001113496475360276,35,False,26.114785432000645
Z,crab,0.08,24,0.9978063374479578,0.0021936625520422304,5.51412309641358,3,40,31,101,0.001113496475360276,35,False,26.114785432000645
Z,crab,0.08,25,0.9990884491406643,0.0009115508593356969,5.51412309641358,3,40,31,101,0.001113496475360276,35,False,26.114785432000645
Z,crab,0.08,26,0.997610109276729,0.0023898907232710043,5.51412309641358,3,40,31,101,0.001113496475360276,35,False,26.114785432000645
Z,crab,0.08,27,0.999874665206705,0.00012533479329501773,5.51412309641358,3,40,31,101,0.001113496475360276,35,False,26.114785432000645
Z,crab,0.08,28,0.999586724180239,0.00041327581976102756,5.51412309641358,3,40,31,101,0.001113496475360276,35,False,26.114785432000645
Z,crab,0.08,29,0.9997694602120992,0.00023053978790077423,5.51412309641358,3,40,31,101,0.001113496475360276,35,False,26.114785432000645
Z,crab,0.08,30,0.9972421291555862,0.0027578708444138123,5.51412309641358,3,40,31,101,0.001113496475360276,35,False,26.114785432000645
Z,crab,0.08,31,0.9999089619419333,9.103805806665033e-05,5.51412309641358,3,40,31,101,0.001113496475360276,35,False,26.114785432000645
Z,crab,0.08,32,0.9983552535846916,0.001644746415308429,5.51412309641358,3,40,31,101,0.001113496475360276,35,False,26.114785432000645
Z,crab,0.08,33,0.9999903955999376,9.604400062368512e-06,5.51412309641358,3,40,31,101,0.001113496475360276,35,False,26.114785432000645
Z,crab,0.08,34,0.9997725748692283,0.0002274251307716746,5.51412309641358,3,40,31,101,0.001113496475360276,35,False,26.114785432000645
Z,crab,0.08,35,0.9998937223292849,0.00010627767071513805,5.51412309641358,3,40,31,101,0.001113496475360276,35,False,26.114785432000645
Z,crab,0.08,36,0.9988862523625013,0.0011137476374987187,5.51412309641358,3,40,31,101,0.001113496475360276,35,False,26.114785432000645
Z,crab,0.08,37,0.9995997090135729,0.000400290986427132,5.51412309641358,3,40,31,101,0.001113496475360276,35,False,26.114785432000645
Z,crab,0.08,38,0.9989984083018203,0.0010015916981797046,5.51412309641358,3,40,31,101,0.001113496475360276,35,False,26.114785432000645
Z,crab,0.08,39,0.9997249586320296,0.0002750413679704078,5.51412309641358,3,40,31,101,0.001113496475360276,35,False,26.114785432000645
Z,crab,0.08,40,0.9992838861579603,0.0007161138420397339,5.51412309641358,3,40,31,101,0.001113496475360276,35,False,26.114785432000645
Z,crab,0.08,41,0.9995964607463819,0.0004035392536181348,5.51412309641358,3,40,31,101,0.001113496475360276,35,False,26.114785432000645
Z,crab,0.08,42,0.9999397215384068,6.027846159317729e-05,5.51412309641358,3,40,31,101,0.001113496475360276,35,False,26.114785432000645
Z,crab,0.08,43,0.9995185690582336,0.0004814309417664475,5.51412309641358,3,40,31,101,0.001113496475360276,35,False,26.114785432000645
Z,crab,0.08,44,0.9991545934076291,0.0008454065923708676,5.51412309641358,3,40,31,101,0.001113496475360276,35,False,26.114785432000645
Z,crab,0.08,45,0.9975640729181049,0.002435927081895106,5.51412309641358,3,40,31,101,0.001113496475360276,35,False,26.114785432000645
Z,crab,0.08,46,0.9993967251060178,0.0006032748939821531,5.51412309641358,3,40,31,101,0.001113496475360276,35,False,26.114785432000645
Z,crab,0.08,47,0.9997783566445775,0.00022164335542251834,5.51412309641358,3,40,31,101,0.001113496475360276,35,False,26.114785432000645
Z,crab,0.08,48,0.9994794445536072,0.0005205554463928452,5.51412309641358,3,40,31,101,0.001113496475360276,35,False,26.114785432000645
Z,crab,0.08,49,0.9999393085977499,6.0691402250068194e-05,5.51412309641358,3,40,31,101,0.001113496475360276,35,False,26.114785432000645
Z,crab,0.08,50,0.9999709431560782,2.9056843921848596e-05,5.51412309641358,3,40,31,101,0.001113496475360276,35,False,26.114785432000645
Z,crab,0.08,51,0.9974380842473661,0.00256191575263387,5.51412309641358,3,40,31,101,0.001113496475360276,35,False,26.114785432000645
Z,crab,0.08,52,0.9997450256798801,0.00025497432011989396,5.51412309641358,3,40,31,101,0.001113496475360276,35,False,26.114785432000645
Z,crab,0.08,53,0.9997959880336229,0.0002040119663770934,5.51412309641358,3,40,31,101,0.001113496475360276,35,False,26.114785432000645
Z,crab,0.08,54,0.9986800907465773,0.0013199092534227352,5.51412309641358,3,40,31,101,0.001113496475360276,35,False,26.114785432000645
Z,crab,0.08,55,0.9999935031109536,6.4968890464145446e-06,5.51412309641358,3,40,31,101,0.001113496475360276,35,False,26.114785432000645
Z,crab,0.08,56,0.999821218156256,0.00017878184374398032,5.51412309641358,3,40,31,101,0.001113496475360276,35,False,26.114785432000645
Z,crab,0.08,57,0.9998785138445965,0.00012148615540352736,5.51412309641358,3,40,31,101,0.001113496475360276,35,False,26.114785432000645
Z,crab,0.08,58,0.9998092983297187,0.00019070167028134577,5.51412309641358,3,40,31,101,0.001113496475360276,35,False,26.114785432000645
Z,crab,0.08,59,0.9998044006156727,0.00019559938432733848,5.51412309641358,3,40,31,101,0.001113496475360276,35,False,26.114785432000645
H,crab,0.05,10,0.9975226489700963,0.0024773510299036516,4.00874249698839,3,40,31,101,0.0010809806353707066,35,False,19.40370754606556
H,crab,0.05,11,0.9996298659255859,0.00037013407441410795,4.00874249698839,3,40,31,101,0.0010809806353707066,35,False,19.40370754606556
H,crab,0.05,12,0.9996121221494162,0.00038787785058380653,4.00874249698839,3,40,31,101,0.0010809806353707066,35,False,19.40370754606556
H,crab,0.05,13,0.9999953770246334,4.622975366630477e-06,4.00874249698839,3,40,31,101,0.0010809806353707066,35,False,19.40370754606556
H,crab,0.05,14,0.9997572040995308,0.00024279590046916155,4.00874249698839,3,40,31,101,0.0010809806353707066,35,False,19.40370754606556
H,crab,0.05,15,0.9972994155742493,0.0027005844257507183,4.00874249698839,3,40,31,101,0.0010809806353707066,35,False,19.40370754606556
H,crab,0.05,16,0.9984500033331231,0.0015499966668769405,4.00874249698839,3,40,31,101,0.0010809806353707066,35,False,19.40370754606556
H,crab,0.05,17,0.9998977333936301,0.00010226660636991625,4.00874249698839,3,40,31,101,0.0010809806353707066,35,False,19.40370754606556
H,crab,0.05,18,0.9989843312928703,0.0010156687071296577,4.00874249698839,3,40,31,101,0.0010809806353707066,35,False,19.40370754606556
H,crab,0.05,19,0.9989815271131111,0.0010184728868889437,4.00874249698839,3,40,31,101,0.0010809806353707066,35,False,19.40370754606556
H,crab,0.05,20,0.9991817024039937,0.0008182975960062677,4.00874249698839,3,40,31,101,0.0010809806353707066,35,False,19.40370754606556
H,crab,0.05,21,0.9996321912734614,0.00036780872653863206,4.00874249698839,3,40,31,101,0.0010809806353707066,35,False,19.40370754606556
H,crab,0.05,22,0.9978269945663081,0.0021730054336919213,4.00874249698839,3,40,31,101,0.0010809806353707066,35,False,19.40370754606556
H,crab,0.05,23,0.9997833696265233,0.00021663037347674496,4.00874249698839,3,40,31,101,0.0010809806353707066,35,False,19.40370754606556
H,crab,0.05,24,0.9999607420738015,3.925792619852153e-05,4.00874249698839,3,40,31,101,0.0010809806353707066,35,False,19.40370754606556
H,crab,0.05,25,0.9999021922005265,9.780779947354823e-05,4.00874249698839,3,40,31,101,0.0010809806353707066,35,False,19.40370754606556
H,crab,0.05,26,0.9984281716954815,0.0015718283045185188,4.00874249698839,3,40,31,101,0.0010809806353707066,35,False,19.40370754606556
H,crab,0.05,27,0.9999189706430118,8.102935698817149e-05,4.00874249698839,3,40,31,101,0.0010809806353707066,35,False,19.40370754606556
H,crab,0.05,28,0.996626223469533,0.0033737765304669987,4.00874249698839,3,40,31,101,0.0010809806353707066,35,False,19.40370754606556
H,crab,0.05,29,0.9968611876524794,0.0031388123475205587,4.00874249698839,3,40,31,101,0.0010809806353707066,35,False,19.40370754606556
H,crab,0.05,30,0.9999312092386128,6.879076138721629e-05,4.00874249698839,3,40,31,101,0.0010809806353707066,35,False,19.40370754606556
H,crab,0.05,31,0.9981825983908383,0.0018174016091616618,4.00874249698839,3,40,31,101,0.0010809806353707066,35,False,19.40370754606556
H,crab,0.05,32,0.9998876250525686,0.00011237494743143728,4.00874249698839,3,40,31,101,0.0010809806353707066,35,False,19.40370754606556
H,crab,0.05,33,0.9999941640665482,5.835933451825426e-06,4.00874249698839,3,40,31,101,0.0010809806353707066,35,False,19.40370754606556
H,crab,0.05,34,0.9995344067612906,0.0004655932387094275,4.00874249698839,3,40,31,101,0.0010809806353707066,35,False,19.40370754606556
H,crab,0.05,35,0.9978118340294919,0.0021881659705080825,4.00874249698839,3,40,31,101,0.0010809806353707066,35,False,19.40370754606556
H,crab,0.05,36,0.9967485972987461,0.0032514027012539026,4.00874249698839,3,40,31,101,0.0010809806353707066,35,False,19.40370754606556
H,crab,0.05,37,0.9999103635607635,8.963643923654008e-05,4.00874249698839,3,40,31,101,0.0010809806353707066,35,False,19.40370754606556
H,crab,0.05,38,0.9996919495214486,0.00030805047855142487,4.00874249698839,3,40,31,101,0.0010809806353707066,35,False,19.40370754606556
H,crab,0.05,39,0.9997387167268912,0.0002612832731088144,4.00874249698839,3,40,31,101,0.0010809806353707066,35,False,19.40370754606556
H,crab,0.05,40,0.9977814450347944,0.0022185549652056213,4.00874249698839,3,40,31,101,0.0010809806353707066,35,False,19.40370754606556
H,crab,0.05,41,0.9966194104496395,0.003380589550360469,4.00874249698839,3,40,31,101,0.0010809806353707066,35,False,19.40370754606556
H,crab,0.05,42,0.9998952255157305,0.00010477448426948754,4.00874249698839,3,40,31,101,0.0010809806353707066,35,False,19.40370754606556
H,crab,0.05,43,0.9998040397919619,0.0001959602080381373,4.00874249698839,3,40,31,101,0.0010809806353707066,35,False,19.40370754606556
H,crab,0.05,44,0.9996935863596963,0.0003064136403037043,4.00874249698839,3,40,31,101,0.0010809806353707066,35,False,19.40370754606556
H,crab,0.05,45,0.9981990246829886,0.0018009753170113996,4.00874249698839,3,40,31,101,0.0010809806353707066,35,False,19.40370754606556
H,crab,0.05,46,0.9989022088841556,0.0010977911158444043,4.00874249698839,3,40,31,101,0.0010809806353707066,35,False,19.40370754606556
H,crab,0.05,47,0.9984666774442473,0.0015333225557526697,4.00874249698839,3,40,31,101,0.0010809806353707066,35,False,19.40370754606556
H,crab,0.05,48,0.9992800137112094,0.0007199862887905528,4.00874249698839,3,40,31,101,0.0010809806353707066,35,False,19.40370754606556
H,crab,0.05,49,0.999987279188194,1.2720811806032906e-05,4.00874249698839,3,40,31,101,0.0010809806353707066,35,False,19.40370754606556
H,crab,0.05,50,0.9999982670444195,1.7329555804801444e-06,4.00874249698839,3,40,31,101,0.0010809806353707066,35,False,19.40370754606556
H,crab,0.05,51,0.9978703966074214,0.002129603392578616,4.00874249698839,3,40,31,101,0.0010809806353707066,35,False,19.40370754606556
H,crab,0.05,52,0.9967294084478486,0.0032705915521513695,4.00874249698839,3,40,31,101,0.0010809806353707066,35,False,19.40370754606556
H,crab,0.05,53,0.9997297802047542,0.0002702197952457741,4.00874249698839,3,40,31,101,0.0010809806353707066,35,False,19.40370754606556
H,crab,0.05,54,0.9978418969535658,0.0021581030464341566,4.00874249698839,3,40,31,101,0.0010809806353707066,35,False,19.40370754606556
H,crab,0.05,55,0.9998777572169392,0.00012224278306083303,4.00874249698839,3,40,31,101,0.0010809806353707066,35,False,19.40370754606556
H,crab,0.05,56,0.9984363676432513,0.0015636323567487231,4.00874249698839,3,40,31,101,0.0010809806353707066,35,False,19.40370754606556
H,crab,0.05,57,0.9998216452080498,0.0001783547919501638,4.00874249698839,3,40,31,101,0.0010809806353707066,35,False,19.40370754606556
H,crab,0.05,58,0.9986199819552761,0.0013800180447238741,4.00874249698839,3,40,31,101,0.0010809806353707066,35,False,19.40370754606556
H,crab,0.05,59,0.9986942663043871,0.0013057336956129317,4.00874249698839,3,40,31,101,0.0010809806353707066,35,False,19.40370754606556
H,crab,0.08,10,0.9952703421148195,0.004729657885180538,4.00874249698839,3,40,31,101,0.0010809806353707066,35,False,19.40370754606556
H,crab,0.08,11,0.9994720803830405,0.0005279196169595268,4.00874249698839,3,40,31,101,0.0010809806353707066,35,False,19.40370754606556
H,crab,0.08,12,0.999467280853367,0.0005327191466329984,4.00874249698839,3,40,31,101,0.0010809806353707066,35,False,19.40370754606556
H,crab,0.08,13,0.999880994552126,0.00011900544787402101,4.00874249698839,3,40,31,101,0.0010809806353707066,35,False,19.40370754606556
H,crab,0.08,14,0.9996313008079026,0.0003686991920973659,4.00874249698839,3,40,31,101,0.0010809806353707066,35,False,19.40370754606556
H,crab,0.08,15,0.9945993309536967,0.005400669046303319,4.00874249698839,3,40,31,101,0.0010809806353707066,35,False,19.40370754606556
H,crab,0.08,16,0.9966735566566463,0.0033264433433537466,4.00874249698839,3,40,31,101,0.0010809806353707066,35,False,19.40370754606556
H,crab,0.08,17,0.9993903050866458,0.000609694913354164,4.00874249698839,3,40,31,101,0.0010809806353707066,35,False,19.40370754606556
H,crab,0.08,18,0.9982933725922284,0.0017066274077716104,4.00874249698839,3,40,31,101,0.0010809806353707066,35,False,19.40370754606556
H,crab,0.08,19,0.998229828299327,0.0017701717006729512,4.00874249698839,3,40,31,101,0.0010809806353707066,35,False,19.40370754606556
H,crab,0.08,20,0.9984508429989377,0.0015491570010622846,4.00874249698839,3,40,31,101,0.0010809806353707066,35,False,19.40370754606556
H,crab,0.08,21,0.999445252502223,0.0005547474977769529,4.00874249698839,3,40,31,101,0.0010809806353707066,35,False,19.40370754606556
H,crab,0.08,22,0.995900079806069,0.004099920193931017,4.00874249698839,3,40,31,101,0.0010809806353707066,35,False,19.40370754606556
H,crab,0.08,23,0.9988560742422918,0.001143925757708164,4.00874249698839,3,40,31,101,0.0010809806353707066,35,False,19.40370754606556
H,crab,0.08,24,0.999751016765941,0.0002489832340589748,4.00874249698839,3,40,31,101,0.0010809806353707066,35,False,19.40370754606556
H,crab,0.08,25,0.9998040380672166,0.00019596193278337282,4.00874249698839,3,40,31,101,0.0010809806353707066,35,False,19.40370754606556
H,crab,0.08,26,0.9971698495306204,0.002830150469379622,4.00874249698839,3,40,31,101,0.0010809806353707066,35,False,19.40370754606556
H,crab,0.08,27,0.9993883279432599,0.0006116720567400646,4.00874249698839,3,40,31,101,0.0010809806353707066,35,False,19.40370754606556
H,crab,0.08,28,0.9932101574138007,0.006789842586199302,4.00874249698839,3,40,31,101,0.0010809806353707066,35,False,19.40370754606556
H,crab,0.08,29,0.9937993715792544,0.006200628420745646,4.00874249698839,3,40,31,101,0.0010809806353707066,35,False,19.40370754606556
H,crab,0.08,30,0.9995261186826241,0.00047388131737591266,4.00874249698839,3,40,31,101,0.0010809806353707066,35,False,19.40370754606556
H,crab,0.08,31,0.9959972026250293,0.004002797374970668,4.00874249698839,3,40,31,101,0.0010809806353707066,35,False,19.40370754606556
H,crab,0.08,32,0.999198588630742,0.0008014113692580427,4.00874249698839,3,40,31,101,0.0010809806353707066,35,False,19.40370754606556
H,crab,0.08,33,0.9999487916112744,5.120838872563205e-05,4.00874249698839,3,40,31,101,0.0010809806353707066,35,False,19.40370754606556
H,crab,0.08,34,0.9992194380382775,0.0007805619617224924,4.00874249698839,3,40,31,101,0.0010809806353707066,35,False,19.40370754606556
H,crab,0.08,35,0.9952397158464323,0.004760284153567662,4.00874249698839,3,40,31,101,0.0010809806353707066,35,False,19.40370754606556
H,crab,0.08,36,0.9935403126253897,0.0064596873746103345,4.00874249698839,3,40,31,101,0.0010809806353707066,35,False,19.40370754606556
H,crab,0.08,37,0.9998680914234293,0.0001319085765707495,4.00874249698839,3,40,31,101,0.0010809806353707066,35,False,19.40370754606556
H,crab,0.08,38,0.9985124034100832,0.0014875965899168175,4.00874249698839,3,40,31,101,0.0010809806353707066,35,False,19.40370754606556
H,crab,0.08,39,0.9997181011422762,0.00028189885772378354,4.00874249698839,3,40,31,101,0.0010809806353707066,35,False,19.40370754606556
H,crab,0.08,40,0.9958674697312588,0.004132530268741164,4.00874249698839,3,40,31,101,0.0010809806353707066,35,False,19.40370754606556
H,crab,0.08,41,0.9930721254588809,0.0069278745411190945,4.00874249698839,3,40,31,101,0.0010809806353707066,35,False,19.40370754606556
H,crab,0.08,42,0.9999664246044254,3.3575395574581e-05,4.00874249698839,3,40,31,101,0.0010809806353707066,35,False,19.40370754606556
H,crab,0.08,43,0.9997273682494967,0.0002726317505032938,4.00874249698839,3,40,31,101,0.0010809806353707066,35,False,19.40370754606556
H,crab,0.08,44,0.9985133733544027,0.0014866266455972887,4.00874249698839,3,40,31,101,0.0010809806353707066,35,False,19.40370754606556
H,crab,0.08,45,0.9967299078522873,0.0032700921477126776,4.00874249698839,3,40,31,101,0.0010809806353707066,35,False,19.40370754606556
H,crab,0.08,46,0.998277745974472,0.0017222540255279473,4.00874249698839,3,40,31,101,0.0010809806353707066,35,False,19.40370754606556
H,crab,0.08,47,0.9969902488301802,0.00300975116981983,4.00874249698839,3,40,31,101,0.0010809806353707066,35,False,19.40370754606556
H,crab,0.08,48,0.9989608579297348,0.001039142070265231,4.00874249698839,3,40,31,101,0.0010809806353707066,35,False,19.40370754606556
H,crab,0.08,49,0.9999504581316867,4.954186831329643e-05,4.00874249698839,3,40,31,101,0.0010809806353707066,35,False,19.40370754606556
H,crab,0.08,50,0.9998767497795169,0.00012325022048309542,4.00874249698839,3,40,31,101,0.0010809806353707066,35,False,19.40370754606556
H,crab,0.08,51,0.9960245043473752,0.003975495652624783,4.00874249698839,3,40,31,101,0.0010809806353707066,35,False,19.40370754606556
H,crab,0.08,52,0.9933717908824087,0.006628209117591322,4.00874249698839,3,40,31,101,0.0010809806353707066,35,False,19.40370754606556
H,crab,0.08,53,0.9996899473372997,0.00031005266270034415,4.00874249698839,3,40,31,101,0.0010809806353707066,35,False,19.40370754606556
H,crab,0.08,54,0.9952138841850825,0.004786115814917502,4.00874249698839,3,40,31,101,0.0010809806353707066,35,False,19.40370754606556
H,crab,0.08,55,0.9999497898179646,5.0210182035437256e-05,4.00874249698839,3,40,31,101,0.0010809806353707066,35,False,19.40370754606556
H,crab,0.08,56,0.9965330948777713,0.0034669051222286917,4.00874249698839,3,40,31,101,0.0010809806353707066,35,False,19.40370754606556
H,crab,0.08,57,0.9997783651137293,0.00022163488627069405,4.00874249698839,3,40,31,101,0.0010809806353707066,35,False,19.40370754606556
H,crab,0.08,58,0.9972844810709232,0.0027155189290768433,4.00874249698839,3,40,31,101,0.0010809806353707066,35,False,19.40370754606556
H,crab,0.08,59,0.9973171289307492,0.002682871069250803,4.00874249698839,3,40,31,101,0.0010809806353707066,35,False,19.40370754606556
