task,baseline,eval_strength,seed,final_fidelity,final_infidelity,pulse_energy,basis_count,segments,refreshes,frequency_seed_path,training_objective,optimizer_success_all,optimization_seconds
Z,dcrab_train8,0.05,10,0.9999904120838494,9.587916150577414e-06,8.604365601999506,3,40,3,"31,43,59",0.0019082723916440027,False,51.805853677215055
Z,dcrab_train8,0.05,11,0.9999894813099783,1.0518690021665833e-05,8.604365601999506,3,40,3,"31,43,59",0.0019082723916440027,False,51.805853677215055
Z,dcrab_train8,0.05,12,0.9999833463219691,1.665367803094231e-05,8.604365601999506,3,40,3,"31,43,59",0.0019082723916440027,False,51.805853677215055
Z,dcrab_train8,0.05,13,0.9998281398733341,0.00017186012666592365,8.604365601999506,3,40,3,"31,43,59",0.0019082723916440027,False,51.805853677215055
Z,dcrab_train8,0.05,14,0.9999871163091861,1.2883690813869642e-05,8.604365601999506,3,40,3,"31,43,59",0.0019082723916440027,False,51.805853677215055
Z,dcrab_train8,0.05,15,0.9999800269153679,1.997308463208558e-05,8.604365601999506,3,40,3,"31,43,59",0.0019082723916440027,False,51.805853677215055
Z,dcrab_train8,0.05,16,0.9999500227482501,4.997725174993306e-05,8.604365601999506,3,40,3,"31,43,59",0.0019082723916440027,False,51.805853677215055
Z,dcrab_train8,0.05,17,0.9999735552867557,2.6444713244311302e-05,8.604365601999506,3,40,3,"31,43,59",0.0019082723916440027,False,51.805853677215055
Z,dcrab_train8,0.05,18,0.9999338786617891,6.61213382109338e-05,8.604365601999506,3,40,3,"31,43,59",0.0019082723916440027,False,51.805853677215055
Z,dcrab_train8,0.05,19,0.9999187602902613,8.123970973872296e-05,8.604365601999506,3,40,3,"31,43,59",0.0019082723916440027,False,51.805853677215055
Z,dcrab_train8,0.05,20,0.9999819135470165,1.8086452983512302e-05,8.604365601999506,3,40,3,"31,43,59",0.0019082723916440027,False,51.805853677215055
Z,dcrab_train8,0.05,21,0.9999513651208769,4.8634879123099495e-05,8.604365601999506,3,40,3,"31,43,59",0.0019082723916440027,False,51.805853677215055
Z,dcrab_train8,0.05,22,0.9999977278946002,2.2721053998253637e-06,8.604365601999506,3,40,3,"31,43,59",0.0019082723916440027,False,51.805853677215055
Z,dcrab_train8,0.05,23,0.9999958961023186,4.103897681351221e-06,8.604365601999506,3,40,3,"31,43,59",0.0019082723916440027,False,51.805853677215055
Z,dcrab_train8,0.05,24,0.999961373104375,3.862689562494914e-05,8.604365601999506,3,40,3,"31,43,59",0.0019082723916440027,False,51.805853677215055
Z,dcrab_train8,0.05,25,0.9999670355730198,3.2964426980197636e-05,8.604365601999506,3,40,3,"31,43,59",0.0019082723916440027,False,51.805853677215055
Z,dcrab_train8,0.05,26,0.999981710334967,1.828966503303331e-05,8.604365601999506,3,40,3,"31,43,59",0.0019082723916440027,False,51.805853677215055
Z,dcrab_train8,0.05,27,0.99996324767773,3.6752322269961724e-05,8.604365601999506,3,40,3,"31,43,59",0.0019082723916440027,False,51.805853677215055
Z,dcrab_train8,0.05,28,0.9998143410050873,0.00018565899491274074,8.604365601999506,3,40,3,"31,43,59",0.0019082723916440027,False,51.805853677215055
Z,dcrab_train8,0.05,29,0.9998572515318562,0.00014274846814377185,8.604365601999506,3,40,3,"31,43,59",0.0019082723916440027,False,51.805853677215055
Z,dcrab_train8,0.05,30,0.9999672544791214,3.2745520878618706e-05,8.604365601999506,3,40,3,"31,43,59",0.0019082723916440027,False,51.805853677215055
Z,dcrab_train8,0.05,31,0.9999447593583786,5.5240641621434605e-05,8.604365601999506,3,40,3,"31,43,59",0.0019082723916440027,False,51.805853677215055
Z,dcrab_train8,0.05,32,0.9999928723676228,7.12763237720182e-06,8.604365601999506,3,40,3,"31,43,59",0.0019082723916440027,False,51.805853677215055
Z,dcrab_train8,0.05,33,0.9997774347943549,0.00022256520564511995,8.604365601999506,3,40,3,"31,43,59",0.0019082723916440027,False,51.805853677215055
Z,dcrab_train8,0.05,34,0.9998894059217021,0.0001105940782979431,8.604365601999506,3,40,3,"31,43,59",0.0019082723916440027,False,51.805853677215055
Z,dcrab_train8,0.05,35,0.9998778160394831,0.00012218396051688618,8.604365601999506,3,40,3,"31,43,59",0.0019082723916440027,False,51.805853677215055
Z,dcrab_train8,0.05,36,0.9999127540682275,8.724593177245055e-05,8.604365601999506,3,40,3,"31,43,59",0.0019082723916440027,False,51.805853677215055
Z,dcrab_train8,0.05,37,0.9999794843703591,2.0515629640893707e-05,8.604365601999506,3,40,3,"31,43,59",0.0019082723916440027,False,51.805853677215055
Z,dcrab_train8,0.05,38,0.9999900891486868,9.910851313188473e-06,8.604365601999506,3,40,3,"31,43,59",0.0019082723916440027,False,51.805853677215055
Z,dcrab_train8,0.05,39,0.9999844028481117,1.5597151888258054e-05,8.604365601999506,3,40,3,"31,43,59",0.0019082723916440027,False,51.805853677215055
Z,dcrab_train8,0.05,40,0.9999989815934727,1.018406527331095e-06,8.604365601999506,3,40,3,"31,43,59",0.0019082723916440027,False,51.805853677215055
Z,dcrab_train8,0.05,41,0.9997663149677516,0.00023368503224840964,8.604365601999506,3,40,3,"31,43,59",0.0019082723916440027,False,51.805853677215055
Z,dcrab_train8,0.05,42,0.9997884853986188,0.00021151460138124634,8.604365601999506,3,40,3,"31,43,59",0.0019082723916440027,False,51.805853677215055
Z,dcrab_train8,0.05,43,0.9999521268654226,4.787313457743636e-05,8.604365601999506,3,40,3,"31,43,59",0.0019082723916440027,False,51.805853677215055
Z,dcrab_train8,0.05,44,0.9999852407485184,1.4759251481644142e-05,8.604365601999506,3,40,3,"31,43,59",0.0019082723916440027,False,51.805853677215055
Z,dcrab_train8,0.05,45,0.9999924094064598,7.590593540163226e-06,8.604365601999506,3,40,3,"31,43,59",0.0019082723916440027,False,51.805853677215055
Z,dcrab_train8,0.05,46,0.9998895167690443,0.00011048323095574908,8.604365601999506,3,40,3,"31,43,59",0.0019082723916440027,False,51.805853677215055
Z,dcrab_train8,0.05,47,0.9999773860816306,2.261391836944071e-05,8.604365601999506,3,40,3,"31,43,59",0.0019082723916440027,False,51.805853677215055
Z,dcrab_train8,0.05,48,0.9999250581001956,7.49418998043927e-05,8.604365601999506,3,40,3,"31,43,59",0.0019082723916440027,False,51.805853677215055
Z,dcrab_train8,0.05,49,0.9999814091901107,1.859080988930728e-05,8.604365601999506,3,40,3,"31,43,59",0.0019082723916440027,False,51.805853677215055
Z,dcrab_train8,0.05,50,0.9997862936569867,0.00021370634301332014,8.604365601999506,3,40,3,"31,43,59",0.0019082723916440027,False,51.805853677215055
Z,dcrab_train8,0.05,51,0.9999998192422046,1.8075779539827863e-07,8.604365601999506,3,40,3,"31,43,59",0.0019082723916440027,False,51.805853677215055
Z,dcrab_train8,0.05,52,0.9997666166770738,0.00023338332292621722,8.604365601999506,3,40,3,"31,43,59",0.0019082723916440027,False,51.805853677215055
Z,dcrab_train8,0.05,53,0.9998248193843204,0.0001751806156795599,8.604365601999506,3,40,3,"31,43,59",0.0019082723916440027,False,51.805853677215055
Z,dcrab_train8,0.05,54,0.9999772854730151,2.2714526984879413e-05,8.604365601999506,3,40,3,"31,43,59",0.0019082723916440027,False,51.805853677215055
Z,dcrab_train8,0.05,55,0.9998849180988764,0.00011508190112363703,8.604365601999506,3,40,3,"31,43,59",0.0019082723916440027,False,51.805853677215055
Z,dcrab_train8,0.05,56,0.9999873494940763,1.2650505923694766e-05,8.604365601999506,3,40,3,"31,43,59",0.0019082723916440027,False,51.805853677215055
Z,dcrab_train8,0.05,57,0.9999514467848415,4.8553215158508856e-05,8.604365601999506,3,40,3,"31,43,59",0.0019082723916440027,False,51.805853677215055
Z,dcrab_train8,0.05,58,0.9999795173258794,2.0482674120581024e-05,8.604365601999506,3,40,3,"31,43,59",0.0019082723916440027,False,51.805853677215055
Z,dcrab_train8,0.05,59,0.9999509773750722,4.902262492778586e-05,8.604365601999506,3,40,3,"31,43,59",0.0019082723916440027,False,51.805853677215055
Z,dcrab_train8,0.08,10,0.9999214994059495,7.850059405045684e-05,8.604365601999506,3,40,3,"31,43,59",0.0019082723916440027,False,51.805853677215055
Z,dcrab_train8,0.08,11,0.99994429757516,5.570242483998733e-05,8.604365601999506,3,40,3,"31,43,59",0.0019082723916440027,False,51.805853677215055
Z,dcrab_train8,0.08,12,0.999912180688018,8.781931198198478e-05,8.604365601999506,3,40,3,"31,43,59",0.0019082723916440027,False,51.805853677215055
Z,dcrab_train8,0.08,13,0.9997191024644074,0.00028089753559257247,8.604365601999506,3,40,3,"31,43,59",0.0019082723916440027,False,51.805853677215055
Z,dcrab_train8,0.08,14,0.999907941747402,9.205825259794853e-05,8.604365601999506,3,40,3,"31,43,59",0.0019082723916440027,False,51.805853677215055
Z,dcrab_train8,0.08,15,0.9997403364746748,0.00025966352532524883,8.604365601999506,3,40,3,"31,43,59",0.0019082723916440027,False,51.805853677215055
Z,dcrab_train8,0.08,16,0.9996014249224789,0.00039857507752105725,8.604365601999506,3,40,3,"31,43,59",0.0019082723916440027,False,51.805853677215055
Z,dcrab_train8,0.08,17,0.9996259950895761,0.0003740049104239418,8.604365601999506,3,40,3,"31,43,59",0.0019082723916440027,False,51.805853677215055
Z,dcrab_train8,0.08,18,0.9999242460043041,7.575399569592633e-05,8.604365601999506,3,40,3,"31,43,59",0.0019082723916440027,False,51.805853677215055
Z,dcrab_train8,0.08,19,0.9996072410311285,0.0003927589688714761,8.604365601999506,3,40,3,"31,43,59",0.0019082723916440027,False,51.805853677215055
Z,dcrab_train8,0.08,20,0.9998578653914241,0.00014213460857592786,8.604365601999506,3,40,3,"31,43,59",0.0019082723916440027,False,51.805853677215055
Z,dcrab_train8,0.08,21,0.9997881999610164,0.00021180003898357835,8.604365601999506,3,40,3,"31,43,59",0.0019082723916440027,False,51.805853677215055
Z,dcrab_train8,0.08,22,0.9999724464913762,2.755350862382322e-05,8.604365601999506,3,40,3,"31,43,59",0.0019082723916440027,False,51.805853677215055
Z,dcrab_train8,0.08,23,0.9998276964979725,0.00017230350202745992,8.604365601999506,3,40,3,"31,43,59",0.0019082723916440027,False,51.805853677215055
Z,dcrab_train8,0.08,24,0.9995814777921344,0.00041852220786564587,8.604365601999506,3,40,3,"31,43,59",0.0019082723916440027,False,51.805853677215055
Z,dcrab_train8,0.08,25,0.9996769790140374,0.00032302098596259654,8.604365601999506,3,40,3,"31,43,59",0.0019082723916440027,False,51.805853677215055
Z,dcrab_train8,0.08,26,0.999997003075171,2.996924828968517e-06,8.604365601999506,3,40,3,"31,43,59",0.0019082723916440027,False,51.805853677215055
Z,dcrab_train8,0.08,27,0.9999585265111098,4.147348889016467e-05,8.604365601999506,3,40,3,"31,43,59",0.0019082723916440027,False,51.805853677215055
Z,dcrab_train8,0.08,28,0.999056821989495,0.0009431780105050303,8.604365601999506,3,40,3,"31,43,59",0.0019082723916440027,False,51.805853677215055
Z,dcrab_train8,0.08,29,0.9993325129720241,0.0006674870279759215,8.604365601999506,3,40,3,"31,43,59",0.0019082723916440027,False,51.805853677215055
Z,dcrab_train8,0.08,30,0.999629486822799,0.00037051317720104837,8.604365601999506,3,40,3,"31,43,59",0.0019082723916440027,False,51.805853677215055
Z,dcrab_train8,0.08,31,0.9995324423905619,0.0004675576094380629,8.604365601999506,3,40,3,"31,43,59",0.0019082723916440027,False,51.805853677215055
Z,dcrab_train8,0.08,32,0.9998897025859683,0.00011029741403167925,8.604365601999506,3,40,3,"31,43,59",0.0019082723916440027,False,51.805853677215055
Z,dcrab_train8,0.08,33,0.9995359344245941,0.0004640655754059031,8.604365601999506,3,40,3,"31,43,59",0.0019082723916440027,False,51.805853677215055
Z,dcrab_train8,0.08,34,0.9998146352553177,0.000185364744682337,8.604365601999506,3,40,3,"31,43,59",0.0019082723916440027,False,51.805853677215055
Z,dcrab_train8,0.08,35,0.9991880132104868,0.0008119867895132193,8.604365601999506,3,40,3,"31,43,59",0.0019082723916440027,False,51.805853677215055
Z,dcrab_train8,0.08,36,0.9994817033527333,0.0005182966472666584,8.604365601999506,3,40,3,"31,43,59",0.0019082723916440027,False,51.805853677215055
Z,dcrab_train8,0.08,37,0.9997653057110373,0.00023469428896272237,8.604365601999506,3,40,3,"31,43,59",0.0019082723916440027,False,51.805853677215055
Z,dcrab_train8,0.08,38,0.9999753710360255,2.4628963974482332e-05,8.604365601999506,3,40,3,"31,43,59",0.0019082723916440027,False,51.805853677215055
Z,dcrab_train8,0.08,39,0.9999259670700811,7.40329299189213e-05,8.604365601999506,3,40,3,"31,43,59",0.0019082723916440027,False,51.805853677215055
Z,dcrab_train8,0.08,40,0.9999731103729719,2.688962702812603e-05,8.604365601999506,3,40,3,"31,43,59",0.0019082723916440027,False,51.805853677215055
Z,dcrab_train8,0.08,41,0.9987753569326618,0.0012246430673381603,8.604365601999506,3,40,3,"31,43,59",0.0019082723916440027,False,51.805853677215055
Z,dcrab_train8,0.08,42,0.999556626922469,0.0004433730775309508,8.604365601999506,3,40,3,"31,43,59",0.0019082723916440027,False,51.805853677215055
Z,dcrab_train8,0.08,43,0.9997755036395862,0.00022449636041377286,8.604365601999506,3,40,3,"31,43,59",0.0019082723916440027,False,51.805853677215055
Z,dcrab_train8,0.08,44,0.9999860793312074,1.3920668792577473e-05,8.604365601999506,3,40,3,"31,43,59",0.0019082723916440027,False,51.805853677215055
Z,dcrab_train8,0.08,45,0.9999969837449169,3.0162550831436263e-06,8.604365601999506,3,40,3,"31,43,59",0.0019082723916440027,False,51.805853677215055
Z,dcrab_train8,0.08,46,0.9995882229856615,0.0004117770143384769,8.604365601999506,3,40,3,"31,43,59",0.0019082723916440027,False,51.805853677215055
Z,dcrab_train8,0.08,47,0.9999118239996208,8.817600037924755e-05,8.604365601999506,3,40,3,"31,43,59",0.0019082723916440027,False,51.805853677215055
Z,dcrab_train8,0.08,48,0.9996920643482253,0.0003079356517746712,8.604365601999506,3,40,3,"31,43,59",0.0019082723916440027,False,51.805853677215055
Z,dcrab_train8,0.08,49,0.9999075675413537,9.243245864631877e-05,8.604365601999506,3,40,3,"31,43,59",0.0019082723916440027,False,51.805853677215055
Z,dcrab_train8,0.08,50,0.9995581637635855,0.00044183623641447234,8.604365601999506,3,40,3,"31,43,59",0.0019082723916440027,False,51.805853677215055
Z,dcrab_train8,0.08,51,0.9999668911764525,3.310882354745637e-05,8.604365601999506,3,40,3,"31,43,59",0.0019082723916440027,False,51.805853677215055
Z,dcrab_train8,0.08,52,0.9988290413994046,0.001170958600595351,8.604365601999506,3,40,3,"31,43,59",0.0019082723916440027,False,51.805853677215055
Z,dcrab_train8,0.08,53,0.9996442397996671,0.0003557602003328997,8.604365601999506,3,40,3,"31,43,59",0.0019082723916440027,False,51.805853677215055
Z,dcrab_train8,0.08,54,0.9996761702490161,0.0003238297509838839,8.604365601999506,3,40,3,"31,43,59",0.0019082723916440027,False,51.805853677215055
Z,dcrab_train8,0.08,55,0.9998321272274421,0.00016787277255791988,8.604365601999506,3,40,3,"31,43,59",0.0019082723916440027,False,51.805853677215055
Z,dcrab_train8,0.08,56,0.999795258589813,0.00020474141018700376,8.604365601999506,3,40,3,"31,43,59",0.0019082723916440027,False,51.805853677215055
Z,dcrab_train8,0.08,57,0.9999272890390684,7.271096093164342e-05,8.604365601999506,3,40,3,"31,43,59",0.0019082723916440027,False,51.805853677215055
Z,dcrab_train8,0.08,58,0.9999158216202202,8.417837977980902e-05,8.604365601999506,3,40,3,"31,43,59",0.0019082723916440027,False,51.805853677215055
Z,dcrab_train8,0.08,59,0.999649700364722,0.00035029963527799524,8.604365601999506,3,40,3,"31,43,59",0.0019082723916440027,False,51.805853677215055
H,dcrab_train8,0.05,10,0.9999436894768947,5.631052310528517e-05,4.971624427306295,3,40,3,"31,43,59",0.0011052280867883623,False,71.00758238811977
H,dcrab_train8,0.05,11,0.999983415201168,1.6584798832042225e-05,4.971624427306295,3,40,3,"31,43,59",0.0011052280867883623,False,71.00758238811977
H,dcrab_train8,0.05,12,0.9999737765489852,2.622345101477297e-05,4.971624427306295,3,40,3,"31,43,59",0.0011052280867883623,False,71.00758238811977
H,dcrab_train8,0.05,13,0.9999819345101031,1.8065489896912368e-05,4.971624427306295,3,40,3,"31,43,59",0.0011052280867883623,False,71.00758238811977
H,dcrab_train8,0.05,14,0.9998729378068621,0.00012706219313785017,4.971624427306295,3,40,3,"31,43,59",0.0011052280867883623,False,71.00758238811977
H,dcrab_train8,0.05,15,0.9999889228949386,1.1077105061430004e-05,4.971624427306295,3,40,3,"31,43,59",0.0011052280867883623,False,71.00758238811977
H,dcrab_train8,0.05,16,0.9999597454085798,4.025459142020793e-05,4.971624427306295,3,40,3,"31,43,59",0.0011052280867883623,False,71.00758238811977
H,dcrab_train8,0.05,17,0.9998316226066067,0.00016837739339325974,4.971624427306295,3,40,3,"31,43,59",0.0011052280867883623,False,71.00758238811977
H,dcrab_train8,0.05,18,0.9999878313241578,1.216867584219461e-05,4.971624427306295,3,40,3,"31,43,59",0.0011052280867883623,False,71.00758238811977
H,dcrab_train8,0.05,19,0.9999060564237796,9.394357622038996e-05,4.971624427306295,3,40,3,"31,43,59",0.0011052280867883623,False,71.00758238811977
H,dcrab_train8,0.05,20,0.9999702361683016,2.9763831698392806e-05,4.971624427306295,3,40,3,"31,43,59",0.0011052280867883623,False,71.00758238811977
H,dcrab_train8,0.05,21,0.999941243724568,5.875627543194817e-05,4.971624427306295,3,40,3,"31,43,59",0.0011052280867883623,False,71.00758238811977
H,dcrab_train8,0.05,22,0.9999436340214433,5.6365978556738305e-05,4.971624427306295,3,40,3,"31,43,59",0.0011052280867883623,False,71.00758238811977
H,dcrab_train8,0.05,23,0.9998573175574423,0.00014268244255766227,4.971624427306295,3,40,3,"31,43,59",0.0011052280867883623,False,71.00758238811977
H,dcrab_train8,0.05,24,0.9998204256651467,0.0001795743348532719,4.971624427306295,3,40,3,"31,43,59",0.0011052280867883623,False,71.00758238811977
H,dcrab_train8,0.05,25,0.9997984840540541,0.00020151594594586264,4.971624427306295,3,40,3,"31,43,59",0.0011052280867883623,False,71.00758238811977
H,dcrab_train8,0.05,26,0.9999884369297306,1.1563070269393627e-05,4.971624427306295,3,40,3,"31,43,59",0.0011052280867883623,False,71.00758238811977
H,dcrab_train8,0.05,27,0.9999473001725666,5.269982743338897e-05,4.971624427306295,3,40,3,"31,43,59",0.0011052280867883623,False,71.00758238811977
H,dcrab_train8,0.05,28,0.9999043584712475,9.564152875252141e-05,4.971624427306295,3,40,3,"31,43,59",0.0011052280867883623,False,71.00758238811977
H,dcrab_train8,0.05,29,0.9998855366827906,0.00011446331720943448,4.971624427306295,3,40,3,"31,43,59",0.0011052280867883623,False,71.00758238811977
H,dcrab_train8,0.05,30,0.9998599908796919,0.00014000912030809332,4.971624427306295,3,40,3,"31,43,59",0.0011052280867883623,False,71.00758238811977
H,dcrab_train8,0.05,31,0.9999627876435002,3.721235649978283e-05,4.971624427306295,3,40,3,"31,43,59",0.0011052280867883623,False,71.00758238811977
H,dcrab_train8,0.05,32,0.9999403905455807,5.960945441929599e-05,4.971624427306295,3,40,3,"31,43,59",0.0011052280867883623,False,71.00758238811977
H,dcrab_train8,0.05,33,0.9999833566502481,1.664334975193249e-05,4.971624427306295,3,40,3,"31,43,59",0.0011052280867883623,False,71.00758238811977
H,dcrab_train8,0.05,34,0.9999974025830909,2.5974169091114163e-06,4.971624427306295,3,40,3,"31,43,59",0.0011052280867883623,False,71.00758238811977
H,dcrab_train8,0.05,35,0.9999436522543899,5.634774561014133e-05,4.971624427306295,3,40,3,"31,43,59",0.0011052280867883623,False,71.00758238811977
H,dcrab_train8,0.05,36,0.9999434297698448,5.6570230155150725e-05,4.971624427306295,3,40,3,"31,43,59",0.0011052280867883623,False,71.00758238811977
H,dcrab_train8,0.05,37,0.999819784310625,0.0001802156893749851,4.971624427306295,3,40,3,"31,43,59",0.0011052280867883623,False,71.00758238811977
H,dcrab_train8,0.05,38,0.9998479892487706,0.00015201075122939223,4.971624427306295,3,40,3,"31,43,59",0.0011052280867883623,False,71.00758238811977
H,dcrab_train8,0.05,39,0.999979118307099,2.088169290104247e-05,4.971624427306295,3,40,3,"31,43,59",0.0011052280867883623,False,71.00758238811977
H,dcrab_train8,0.05,40,0.9999658636220911,3.4136377908944304e-05,4.971624427306295,3,40,3,"31,43,59",0.0011052280867883623,False,71.00758238811977
H,dcrab_train8,0.05,41,0.9999062265223864,9.377347761363453e-05,4.971624427306295,3,40,3,"31,43,59",0.0011052280867883623,False,71.00758238811977
H,dcrab_train8,0.05,42,0.9999858852299949,1.4114770005124733e-05,4.971624427306295,3,40,3,"31,43,59",0.0011052280867883623,False,71.00758238811977
H,dcrab_train8,0.05,43,0.9999710273771565,2.8972622843514984e-05,4.971624427306295,3,40,3,"31,43,59",0.0011052280867883623,False,71.00758238811977
H,dcrab_train8,0.05,44,0.9998525902057911,0.0001474097942089081,4.971624427306295,3,40,3,"31,43,59",0.0011052280867883623,False,71.00758238811977
H,dcrab_train8,0.05,45,0.9999885550193085,1.1444980691499573e-05,4.971624427306295,3,40,3,"31,43,59",0.0011052280867883623,False,71.00758238811977
H,dcrab_train8,0.05,46,0.9998625707339227,0.00013742926607729355,4.971624427306295,3,40,3,"31,43,59",0.0011052280867883623,False,71.00758238811977
H,dcrab_train8,0.05,47,0.9998262111396518,0.00017378886034824514,4.971624427306295,3,40,3,"31,43,59",0.0011052280867883623,False,71.00758238811977
H,dcrab_train8,0.05,48,0.9998971336572798,0.00010286634272016482,4.971624427306295,3,40,3,"31,43,59",0.0011052280867883623,False,71.00758238811977
H,dcrab_train8,0.05,49,0.9999971992234025,2.8007765975335275e-06,4.971624427306295,3,40,3,"31,43,59",0.0011052280867883623,False,71.00758238811977
H,dcrab_train8,0.05,50,0.9999769876272331,2.3012372766917366e-05,4.971624427306295,3,40,3,"31,43,59",0.0011052280867883623,False,71.00758238811977
H,dcrab_train8,0.05,51,0.9999892363324538,1.076366754615421e-05,4.971624427306295,3,40,3,"31,43,59",0.0011052280867883623,False,71.00758238811977
H,dcrab_train8,0.05,52,0.9998912369941441,0.00010876300585593857,4.971624427306295,3,40,3,"31,43,59",0.0011052280867883623,False,71.00758238811977
H,dcrab_train8,0.05,53,0.9999945843465867,5.415653413276544e-06,4.971624427306295,3,40,3,"31,43,59",0.0011052280867883623,False,71.00758238811977
H,dcrab_train8,0.05,54,0.9999839798893981,1.6020110601866477e-05,4.971624427306295,3,40,3,"31,43,59",0.0011052280867883623,False,71.00758238811977
H,dcrab_train8,0.05,55,0.999994903085418,5.096914581947942e-06,4.971624427306295,3,40,3,"31,43,59",0.0011052280867883623,False,71.00758238811977
H,dcrab_train8,0.05,56,0.9999757882616511,2.4211738348878242e-05,4.971624427306295,3,40,3,"31,43,59",0.0011052280867883623,False,71.00758238811977
H,dcrab_train8,0.05,57,0.9999857248246773,1.4275175322708833e-05,4.971624427306295,3,40,3,"31,43,59",0.0011052280867883623,False,71.00758238811977
H,dcrab_train8,0.05,58,0.9998214583029492,0.0001785416970507825,4.971624427306295,3,40,3,"31,43,59",0.0011052280867883623,False,71.00758238811977
H,dcrab_train8,0.05,59,0.9999545328155515,4.546718444853326e-05,4.971624427306295,3,40,3,"31,43,59",0.0011052280867883623,False,71.00758238811977
H,dcrab_train8,0.08,10,0.9999318714517471,6.812854825288817e-05,4.971624427306295,3,40,3,"31,43,59",0.0011052280867883623,False,71.00758238811977
H,dcrab_train8,0.08,11,0.9999149519907671,8.504800923292422e-05,4.971624427306295,3,40,3,"31,43,59",0.0011052280867883623,False,71.00758238811977
H,dcrab_train8,0.08,12,0.9998493026966093,0.00015069730339067888,4.971624427306295,3,40,3,"31,43,59",0.0011052280867883623,False,71.00758238811977
H,dcrab_train8,0.08,13,0.9998307251650843,0.00016927483491568918,4.971624427306295,3,40,3,"31,43,59",0.0011052280867883623,False,71.00758238811977
H,dcrab_train8,0.08,14,0.9996728753966264,0.0003271246033735853,4.971624427306295,3,40,3,"31,43,59",0.0011052280867883623,False,71.00758238811977
H,dcrab_train8,0.08,15,0.9999856111540704,1.4388845929635963e-05,4.971624427306295,3,40,3,"31,43,59",0.0011052280867883623,False,71.00758238811977
H,dcrab_train8,0.08,16,0.9999004014913352,9.959850866481101e-05,4.971624427306295,3,40,3,"31,43,59",0.0011052280867883623,False,71.00758238811977
H,dcrab_train8,0.08,17,0.9994764778823289,0.0005235221176711491,4.971624427306295,3,40,3,"31,43,59",0.0011052280867883623,False,71.00758238811977
H,dcrab_train8,0.08,18,0.999860127593968,0.00013987240603197115,4.971624427306295,3,40,3,"31,43,59",0.0011052280867883623,False,71.00758238811977
H,dcrab_train8,0.08,19,0.9995791014860163,0.00042089851398374734,4.971624427306295,3,40,3,"31,43,59",0.0011052280867883623,False,71.00758238811977
H,dcrab_train8,0.08,20,0.9999004428452236,9.955715477638627e-05,4.971624427306295,3,40,3,"31,43,59",0.0011052280867883623,False,71.00758238811977
H,dcrab_train8,0.08,21,0.9999316601993625,6.833980063747358e-05,4.971624427306295,3,40,3,"31,43,59",0.0011052280867883623,False,71.00758238811977
H,dcrab_train8,0.08,22,0.999926494151613,7.350584838694552e-05,4.971624427306295,3,40,3,"31,43,59",0.0011052280867883623,False,71.00758238811977
H,dcrab_train8,0.08,23,0.9995235536080357,0.0004764463919643136,4.971624427306295,3,40,3,"31,43,59",0.0011052280867883623,False,71.00758238811977
H,dcrab_train8,0.08,24,0.9994670585672443,0.0005329414327557291,4.971624427306295,3,40,3,"31,43,59",0.0011052280867883623,False,71.00758238811977
H,dcrab_train8,0.08,25,0.9993930909257804,0.0006069090742195637,4.971624427306295,3,40,3,"31,43,59",0.0011052280867883623,False,71.00758238811977
H,dcrab_train8,0.08,26,0.9998777313763809,0.00012226862361908175,4.971624427306295,3,40,3,"31,43,59",0.0011052280867883623,False,71.00758238811977
H,dcrab_train8,0.08,27,0.9998423035111541,0.00015769648884589316,4.971624427306295,3,40,3,"31,43,59",0.0011052280867883623,False,71.00758238811977
H,dcrab_train8,0.08,28,0.9998452599668257,0.0001547400331742832,4.971624427306295,3,40,3,"31,43,59",0.0011052280867883623,False,71.00758238811977
H,dcrab_train8,0.08,29,0.9997913663123545,0.0002086336876454542,4.971624427306295,3,40,3,"31,43,59",0.0011052280867883623,False,71.00758238811977
H,dcrab_train8,0.08,30,0.9995861018559854,0.0004138981440146017,4.971624427306295,3,40,3,"31,43,59",0.0011052280867883623,False,71.00758238811977
H,dcrab_train8,0.08,31,0.999915446903915,8.455309608501604e-05,4.971624427306295,3,40,3,"31,43,59",0.0011052280867883623,False,71.00758238811977
H,dcrab_train8,0.08,32,0.9997892504837846,0.0002107495162153583,4.971624427306295,3,40,3,"31,43,59",0.0011052280867883623,False,71.00758238811977
H,dcrab_train8,0.08,33,0.9999280563354667,7.1943664533336e-05,4.971624427306295,3,40,3,"31,43,59",0.0011052280867883623,False,71.00758238811977
H,dcrab_train8,0.08,34,0.999994318452019,5.681547980973534e-06,4.971624427306295,3,40,3,"31,43,59",0.0011052280867883623,False,71.00758238811977
H,dcrab_train8,0.08,35,0.9998775966965583,0.00012240330344170935,4.971624427306295,3,40,3,"31,43,59",0.0011052280867883623,False,71.00758238811977
H,dcrab_train8,0.08,36,0.9999418103060516,5.8189693948440535e-05,4.971624427306295,3,40,3,"31,43,59",0.0011052280867883623,False,71.00758238811977
H,dcrab_train8,0.08,37,0.9994789139808932,0.0005210860191068312,4.971624427306295,3,40,3,"31,43,59",0.0011052280867883623,False,71.00758238811977
H,dcrab_train8,0.08,38,0.9995110634487244,0.0004889365512755761,4.971624427306295,3,40,3,"31,43,59",0.0011052280867883623,False,71.00758238811977
H,dcrab_train8,0.08,39,0.9998511719975918,0.00014882800240823002,4.971624427306295,3,40,3,"31,43,59",0.0011052280867883623,False,71.00758238811977
H,dcrab_train8,0.08,40,0.9999666015925587,3.339840744132072e-05,4.971624427306295,3,40,3,"31,43,59",0.0011052280867883623,False,71.00758238811977
H,dcrab_train8,0.08,41,0.999841800953873,0.00015819904612701663,4.971624427306295,3,40,3,"31,43,59",0.0011052280867883623,False,71.00758238811977
H,dcrab_train8,0.08,42,0.9998515392377387,0.00014846076226127103,4.971624427306295,3,40,3,"31,43,59",0.0011052280867883623,False,71.00758238811977
H,dcrab_train8,0.08,43,0.9999881039797334,1.1896020266632945e-05,4.971624427306295,3,40,3,"31,43,59",0.0011052280867883623,False,71.00758238811977
H,dcrab_train8,0.08,44,0.9995304144006771,0.0004695855993228637,4.971624427306295,3,40,3,"31,43,59",0.0011052280867883623,False,71.00758238811977
H,dcrab_train8,0.08,45,0.9998911334360547,0.00010886656394526462,4.971624427306295,3,40,3,"31,43,59",0.0011052280867883623,False,71.00758238811977
H,dcrab_train8,0.08,46,0.999397162045227,0.0006028379547730056,4.971624427306295,3,40,3,"31,43,59",0.0011052280867883623,False,71.00758238811977
H,dcrab_train8,0.08,47,0.9995534516775443,0.00044654832245571985,4.971624427306295,3,40,3,"31,43,59",0.0011052280867883623,False,71.00758238811977
H,dcrab_train8,0.08,48,0.9994579250787983,0.0005420749212017295,4.971624427306295,3,40,3,"31,43,59",0.0011052280867883623,False,71.00758238811977
H,dcrab_train8,0.08,49,0.9998773192099241,0.00012268079007593524,4.971624427306295,3,40,3,"31,43,59",0.0011052280867883623,False,71.00758238811977
H,dcrab_train8,0.08,50,0.9999421798471702,5.7820152829846094e-05,4.971624427306295,3,40,3,"31,43,59",0.0011052280867883623,False,71.00758238811977
H,dcrab_train8,0.08,51,0.9999303066048282,6.969339517182149e-05,4.971624427306295,3,40,3,"31,43,59",0.0011052280867883623,False,71.00758238811977
H,dcrab_train8,0.08,52,0.9997925127849813,0.00020748721501873124,4.971624427306295,3,40,3,"31,43,59",0.0011052280867883623,False,71.00758238811977
H,dcrab_train8,0.08,53,0.9999445630798682,5.5436920131768375e-05,4.971624427306295,3,40,3,"31,43,59",0.0011052280867883623,False,71.00758238811977
H,dcrab_train8,0.08,54,0.9999654815077157,3.451849228430781e-05,4.971624427306295,3,40,3,"31,43,59",0.0011052280867883623,False,71.00758238811977
H,dcrab_train8,0.08,55,0.999843787584537,0.00015621241546304176,4.971624427306295,3,40,3,"31,43,59",0.0011052280867883623,False,71.00758238811977
H,dcrab_train8,0.08,56,0.9999309255055818,6.907449441817537e-05,4.971624427306295,3,40,3,"31,43,59",0.0011052280867883623,False,71.00758238811977
H,dcrab_train8,0.08,57,0.9999597082889303,4.029171106967322e-05,4.971624427306295,3,40,3,"31,43,59",0.0011052280867883623,False,71.00758238811977
H,dcrab_train8,0.08,58,0.9995275032720384,0.00047249672796156883,4.971624427306295,3,40,3,"31,43,59",0.0011052280867883623,False,71.00758238811977
H,dcrab_train8,0.08,59,0.9998675686657669,0.00013243133423312958,4.971624427306295,3,40,3,"31,43,59",0.0011052280867883623,False,71.00758238811977
