task,step,method,previous_terminal_phi,shift_tail_phi,tail_phi_abs_error,best_margin,best_fallback_phi,best_fallback_norm,terminal_outside_residual,residual_threshold,gradient_norm,line_radius
Z,1,default_alphabet,0.0020415222502339833,0.0020415222502339833,0.0,-0.00022995228460700318,0.0022714745348409865,0.0,1,0.001,nan,nan
Z,1,fine_adaptive_gradient_line,0.0020415222502339833,0.0020415222502339833,0.0,-0.00021394364247370734,0.0022554658927076907,0.00010000000000000002,1,0.001,0.001680578068059478,0.01
Z,2,default_alphabet,0.002026341232292242,0.002026341232292242,0.0,-0.0002299123378368892,0.002256253570129131,0.0,1,0.001,nan,nan
Z,2,fine_adaptive_gradient_line,0.002026341232292242,0.002026341232292242,0.0,-0.00022423897432669732,0.0022505802066189393,0.00010000000000000005,1,0.001,0.0015135087842213088,0.01
Z,3,default_alphabet,0.002256253570129131,0.002256253570129131,0.0,-0.00026874726990237796,0.002525000840031509,0.0,1,0.001,nan,nan
Z,3,fine_adaptive_gradient_line,0.002256253570129131,0.002256253570129131,0.0,-0.00023567404375585133,0.0024919276138849825,0.0004000000000000001,1,0.001,0.0018130314058681582,0.02
Z,4,default_alphabet,0.0023834887293366497,0.0023834887293366497,0.0,-0.0002724723181130387,0.0026559610474496884,0.0,1,0.001,nan,nan
Z,4,fine_adaptive_gradient_line,0.0023834887293366497,0.0023834887293366497,0.0,-0.00023360605803086215,0.002617094787367512,0.0015999999999999996,1,0.001,0.001450452123016208,0.04
Z,5,default_alphabet,0.002584536389571887,0.002584536389571887,0.0,-0.0002988723889398373,0.0028834087785117243,0.25,1,0.001,nan,nan
Z,5,fine_adaptive_gradient_line,0.002584536389571887,0.002584536389571887,0.0,-0.0002933345307077201,0.002877870920279607,0.00039999999999999996,1,0.001,0.0016477678371384296,0.02
Z,6,default_alphabet,0.0028831646562249985,0.0028831646562249985,0.0,-0.0003381215122032627,0.003221286168428261,0.0,1,0.001,nan,nan
Z,6,fine_adaptive_gradient_line,0.0028831646562249985,0.0028831646562249985,0.0,-0.0003108375017093143,0.003194002157934313,0.0004,1,0.001,0.0015234338340043066,0.02
Z,7,default_alphabet,0.003047633659873157,0.003047633659873157,0.0,-0.00028236401050325127,0.0033299976703764084,0.0,1,0.001,nan,nan
Z,7,fine_adaptive_gradient_line,0.003047633659873157,0.003047633659873157,0.0,-0.0002683105537961,0.003315944213669257,0.0001,1,0.001,0.0014849477457133877,0.01
Z,8,default_alphabet,0.0032325847099518995,0.0032325847099518995,0.0,-0.0003565017636682835,0.003589086473620183,0.0,1,0.001,nan,nan
Z,8,fine_adaptive_gradient_line,0.0032325847099518995,0.0032325847099518995,0.0,-0.00034713307081528366,0.003579717780767183,0.0008999999999999999,1,0.001,0.000551042571319759,0.03
Z,9,default_alphabet,0.0034077559489118364,0.0034077559489118364,0.0,-0.00035621410774173967,0.003763970056653576,0.24999999999999994,1,0.001,nan,nan
Z,9,fine_adaptive_gradient_line,0.0034077559489118364,0.0034077559489118364,0.0,-0.00035585841498517873,0.003763614363897015,0.0025000000000000005,1,0.001,0.0007222748243494918,0.05
Z,10,default_alphabet,0.003064422497545974,0.003064422497545974,0.0,-0.00029297240911729805,0.003357394906663272,0.24999999999999994,1,0.001,nan,nan
Z,10,fine_adaptive_gradient_line,0.003064422497545974,0.003064422497545974,0.0,-0.00029593802533142005,0.003360360522877394,9.999999999999999e-05,1,0.001,0.00021102610075816126,0.01
Z,11,default_alphabet,0.0033293719795650795,0.0033293719795650795,0.0,-0.000307469792126952,0.0036368417716920315,0.0,1,0.001,nan,nan
Z,11,fine_adaptive_gradient_line,0.0033293719795650795,0.0033293719795650795,0.0,-0.0003033324456277811,0.0036327044251928606,0.00010000000000000002,1,0.001,0.0007417176298748502,0.01
Z,12,default_alphabet,0.0035217982043523957,0.0035217982043523957,0.0,-0.000381463008088008,0.0039032612124404037,0.0,1,0.001,nan,nan
Z,12,fine_adaptive_gradient_line,0.0035217982043523957,0.0035217982043523957,0.0,-0.0003605664275704232,0.003882364631922819,0.0004,1,0.001,0.0012038658157107075,0.02
Z,13,default_alphabet,0.0038950659673245847,0.0038950659673245847,0.0,-0.0004629750541804492,0.004358041021505034,0.0,1,0.001,nan,nan
Z,13,fine_adaptive_gradient_line,0.0038950659673245847,0.0038950659673245847,0.0,-0.0004106302016722435,0.004305696168996828,0.0025,1,0.001,0.0014442453828923923,0.05
Z,14,default_alphabet,0.00435297100174592,0.00435297100174592,0.0,-0.0005170939544484748,0.004870064956194395,0.0,1,0.001,nan,nan
Z,14,fine_adaptive_gradient_line,0.00435297100174592,0.00435297100174592,0.0,-0.0005170939544484748,0.004870064956194395,0.0,1,0.001,0.0012949555530249847,0.0
Z,15,default_alphabet,0.00464955533587471,0.00464955533587471,0.0,-0.0005657590598830767,0.005215314395757786,0.0,1,0.001,nan,nan
Z,15,fine_adaptive_gradient_line,0.00464955533587471,0.00464955533587471,0.0,-0.000528954173839212,0.005178509509713922,0.00010000000000000002,1,0.001,0.0037598286884596888,0.01
Z,16,default_alphabet,0.005174867090535502,0.005174867090535502,0.0,-0.0006146982924905772,0.00578956538302608,0.0,1,0.001,nan,nan
Z,16,fine_adaptive_gradient_line,0.005174867090535502,0.005174867090535502,0.0,-0.0005852644966248127,0.005760131587160315,0.00010000000000000003,1,0.001,0.0030226514825405274,0.01
Z,17,default_alphabet,0.0055255909618900576,0.0055255909618900576,0.0,-0.0006217502141910719,0.0061473411760811295,0.0,1,0.001,nan,nan
Z,17,fine_adaptive_gradient_line,0.0055255909618900576,0.0055255909618900576,0.0,-0.0005746478842695024,0.00610023884615956,0.00039999999999999996,1,0.001,0.0031466917891723825,0.02
Z,18,default_alphabet,0.006092782491319559,0.006092782491319559,0.0,-0.0005456217681150122,0.006638404259434572,0.0,1,0.001,nan,nan
Z,18,fine_adaptive_gradient_line,0.006092782491319559,0.006092782491319559,0.0,-0.0005456217681150122,0.006638404259434572,0.0,1,0.001,0.0047636158166477725,0.0
Z,19,default_alphabet,0.0056280676035384836,0.0056280676035384836,0.0,-0.0004318678868058326,0.006059935490344316,0.0,1,0.001,nan,nan
Z,19,fine_adaptive_gradient_line,0.0056280676035384836,0.0056280676035384836,0.0,-0.00036936654692778376,0.005997434150466267,0.0008999999999999998,1,0.001,0.00319083767602036,0.03
Z,20,default_alphabet,0.004881731079065886,0.004881731079065886,0.0,-0.00030581804585793487,0.005187549124923821,0.24999999999999994,1,0.001,nan,nan
Z,20,fine_adaptive_gradient_line,0.004881731079065886,0.004881731079065886,0.0,-0.00029686776711015245,0.0051785988461760385,0.0025,1,0.001,0.0022450851882129014,0.05
Z,21,default_alphabet,0.005096611515210944,0.005096611515210944,0.0,-0.00025799801958963087,0.005354609534800575,0.0,1,0.001,nan,nan
Z,21,fine_adaptive_gradient_line,0.005096611515210944,0.005096611515210944,0.0,-0.00023249525240642832,0.0053291067676173726,0.0025,1,0.001,0.0009064392685433485,0.05
Z,22,default_alphabet,0.004701739725409604,0.004701739725409604,0.0,-0.00020291079802496614,0.00490465052343457,0.0,1,0.001,nan,nan
Z,22,fine_adaptive_gradient_line,0.004701739725409604,0.004701739725409604,0.0,-0.00014546182343353614,0.00484720154884314,0.004900000000000002,1,0.001,0.0014051244828901107,0.07
Z,23,default_alphabet,0.0048337679649592055,0.0048337679649592055,0.0,-0.00026532316551939467,0.0050990911304786,0.0,1,0.001,nan,nan
Z,23,fine_adaptive_gradient_line,0.0048337679649592055,0.0048337679649592055,0.0,-0.00026532316551939467,0.0050990911304786,0.0,1,0.001,5.660403280006547e-05,0.0
Z,24,default_alphabet,0.004855861042766446,0.004855861042766446,0.0,-0.00025313826222161245,0.005108999304988059,0.25,1,0.001,nan,nan
Z,24,fine_adaptive_gradient_line,0.004855861042766446,0.004855861042766446,0.0,-0.0002483687456580272,0.005104229788424473,0.0025,1,0.001,0.0008111432679256261,0.05
Z,25,default_alphabet,0.0044562383512529655,0.0044562383512529655,0.0,-0.00028538068173143,0.0047416190329843955,0.0,1,0.001,nan,nan
Z,25,fine_adaptive_gradient_line,0.0044562383512529655,0.0044562383512529655,0.0,-0.00028505448593798416,0.00474129283719095,9.999999999999999e-05,1,0.001,0.00011192127163698291,0.01
Z,26,default_alphabet,0.00467001573059516,0.00467001573059516,0.0,-0.0003574628392828058,0.005027478569877966,0.0,1,0.001,nan,nan
Z,26,fine_adaptive_gradient_line,0.00467001573059516,0.00467001573059516,0.0,-0.0003271556110152063,0.004997171341610367,0.0035999999999999995,1,0.001,0.0009813167380130336,0.06
Z,27,default_alphabet,0.004937645576920696,0.004937645576920696,0.0,-0.0004471055763157969,0.005384751153236493,0.0,1,0.001,nan,nan
Z,27,fine_adaptive_gradient_line,0.004937645576920696,0.004937645576920696,0.0,-0.0004228990209207348,0.005360544597841431,0.0035999999999999995,1,0.001,0.0008794951147158776,0.06
Z,28,default_alphabet,0.0051619721348036135,0.0051619721348036135,0.0,-0.0005320107731563786,0.005693982907959992,0.0,1,0.001,nan,nan
Z,28,fine_adaptive_gradient_line,0.0051619721348036135,0.0051619721348036135,0.0,-0.0005223732579675705,0.005684345392771184,0.0015999999999999999,1,0.001,0.0005581034492944286,0.04
Z,29,default_alphabet,0.005693982907959992,0.005693982907959992,0.0,-0.0006247143944908204,0.0063186973024508125,0.24999999999999994,1,0.001,nan,nan
Z,29,fine_adaptive_gradient_line,0.005693982907959992,0.005693982907959992,0.0,-0.0006211612057267363,0.006315144113686728,0.0015999999999999994,1,0.001,0.000674200782939045,0.04
Z,30,default_alphabet,0.005999031781424108,0.005999031781424108,0.0,-0.0007264732528529591,0.006725505034277067,0.0,1,0.001,nan,nan
Z,30,fine_adaptive_gradient_line,0.005999031781424108,0.005999031781424108,0.0,-0.0007264732528529591,0.006725505034277067,0.0,1,0.001,0.0011467484455952176,0.0
Z,31,default_alphabet,0.006630645481194353,0.006630645481194353,0.0,-0.0008101548201174119,0.007440800301311765,0.0,1,0.001,nan,nan
Z,31,fine_adaptive_gradient_line,0.006630645481194353,0.006630645481194353,0.0,-0.0007670339929498407,0.007397679474144193,9.999999999999999e-05,1,0.001,0.004391157693067134,0.01
Z,32,default_alphabet,0.007235077884662079,0.007235077884662079,0.0,-0.0008801712413931129,0.008115249126055192,0.0,1,0.001,nan,nan
Z,32,fine_adaptive_gradient_line,0.007235077884662079,0.007235077884662079,0.0,-0.0008363974518064976,0.008071475336468577,0.0004,1,0.001,0.0028220935726759994,0.02
Z,33,default_alphabet,0.007773961662153987,0.007773961662153987,0.0,-0.0008570248658265125,0.0086309865279805,0.0,1,0.001,nan,nan
Z,33,fine_adaptive_gradient_line,0.007773961662153987,0.007773961662153987,0.0,-0.0008570248658265125,0.0086309865279805,0.0,1,0.001,0.003847298993060163,0.0
Z,34,default_alphabet,0.00821560531072496,0.00821560531072496,0.0,-0.0008618329681396447,0.009077438278864605,0.0,1,0.001,nan,nan
Z,34,fine_adaptive_gradient_line,0.00821560531072496,0.00821560531072496,0.0,-0.0008339581993485612,0.009049563510073522,9.999999999999998e-05,1,0.001,0.0028663344695555853,0.01
Z,35,default_alphabet,0.0074207486152537555,0.0074207486152537555,0.0,-0.0004167550819299745,0.00783750369718373,1.0,1,0.001,nan,nan
Z,35,fine_adaptive_gradient_line,0.0074207486152537555,0.0074207486152537555,0.0,-0.0004779763126429165,0.007898724927896672,0.0015999999999999996,1,0.001,0.0005820468097672663,0.04
Z,36,default_alphabet,0.006799122493903874,0.006799122493903874,0.0,9.945984822751913e-05,0.006699662645676355,0.0,1,0.001,nan,nan
Z,36,fine_adaptive_gradient_line,0.006799122493903874,0.006799122493903874,0.0,0.00011858721055988536,0.0066805352833439885,9.999999999999999e-05,1,0.001,0.0026204724882504813,0.01
Z,37,default_alphabet,0.006699662645676355,0.006699662645676355,0.0,-9.565726627198956e-06,0.006709228372303554,0.0,1,0.001,nan,nan
Z,37,fine_adaptive_gradient_line,0.006699662645676355,0.006699662645676355,0.0,-7.566610307326027e-06,0.006707229255983681,0.00010000000000000002,1,0.001,0.00027375822137449136,0.01
Z,38,default_alphabet,0.006709228372303554,0.006709228372303554,0.0,-0.0001031054123286565,0.00681233378463221,0.0,1,0.001,nan,nan
Z,38,fine_adaptive_gradient_line,0.006709228372303554,0.006709228372303554,0.0,-0.00010264759512088051,0.006811875967424434,9.999999999999998e-05,1,0.001,8.650578878735835e-05,0.01
Z,39,default_alphabet,0.006193847468242399,0.006193847468242399,0.0,9.948903015862681e-05,0.006094358438083772,0.24999999999999994,1,0.001,nan,nan
Z,39,fine_adaptive_gradient_line,0.006193847468242399,0.006193847468242399,0.0,0.0001372629565273703,0.006056584511715028,0.0009,1,0.001,0.0015258816557065355,0.03
Z,40,default_alphabet,0.00606115499530064,0.00606115499530064,0.0,0.00015405455779862742,0.005907100437502012,0.0,1,0.001,nan,nan
Z,40,fine_adaptive_gradient_line,0.00606115499530064,0.00606115499530064,0.0,0.00015405455779862742,0.005907100437502012,0.0,1,0.001,0.0017863379887474123,0.0
Z,41,default_alphabet,0.005832370855754256,0.005832370855754256,0.0,0.00015361570721468543,0.00567875514853957,0.0,1,0.001,nan,nan
Z,41,fine_adaptive_gradient_line,0.005832370855754256,0.005832370855754256,0.0,0.00020318267906782594,0.00562918817668643,0.0003999999999999999,1,0.001,0.002636758437119435,0.02
Z,42,default_alphabet,0.005568057708460528,0.005568057708460528,0.0,7.3891695797773105e-06,0.00556066853888075,0.0,1,0.001,nan,nan
Z,42,fine_adaptive_gradient_line,0.005568057708460528,0.005568057708460528,0.0,4.1837453720987294e-05,0.00552622025473954,0.0004000000000000001,1,0.001,0.003323319496889343,0.02
Z,43,default_alphabet,0.00556066853888075,0.00556066853888075,0.0,-9.586328557289331e-05,0.005656531824453644,0.0,1,0.001,nan,nan
Z,43,fine_adaptive_gradient_line,0.00556066853888075,0.00556066853888075,0.0,-2.7414630372056548e-05,0.005588083169252807,0.0009,1,0.001,0.003529007015680176,0.03
Z,44,default_alphabet,0.005575308535733153,0.005575308535733153,0.0,-8.391023206457543e-05,0.005659218767797729,4.0,1,0.001,nan,nan
Z,44,fine_adaptive_gradient_line,0.005575308535733153,0.005575308535733153,0.0,-0.00012770340556027965,0.005703011941293433,0.0009000000000000001,1,0.001,0.003370521890846133,0.03
Z,45,default_alphabet,0.005659218767797729,0.005659218767797729,0.0,-0.0002353648526584387,0.0058945836204561675,0.0,1,0.001,nan,nan
Z,45,fine_adaptive_gradient_line,0.005659218767797729,0.005659218767797729,0.0,-0.0002353648526584387,0.0058945836204561675,0.0,1,0.001,0.003043513195958908,0.0
Z,46,default_alphabet,0.005679584473923971,0.005679584473923971,0.0,-0.00030978949641623926,0.00598937397034021,0.0,1,0.001,nan,nan
Z,46,fine_adaptive_gradient_line,0.005679584473923971,0.005679584473923971,0.0,-0.00029640170436310426,0.005975986178287075,0.00010000000000000002,1,0.001,0.0046551370485717804,0.01
Z,47,default_alphabet,0.00598937397034021,0.00598937397034021,0.0,-0.0004540219588303543,0.0064433959291705645,0.0,1,0.001,nan,nan
Z,47,fine_adaptive_gradient_line,0.00598937397034021,0.00598937397034021,0.0,-0.00040686205719842744,0.006396236027538638,9.999999999999999e-05,1,0.001,0.004795162359645618,0.01
Z,48,default_alphabet,0.006155870273861164,0.006155870273861164,0.0,-0.00045086876869412235,0.006606739042555286,0.0,1,0.001,nan,nan
Z,48,fine_adaptive_gradient_line,0.006155870273861164,0.006155870273861164,0.0,-0.00045086876869412235,0.006606739042555286,0.0,1,0.001,0.00329636363186365,0.0
Z,49,default_alphabet,0.006606739042555286,0.006606739042555286,0.0,-0.0004706678392396302,0.007077406881794916,15.999999999999996,1,0.001,nan,nan
Z,49,fine_adaptive_gradient_line,0.006606739042555286,0.006606739042555286,0.0,-0.0005963487940331483,0.007203087836588434,0.0,1,0.001,0.004845144858475534,0.0
Z,50,default_alphabet,0.007077406881794916,0.007077406881794916,0.0,-0.00042681737705940054,0.007504224258854317,0.24999999999999994,1,0.001,nan,nan
Z,50,fine_adaptive_gradient_line,0.007077406881794916,0.007077406881794916,0.0,-0.0003524578685939056,0.007429864750388822,0.0009,1,0.001,0.004806703247288337,0.03
Z,51,default_alphabet,0.00677114601225514,0.00677114601225514,0.0,-0.0003258791942876704,0.0070970252065428105,0.0,1,0.001,nan,nan
Z,51,fine_adaptive_gradient_line,0.00677114601225514,0.00677114601225514,0.0,-0.00025623431074611736,0.007027380323001257,0.0009,1,0.001,0.0034166588677648703,0.03
Z,52,default_alphabet,0.006415730322728817,0.006415730322728817,0.0,-0.00010775314341154169,0.006523483466140359,0.0,1,0.001,nan,nan
Z,52,fine_adaptive_gradient_line,0.006415730322728817,0.006415730322728817,0.0,-2.6750113525930708e-05,0.006442480436254748,0.006399999999999999,1,0.001,0.0017053423852671156,0.08
Z,53,default_alphabet,0.006005721029311295,0.006005721029311295,0.0,4.0191992462031145e-05,0.005965529036849264,0.0,1,0.001,nan,nan
Z,53,fine_adaptive_gradient_line,0.006005721029311295,0.006005721029311295,0.0,6.091499996865868e-05,0.005944806029342636,0.0024999999999999996,1,0.001,0.0008079790703441608,0.05
Z,54,default_alphabet,0.005894165063018521,0.005894165063018521,0.0,0.0003399394685033169,0.005554225594515204,16.0,1,0.001,nan,nan
Z,54,fine_adaptive_gradient_line,0.005894165063018521,0.005894165063018521,0.0,9.530865187466764e-05,0.005798856411143853,0.0004000000000000001,1,0.001,0.00026884330465233813,0.02
Z,55,default_alphabet,0.005554225594515204,0.005554225594515204,0.0,0.00028535988645593535,0.0052688657080592685,0.0,1,0.001,nan,nan
Z,55,fine_adaptive_gradient_line,0.005554225594515204,0.005554225594515204,0.0,0.00029447826950616124,0.005259747325009043,0.0001,1,0.001,0.0009908782471085937,0.01
Z,56,default_alphabet,0.0052688657080592685,0.0052688657080592685,0.0,-3.7590003996751387e-05,0.00530645571205602,0.0,1,0.001,nan,nan
Z,56,fine_adaptive_gradient_line,0.0052688657080592685,0.0052688657080592685,0.0,-1.3521473181413168e-05,0.005282387181240682,0.0036000000000000003,1,0.001,0.0008750942415564238,0.06
Z,57,default_alphabet,0.005047614256399352,0.005047614256399352,0.0,-5.8416915963400984e-05,0.005106031172362753,0.0,1,0.001,nan,nan
Z,57,fine_adaptive_gradient_line,0.005047614256399352,0.005047614256399352,0.0,1.3103991599310028e-05,0.005034510264800042,0.0016000000000000005,1,0.001,0.002105262934919383,0.04
Z,58,default_alphabet,0.004934895816565928,0.004934895816565928,0.0,-0.00016370110310274383,0.0050985969196686715,0.0,1,0.001,nan,nan
Z,58,fine_adaptive_gradient_line,0.004934895816565928,0.004934895816565928,0.0,-0.00015069501621367554,0.005085590832779603,0.0015999999999999999,1,0.001,0.0006410825216244634,0.04
Z,59,default_alphabet,0.004320207997395277,0.004320207997395277,0.0,-0.0001080755643810341,0.004428283561776311,0.9999999999999998,1,0.001,nan,nan
Z,59,fine_adaptive_gradient_line,0.004320207997395277,0.004320207997395277,0.0,-0.00013184600773776672,0.004452054005133044,0.0015999999999999999,1,0.001,0.0015119055698569815,0.04
Z,60,default_alphabet,0.004332642697693519,0.004332642697693519,0.0,-0.00010683619840763658,0.004439478896101155,0.0,1,0.001,nan,nan
Z,60,fine_adaptive_gradient_line,0.004332642697693519,0.004332642697693519,0.0,-9.139316373468764e-05,0.004424035861428206,0.0001,1,0.001,0.002225836644810562,0.01
Z,61,default_alphabet,0.004420700369955587,0.004420700369955587,0.0,-0.00016741192756805634,0.004588112297523643,0.0,1,0.001,nan,nan
Z,61,fine_adaptive_gradient_line,0.004420700369955587,0.004420700369955587,0.0,-0.00014793062892726888,0.0045686309988828555,9.999999999999999e-05,1,0.001,0.002848567603848232,0.01
Z,62,default_alphabet,0.004315247985084529,0.004315247985084529,0.0,-0.00024065130554005998,0.004555899290624589,0.0,1,0.001,nan,nan
Z,62,fine_adaptive_gradient_line,0.004315247985084529,0.004315247985084529,0.0,-0.00016328350769302669,0.004478531492777556,0.0015999999999999999,1,0.001,0.002290330644516927,0.04
Z,63,default_alphabet,0.004555899290624589,0.004555899290624589,0.0,-0.00033230736910715153,0.004888206659731741,0.25,1,0.001,nan,nan
Z,63,fine_adaptive_gradient_line,0.004555899290624589,0.004555899290624589,0.0,-0.0002793909099126565,0.0048352902005372456,0.0016000000000000007,1,0.001,0.0022768350118850486,0.04
Z,64,default_alphabet,0.004683530625814149,0.004683530625814149,0.0,-0.0003869064975056541,0.005070437123319803,0.0,1,0.001,nan,nan
Z,64,fine_adaptive_gradient_line,0.004683530625814149,0.004683530625814149,0.0,-0.0003752114035177126,0.005058742029331861,0.0001,1,0.001,0.002436512657703318,0.01
Z,65,default_alphabet,0.005001828673700817,0.005001828673700817,0.0,-0.000335723257085592,0.005337551930786409,0.0,1,0.001,nan,nan
Z,65,fine_adaptive_gradient_line,0.005001828673700817,0.005001828673700817,0.0,-0.000335723257085592,0.005337551930786409,0.0,1,0.001,0.001759194340047386,0.0
Z,66,default_alphabet,0.004797502665384021,0.004797502665384021,0.0,-0.00020037856692783212,0.004997881232311853,0.0,1,0.001,nan,nan
Z,66,fine_adaptive_gradient_line,0.004797502665384021,0.004797502665384021,0.0,-0.00019818189939407177,0.004995684564778093,0.00039999999999999996,1,0.001,0.00026346200361038343,0.02
Z,67,default_alphabet,0.004997881232311853,0.004997881232311853,0.0,-0.000263034724107325,0.005260915956419178,0.0,1,0.001,nan,nan
Z,67,fine_adaptive_gradient_line,0.004997881232311853,0.004997881232311853,0.0,-0.0002627185665553672,0.00526059979886722,0.0001,1,0.001,5.329508204874745e-05,0.01
Z,68,default_alphabet,0.004177090293189696,0.004177090293189696,0.0,7.753017496418824e-05,0.004099560118225508,0.0,1,0.001,nan,nan
Z,68,fine_adaptive_gradient_line,0.004177090293189696,0.004177090293189696,0.0,9.103545088640086e-05,0.004086054842303295,9.999999999999999e-05,1,0.001,0.001837347649113567,0.01
Z,69,default_alphabet,0.003999960271134709,0.003999960271134709,0.0,7.316029460856244e-05,0.003926799976526146,0.24999999999999994,1,0.001,nan,nan
Z,69,fine_adaptive_gradient_line,0.003999960271134709,0.003999960271134709,0.0,6.512403945626438e-05,0.003934836231678444,0.00010000000000000003,1,0.001,8.098784226964494e-05,0.01
Z,70,default_alphabet,0.0038326895183158766,0.0038326895183158766,0.0,8.729603072639425e-05,0.0037453934875894823,0.0,1,0.001,nan,nan
Z,70,fine_adaptive_gradient_line,0.0038326895183158766,0.0038326895183158766,0.0,8.77564816317844e-05,0.003744933036684092,0.00010000000000000002,1,0.001,0.00011185824501751368,0.01
Z,71,default_alphabet,0.003068970729021528,0.003068970729021528,0.0,0.00013061950161571967,0.0029383512274058082,0.0,1,0.001,nan,nan
Z,71,fine_adaptive_gradient_line,0.003068970729021528,0.003068970729021528,0.0,0.0001392236672466199,0.002929747061774908,0.0009000000000000001,1,0.001,0.0005239158748823088,0.03
Z,72,default_alphabet,0.0029383512274058082,0.0029383512274058082,0.0,6.138345768144648e-05,0.0028769677697243617,0.0,1,0.001,nan,nan
Z,72,fine_adaptive_gradient_line,0.0029383512274058082,0.0029383512274058082,0.0,6.470820150301926e-05,0.002873643025902789,0.00039999999999999996,1,0.001,0.0003228229676036604,0.02
Z,73,default_alphabet,0.0018975132623689703,0.0018975132623689703,0.0,0.00019313934747896416,0.0017043739148900061,0.25,1,0.001,nan,nan
Z,73,fine_adaptive_gradient_line,0.0018975132623689703,0.0018975132623689703,0.0,0.00020490001208180175,0.0016926132502871685,0.0009000000000000001,1,0.001,0.0016585610533349502,0.03
Z,74,default_alphabet,0.0015256332333190917,0.0015256332333190917,0.0,0.00012986727466807874,0.001395765958651013,0.0,1,0.001,nan,nan
Z,74,fine_adaptive_gradient_line,0.0015256332333190917,0.0015256332333190917,0.0,0.00012986727466807874,0.001395765958651013,0.0,1,0.001,0.0008961066602128651,0.0
Z,75,default_alphabet,0.0013564083439032912,0.0013564083439032912,0.0,6.878838290928779e-05,0.0012876199609940034,0.0,1,0.001,nan,nan
Z,75,fine_adaptive_gradient_line,0.0013564083439032912,0.0013564083439032912,0.0,6.878838290928779e-05,0.0012876199609940034,0.0,1,0.001,3.0463655348534357e-05,0.0
Z,76,default_alphabet,0.0012748431580721711,0.0012748431580721711,0.0,-7.570697986826469e-05,0.0013505501379404358,0.0,1,0.001,nan,nan
Z,76,fine_adaptive_gradient_line,0.0012748431580721711,0.0012748431580721711,0.0,-1.5343039143182746e-05,0.0012901861972153539,0.0025,1,0.001,0.001815555353537668,0.05
Z,77,default_alphabet,0.0012998158370976995,0.0012998158370976995,0.0,-0.0001705442624275605,0.00147036009952526,0.0,1,0.001,nan,nan
Z,77,fine_adaptive_gradient_line,0.0012998158370976995,0.0012998158370976995,0.0,-0.00012292225562896691,0.0014227380927266664,0.0016,1,0.001,0.0015098178705632858,0.04
Z,78,default_alphabet,0.0013725516370194576,0.0013725516370194576,0.0,-0.00014660435563918633,0.001519155992658644,0.24999999999999994,1,0.001,nan,nan
Z,78,fine_adaptive_gradient_line,0.0013725516370194576,0.0013725516370194576,0.0,-0.0001444094286015482,0.0015169610656210059,0.0008999999999999998,1,0.001,0.0013333457199434288,0.03
Z,79,default_alphabet,0.001519155992658644,0.001519155992658644,0.0,-0.00024002784688470502,0.001759183839543349,0.0,1,0.001,nan,nan
Z,79,fine_adaptive_gradient_line,0.001519155992658644,0.001519155992658644,0.0,-0.00023561788373452353,0.0017547738763931675,0.00010000000000000002,1,0.001,0.0015267878473698639,0.01
Z,80,default_alphabet,0.0017535732154342482,0.0017535732154342482,0.0,-0.00028051919725492064,0.002034092412689169,0.0,1,0.001,nan,nan
Z,80,fine_adaptive_gradient_line,0.0017535732154342482,0.0017535732154342482,0.0,-0.00027552538953416056,0.0020290986049684087,0.0004,1,0.001,0.00040920599975956474,0.02
Z,81,default_alphabet,0.002034092412689169,0.002034092412689169,0.0,-0.0003242375202504033,0.002358329932939572,0.0,1,0.001,nan,nan
Z,81,fine_adaptive_gradient_line,0.002034092412689169,0.002034092412689169,0.0,-0.00031953984859151713,0.002353632261280686,0.0004,1,0.001,0.00039432142768034496,0.02
Z,82,default_alphabet,0.002329353783913621,0.002329353783913621,0.0,-0.00033180623165374873,0.0026611600155673695,0.0,1,0.001,nan,nan
Z,82,fine_adaptive_gradient_line,0.002329353783913621,0.002329353783913621,0.0,-0.0003317934308442183,0.002661147214757839,0.00010000000000000002,1,0.001,8.011642563604045e-05,0.01
Z,83,default_alphabet,0.0025262036703329535,0.0025262036703329535,0.0,-0.00032925633540738936,0.002855460005740343,1.0,1,0.001,nan,nan
Z,83,fine_adaptive_gradient_line,0.0025262036703329535,0.0025262036703329535,0.0,-0.00034423853550578226,0.0028704422058387358,0.0008999999999999998,1,0.001,0.0004745939826394027,0.03
Z,84,default_alphabet,0.002536092610769723,0.002536092610769723,0.0,-0.0002470876187549084,0.0027831802295246316,0.0,1,0.001,nan,nan
Z,84,fine_adaptive_gradient_line,0.002536092610769723,0.002536092610769723,0.0,-0.00024230795364817148,0.0027784005644178947,0.0008999999999999999,1,0.001,0.0003974470742299176,0.03
Z,85,default_alphabet,0.0026844447819236936,0.0026844447819236936,0.0,-0.00027060467886614453,0.002955049460789838,0.0,1,0.001,nan,nan
Z,85,fine_adaptive_gradient_line,0.0026844447819236936,0.0026844447819236936,0.0,-0.00026963958278094363,0.002954084364704637,0.00010000000000000003,1,0.001,0.0001753204707392021,0.01
Z,86,default_alphabet,0.002711916509481299,0.002711916509481299,0.0,-0.0002629526926918521,0.0029748692021731513,0.0,1,0.001,nan,nan
Z,86,fine_adaptive_gradient_line,0.002711916509481299,0.002711916509481299,0.0,-0.00023685509674629956,0.0029487716062275987,0.0036,1,0.001,0.0009124287120920254,0.06
Z,87,default_alphabet,0.0028404304160447383,0.0028404304160447383,0.0,-0.0002233993043110269,0.003063829720355765,0.24999999999999994,1,0.001,nan,nan
Z,87,fine_adaptive_gradient_line,0.0028404304160447383,0.0028404304160447383,0.0,-0.00021458446856130464,0.003055014884606043,0.004900000000000001,1,0.001,0.0011294432947094812,0.07
Z,88,default_alphabet,0.002857110641351447,0.002857110641351447,0.0,-0.00025959807143813296,0.00311670871278958,0.24999999999999994,1,0.001,nan,nan
Z,88,fine_adaptive_gradient_line,0.002857110641351447,0.002857110641351447,0.0,-0.00025917251240022837,0.0031162831537516755,0.0008999999999999999,1,0.001,0.0004916121918173801,0.03
Z,89,default_alphabet,0.0027907815253554735,0.0027907815253554735,0.0,-0.00029032995216181356,0.003081111477517287,0.0,1,0.001,nan,nan
Z,89,fine_adaptive_gradient_line,0.0027907815253554735,0.0027907815253554735,0.0,-0.00029032995216181356,0.003081111477517287,0.0,1,0.001,6.984591540898999e-05,0.0
Z,90,default_alphabet,0.0029773276981741245,0.0029773276981741245,0.0,-0.00033471104807591273,0.0033120387462500372,0.0,1,0.001,nan,nan
Z,90,fine_adaptive_gradient_line,0.0029773276981741245,0.0029773276981741245,0.0,-0.00033463589682868056,0.003311963595002805,0.00010000000000000002,1,0.001,8.694255294061412e-05,0.01
Z,91,default_alphabet,0.0031393621392014834,0.0031393621392014834,0.0,-0.00039656798681381167,0.003535930126015295,0.0,1,0.001,nan,nan
Z,91,fine_adaptive_gradient_line,0.0031393621392014834,0.0031393621392014834,0.0,-0.00039656798681381167,0.003535930126015295,0.0,1,0.001,0.00177336518041426,0.0
Z,92,default_alphabet,0.003535930126015295,0.003535930126015295,0.0,-0.0004881046379123996,0.004024034763927695,0.0,1,0.001,nan,nan
Z,92,fine_adaptive_gradient_line,0.003535930126015295,0.003535930126015295,0.0,-0.00048101801381270765,0.004016948139828003,0.00010000000000000003,1,0.001,0.0040821113358930974,0.01
Z,93,default_alphabet,0.004024034763927695,0.004024034763927695,0.0,-0.0005464397396351683,0.004570474503562863,0.0,1,0.001,nan,nan
Z,93,fine_adaptive_gradient_line,0.004024034763927695,0.004024034763927695,0.0,-0.0005449853302832292,0.004569020094210924,9.999999999999999e-05,1,0.001,0.004255719660517164,0.01
Z,94,default_alphabet,0.004247522191998018,0.004247522191998018,0.0,-0.0005879735188356813,0.0048354957108337,0.0,1,0.001,nan,nan
Z,94,fine_adaptive_gradient_line,0.004247522191998018,0.004247522191998018,0.0,-0.000566173609049668,0.004813695801047686,9.999999999999999e-05,1,0.001,0.0022593795321985462,0.01
Z,95,default_alphabet,0.004757241938814841,0.004757241938814841,0.0,-0.00054044961288853,0.005297691551703371,0.0,1,0.001,nan,nan
Z,95,fine_adaptive_gradient_line,0.004757241938814841,0.004757241938814841,0.0,-0.0005134826067053969,0.0052707245455202376,9.999999999999999e-05,1,0.001,0.004067518170349834,0.01
Z,96,default_alphabet,0.00508992070617139,0.00508992070617139,0.0,-0.0005155435193295935,0.0056054642255009834,0.0,1,0.001,nan,nan
Z,96,fine_adaptive_gradient_line,0.00508992070617139,0.00508992070617139,0.0,-0.00047772624280283116,0.005567646948974221,0.00010000000000000002,1,0.001,0.003861024743571273,0.01
Z,97,default_alphabet,0.0056054642255009834,0.0056054642255009834,0.0,-0.0005758837982128354,0.006181348023713819,0.0,1,0.001,nan,nan
Z,97,fine_adaptive_gradient_line,0.0056054642255009834,0.0056054642255009834,0.0,-0.0005758837982128354,0.006181348023713819,0.0,1,0.001,0.003978518222510574,0.0
Z,98,default_alphabet,0.005948974989240914,0.005948974989240914,0.0,-0.0005454136486263972,0.006494388637867311,0.0,1,0.001,nan,nan
Z,98,fine_adaptive_gradient_line,0.005948974989240914,0.005948974989240914,0.0,-0.0004917190075439185,0.0064406939967848326,0.0004000000000000002,1,0.001,0.003834635298860231,0.02
Z,99,default_alphabet,0.006494388637867311,0.006494388637867311,0.0,-0.0006060149810409726,0.007100403618908284,0.0,1,0.001,nan,nan
Z,99,fine_adaptive_gradient_line,0.006494388637867311,0.006494388637867311,0.0,-0.0005992625257227116,0.007093651163590023,9.999999999999994e-05,1,0.001,0.003958287108303473,0.01
H,1,default_alphabet,0.001362620597661908,0.001362620597661908,0.0,-0.0003261672727086634,0.0016887878703705714,0.0,1,0.001,nan,nan
H,1,fine_adaptive_gradient_line,0.001362620597661908,0.001362620597661908,0.0,-0.0003198146650750938,0.0016824352627370018,0.0009,1,0.001,0.00045105412859477946,0.03
H,2,default_alphabet,0.0015292750135441485,0.0015292750135441485,0.0,-0.0002628213489859338,0.0017920963625300823,0.0,1,0.001,nan,nan
H,2,fine_adaptive_gradient_line,0.0015292750135441485,0.0015292750135441485,0.0,-0.000262261816919844,0.0017915368304639925,0.0001,1,0.001,0.00013480118442086976,0.01
H,3,default_alphabet,0.0017920963625300823,0.0017920963625300823,0.0,-0.00029805186499149566,0.002090148227521578,0.0,1,0.001,nan,nan
H,3,fine_adaptive_gradient_line,0.0017920963625300823,0.0017920963625300823,0.0,-0.00029805186499149566,0.002090148227521578,0.0,1,0.001,0.00015198542265896034,0.0
H,4,default_alphabet,0.002090148227521578,0.002090148227521578,0.0,-0.0003588365433026819,0.00244898477082426,0.0,1,0.001,nan,nan
H,4,fine_adaptive_gradient_line,0.002090148227521578,0.002090148227521578,0.0,-0.00034838883296261364,0.0024385370604841916,0.00010000000000000002,1,0.001,0.0011244566216626387,0.01
H,5,default_alphabet,0.002376640662202903,0.002376640662202903,0.0,-0.00038769280884765056,0.0027643334710505535,0.25,1,0.001,nan,nan
H,5,fine_adaptive_gradient_line,0.002376640662202903,0.002376640662202903,0.0,-0.0003804780650131859,0.002757118727216089,9.999999999999999e-05,1,0.001,0.00131962492878488,0.01
H,6,default_alphabet,0.0027198595251786764,0.0027198595251786764,0.0,-0.00033323988428522744,0.003053099409463904,0.0,1,0.001,nan,nan
H,6,fine_adaptive_gradient_line,0.0027198595251786764,0.0027198595251786764,0.0,-0.00033323988428522744,0.003053099409463904,0.0,1,0.001,0.0020385313263691254,0.0
H,7,default_alphabet,0.00290791565890601,0.00290791565890601,0.0,-0.0002933033428363166,0.0032012190017423267,0.0,1,0.001,nan,nan
H,7,fine_adaptive_gradient_line,0.00290791565890601,0.00290791565890601,0.0,-0.00026543017329056645,0.0031733458321965766,9.999999999999999e-05,1,0.001,0.0028669106447821173,0.01
H,8,default_alphabet,0.0028743557997629107,0.0028743557997629107,0.0,-0.00036838974298665506,0.0032427455427495658,0.0,1,0.001,nan,nan
H,8,fine_adaptive_gradient_line,0.0028743557997629107,0.0028743557997629107,0.0,-0.00029368726850100696,0.0031680430682639177,0.0016000000000000003,1,0.001,0.0021858996620035044,0.04
H,9,default_alphabet,0.0032427455427495658,0.0032427455427495658,0.0,-0.0003467447087652717,0.0035894902515148375,0.24999999999999994,1,0.001,nan,nan
H,9,fine_adaptive_gradient_line,0.0032427455427495658,0.0032427455427495658,0.0,-0.0003314172187326575,0.0035741627614822233,0.0035999999999999995,1,0.001,0.002349627523455873,0.06
H,10,default_alphabet,0.0031299852094118785,0.0031299852094118785,0.0,-0.0003452296289589707,0.003475214838370849,0.9999999999999998,1,0.001,nan,nan
H,10,fine_adaptive_gradient_line,0.0031299852094118785,0.0031299852094118785,0.0,-0.0003479107214044083,0.003477895930816287,0.0009000000000000002,1,0.001,0.0019084457026155553,0.03
H,11,default_alphabet,0.0032978774200627184,0.0032978774200627184,0.0,-0.00038570378606676836,0.0036835812061294868,0.0,1,0.001,nan,nan
H,11,fine_adaptive_gradient_line,0.0032978774200627184,0.0032978774200627184,0.0,-0.0003328591598342756,0.003630736579896994,0.0024999999999999996,1,0.001,0.001454428762650118,0.05
H,12,default_alphabet,0.003192340493067519,0.003192340493067519,0.0,-0.000250956537418745,0.0034432970304862642,0.0,1,0.001,nan,nan
H,12,fine_adaptive_gradient_line,0.003192340493067519,0.003192340493067519,0.0,-0.000250956537418745,0.0034432970304862642,0.0,1,0.001,0.0036783841887241884,0.0
H,13,default_alphabet,0.00334727045019257,0.00334727045019257,0.0,-0.00034797848541565785,0.003695248935608228,0.0,1,0.001,nan,nan
H,13,fine_adaptive_gradient_line,0.00334727045019257,0.00334727045019257,0.0,-0.00027833810278179993,0.00362560855297437,0.0025000000000000005,1,0.001,0.0017902744114010225,0.05
H,14,default_alphabet,0.0029482791619422632,0.0029482791619422632,0.0,-0.00025327715771176346,0.0032015563196540267,0.0,1,0.001,nan,nan
H,14,fine_adaptive_gradient_line,0.0029482791619422632,0.0029482791619422632,0.0,-0.0002332333427814623,0.0031815125047237255,9.999999999999998e-05,1,0.001,0.0020839332185429724,0.01
H,15,default_alphabet,0.002692108776397556,0.002692108776397556,0.0,-0.00010613755363834271,0.0027982463300358987,1.0,1,0.001,nan,nan
H,15,fine_adaptive_gradient_line,0.002692108776397556,0.002692108776397556,0.0,-7.779104769674999e-05,0.002769899824094306,0.003599999999999999,1,0.001,0.002447528890325402,0.06
H,16,default_alphabet,0.0026665270080821965,0.0026665270080821965,0.0,-0.00013897449024449782,0.0028055014983266943,0.0,1,0.001,nan,nan
H,16,fine_adaptive_gradient_line,0.0026665270080821965,0.0026665270080821965,0.0,-9.13134742020344e-05,0.002757840482284231,0.0035999999999999995,1,0.001,0.0012721921680825818,0.06
H,17,default_alphabet,0.002438367905550874,0.002438367905550874,0.0,-0.00012351552085128337,0.0025618834264021575,0.0,1,0.001,nan,nan
H,17,fine_adaptive_gradient_line,0.002438367905550874,0.002438367905550874,0.0,-0.00012017527038895442,0.0025585431759398286,0.0004000000000000001,1,0.001,0.00032502072027331894,0.02
H,18,default_alphabet,0.0025109715698557467,0.0025109715698557467,0.0,-0.0002129425734052129,0.0027239141432609595,0.0,1,0.001,nan,nan
H,18,fine_adaptive_gradient_line,0.0025109715698557467,0.0025109715698557467,0.0,-0.00021089786531112986,0.0027218694351668765,0.0004000000000000001,1,0.001,0.00026069184971953536,0.02
H,19,default_alphabet,0.0027239141432609595,0.0027239141432609595,0.0,-0.00025985370166545924,0.0029837678449264188,0.24999999999999994,1,0.001,nan,nan
H,19,fine_adaptive_gradient_line,0.0027239141432609595,0.0027239141432609595,0.0,-0.0002648436432229756,0.002988757786483935,0.0016000000000000003,1,0.001,0.0005769041099595037,0.04
H,20,default_alphabet,0.0024684146753591527,0.0024684146753591527,0.0,-0.0002525601792804158,0.0027209748546395685,0.0,1,0.001,nan,nan
H,20,fine_adaptive_gradient_line,0.0024684146753591527,0.0024684146753591527,0.0,-0.0002510704186637347,0.0027194850940228874,9.999999999999999e-05,1,0.001,0.0002282466680946569,0.01
H,21,default_alphabet,0.002665734579231839,0.002665734579231839,0.0,-0.0002640010813530491,0.002929735660584888,0.0,1,0.001,nan,nan
H,21,fine_adaptive_gradient_line,0.002665734579231839,0.002665734579231839,0.0,-0.00025524067290916275,0.002920975252141002,0.0008999999999999998,1,0.001,0.0005308162098915235,0.03
H,22,default_alphabet,0.002749676852660088,0.002749676852660088,0.0,-0.0002751025408043589,0.003024779393464447,0.0,1,0.001,nan,nan
H,22,fine_adaptive_gradient_line,0.002749676852660088,0.002749676852660088,0.0,-0.00023312892671419755,0.0029828057793742854,0.004900000000000001,1,0.001,0.00115715654919155,0.07
H,23,default_alphabet,0.0029521126206860093,0.0029521126206860093,0.0,-0.0003038602112031344,0.0032559728318891437,0.25,1,0.001,nan,nan
H,23,fine_adaptive_gradient_line,0.0029521126206860093,0.0029521126206860093,0.0,-0.0002909710630488657,0.003243083683734875,0.006400000000000001,1,0.001,0.001286912987228506,0.08
H,24,default_alphabet,0.0032559728318891437,0.0032559728318891437,0.0,-0.00040424215998170754,0.0036602149918708513,0.25,1,0.001,nan,nan
H,24,fine_adaptive_gradient_line,0.0032559728318891437,0.0032559728318891437,0.0,-0.0004031356137921341,0.003659108445681278,0.0008999999999999999,1,0.001,0.0004205930806717664,0.03
H,25,default_alphabet,0.0031916933849076776,0.0031916933849076776,0.0,-0.0003437483218852039,0.0035354417067928814,0.25,1,0.001,nan,nan
H,25,fine_adaptive_gradient_line,0.0031916933849076776,0.0031916933849076776,0.0,-0.0003484438723868957,0.0035401372572945733,0.0009000000000000001,1,0.001,0.0003990035634643565,0.03
H,26,default_alphabet,0.0029853543632143223,0.0029853543632143223,0.0,-0.00032685176885201284,0.003312206132066335,0.0,1,0.001,nan,nan
H,26,fine_adaptive_gradient_line,0.0029853543632143223,0.0029853543632143223,0.0,-0.0003267832950212893,0.0033121376582356116,9.999999999999999e-05,1,0.001,3.71376919363272e-05,0.01
H,27,default_alphabet,0.0032387979720159346,0.0032387979720159346,0.0,-0.0003641472102992385,0.003602945182315173,0.0,1,0.001,nan,nan
H,27,fine_adaptive_gradient_line,0.0032387979720159346,0.0032387979720159346,0.0,-0.00036205603622616045,0.003600854008242095,0.00039999999999999996,1,0.001,0.0002620644492659509,0.02
H,28,default_alphabet,0.003602945182315173,0.003602945182315173,0.0,-0.00047054951456046434,0.0040734946968756375,0.0,1,0.001,nan,nan
H,28,fine_adaptive_gradient_line,0.003602945182315173,0.003602945182315173,0.0,-0.0004675471767146902,0.004070492359029863,0.00039999999999999996,1,0.001,0.0003080245332545654,0.02
H,29,default_alphabet,0.003035235779247872,0.003035235779247872,0.0,-0.00018996518305656324,0.003225200962304435,0.9999999999999998,1,0.001,nan,nan
H,29,fine_adaptive_gradient_line,0.003035235779247872,0.003035235779247872,0.0,-0.0002196133063546435,0.0032548490856025153,0.0025000000000000005,1,0.001,0.0018964670104614572,0.05
H,30,default_alphabet,0.0028539415808631063,0.0028539415808631063,0.0,-0.00014180625911189987,0.002995747839975006,0.0,1,0.001,nan,nan
H,30,fine_adaptive_gradient_line,0.0028539415808631063,0.0028539415808631063,0.0,-0.0001404292926762002,0.0029943708735393065,9.999999999999996e-05,1,0.001,0.0026568558309357708,0.01
H,31,default_alphabet,0.0023924397454716806,0.0023924397454716806,0.0,-9.74205944270154e-05,0.002489860339898696,0.0,1,0.001,nan,nan
H,31,fine_adaptive_gradient_line,0.0023924397454716806,0.0023924397454716806,0.0,-9.74205944270154e-05,0.002489860339898696,0.0,1,0.001,0.0008854199761942751,0.0
H,32,default_alphabet,0.0022767663069654318,0.0022767663069654318,0.0,-5.7627585018447947e-05,0.0023343938919838797,0.0,1,0.001,nan,nan
H,32,fine_adaptive_gradient_line,0.0022767663069654318,0.0022767663069654318,0.0,-4.053426301518781e-05,0.0023173005699806196,9.999999999999999e-05,1,0.001,0.002445001831030108,0.01
H,33,default_alphabet,0.0013511430618538822,0.0013511430618538822,0.0,9.903783253414206e-05,0.0012521052293197402,0.0,1,0.001,nan,nan
H,33,fine_adaptive_gradient_line,0.0013511430618538822,0.0013511430618538822,0.0,0.00010153738639719773,0.0012496056754566845,0.00039999999999999996,1,0.001,0.00028353232264246724,0.02
H,34,default_alphabet,0.0012068767523358212,0.0012068767523358212,0.0,0.00010381558515257933,0.0011030611671832419,1.0,1,0.001,nan,nan
H,34,fine_adaptive_gradient_line,0.0012068767523358212,0.0012068767523358212,0.0,8.415129430297541e-05,0.0011227254580328458,0.0001,1,0.001,0.00015055321961403143,0.01
H,35,default_alphabet,0.0010289491708403292,0.0010289491708403292,0.0,8.369107444900631e-05,0.0009452580963913229,0.25,1,0.001,nan,nan
H,35,fine_adaptive_gradient_line,0.0010289491708403292,0.0010289491708403292,0.0,7.982043313788795e-05,0.0009491287377024413,0.0015999999999999996,1,0.001,0.0006449221694843023,0.04
H,36,default_alphabet,0.0005383862094744951,0.0005383862094744951,0.0,5.3704965189721454e-05,0.00048468124428477366,0.0,0,0.001,nan,nan
H,36,fine_adaptive_gradient_line,0.0005383862094744951,0.0005383862094744951,0.0,5.4963008121168555e-05,0.00048342320135332656,0.00010000000000000003,0,0.001,0.00020570875069312783,0.01
H,37,default_alphabet,0.00044877479604865655,0.00044877479604865655,0.0,-2.9789652181068382e-05,0.00047856444822972494,0.0,0,0.001,nan,nan
H,37,fine_adaptive_gradient_line,0.00044877479604865655,0.00044877479604865655,0.0,-2.9789652181068382e-05,0.00047856444822972494,0.0,0,0.001,1.132206304810286e-05,0.0
H,38,default_alphabet,0.00047856444822972494,0.00047856444822972494,0.0,-9.210935592092462e-05,0.0005706738041506496,0.0,0,0.001,nan,nan
H,38,fine_adaptive_gradient_line,0.00047856444822972494,0.00047856444822972494,0.0,-9.210935592092462e-05,0.0005706738041506496,0.0,0,0.001,6.354266195817157e-05,0.0
H,39,default_alphabet,0.0005706738041506496,0.0005706738041506496,0.0,-0.0001456834840923918,0.0007163572882430413,0.24999999999999994,0,0.001,nan,nan
H,39,fine_adaptive_gradient_line,0.0005706738041506496,0.0005706738041506496,0.0,-0.00014473982448034994,0.0007154136286309995,0.00010000000000000002,0,0.001,0.0008753615146651038,0.01
H,40,default_alphabet,0.0007163572882430413,0.0007163572882430413,0.0,-0.00019300634044094184,0.0009093636286839832,0.0,0,0.001,nan,nan
H,40,fine_adaptive_gradient_line,0.0007163572882430413,0.0007163572882430413,0.0,-0.000189962194466875,0.0009063194827099164,9.999999999999999e-05,0,0.001,0.0008818615101344635,0.01
H,41,default_alphabet,0.0008974842875410158,0.0008974842875410158,0.0,-0.00022824958089943947,0.0011257338684404553,0.0,0,0.001,nan,nan
H,41,fine_adaptive_gradient_line,0.0008974842875410158,0.0008974842875410158,0.0,-0.0002184409820730135,0.0011159252696140293,0.0001,0,0.001,0.001060724949658711,0.01
H,42,default_alphabet,0.0011195083784193774,0.0011195083784193774,0.0,-0.0002761765264933727,0.00139568490491275,0.0,1,0.001,nan,nan
H,42,fine_adaptive_gradient_line,0.0011195083784193774,0.0011195083784193774,0.0,-0.0002530972268872389,0.0013726056053066163,0.0008999999999999998,1,0.001,0.0012666228377932263,0.03
H,43,default_alphabet,0.00139568490491275,0.00139568490491275,0.0,-0.0003064656387415862,0.0017021505436543363,0.25,1,0.001,nan,nan
H,43,fine_adaptive_gradient_line,0.00139568490491275,0.00139568490491275,0.0,-0.0002628401600091798,0.00165852506492193,0.0025,1,0.001,0.001416691361856679,0.05
H,44,default_alphabet,0.0015827777620372602,0.0015827777620372602,0.0,-0.00025733571754764373,0.001840113479584904,4.0,1,0.001,nan,nan
H,44,fine_adaptive_gradient_line,0.0015827777620372602,0.0015827777620372602,0.0,-0.0002799348839086155,0.0018627126459458757,0.0003999999999999999,1,0.001,0.0009743771807771058,0.02
H,45,default_alphabet,0.001748641476692063,0.001748641476692063,0.0,-0.00021089063899467492,0.001959532115686738,0.0,1,0.001,nan,nan
H,45,fine_adaptive_gradient_line,0.001748641476692063,0.001748641476692063,0.0,-0.00015209530817390793,0.001900736784865971,0.0016000000000000005,1,0.001,0.0017888794338420915,0.04
H,46,default_alphabet,0.0017196762139164712,0.0017196762139164712,0.0,-0.00013644499401242044,0.0018561212079288916,0.0,1,0.001,nan,nan
H,46,fine_adaptive_gradient_line,0.0017196762139164712,0.0017196762139164712,0.0,-0.00012774503691131284,0.001847421250827784,0.00010000000000000002,1,0.001,0.0009497297864032136,0.01
H,47,default_alphabet,0.001831625943361656,0.001831625943361656,0.0,-0.00023448263767162497,0.002066108581033281,0.0,1,0.001,nan,nan
H,47,fine_adaptive_gradient_line,0.001831625943361656,0.001831625943361656,0.0,-0.0002278058037133157,0.002059431747074972,0.0001,1,0.001,0.000747402700702982,0.01
H,48,default_alphabet,0.0018010443037402013,0.0018010443037402013,0.0,-0.00019895284241824157,0.001999997146158443,0.0,1,0.001,nan,nan
H,48,fine_adaptive_gradient_line,0.0018010443037402013,0.0018010443037402013,0.0,-0.00018552560851620853,0.00198656991225641,9.999999999999999e-05,1,0.001,0.00238219635742677,0.01
H,49,default_alphabet,0.001999997146158443,0.001999997146158443,0.0,-0.00022331291155552185,0.0022233100577139647,15.999999999999996,1,0.001,nan,nan
H,49,fine_adaptive_gradient_line,0.001999997146158443,0.001999997146158443,0.0,-0.000266058222727579,0.002266055368886022,9.999999999999999e-05,1,0.001,0.00012996500072265534,0.01
H,50,default_alphabet,0.0022233100577139647,0.0022233100577139647,0.0,-0.00025299089985880013,0.002476300957572765,0.0,1,0.001,nan,nan
H,50,fine_adaptive_gradient_line,0.0022233100577139647,0.0022233100577139647,0.0,-0.00024119818178794383,0.0024645082395019086,0.00010000000000000002,1,0.001,0.0012589315583183425,0.01
H,51,default_alphabet,0.0023215867448687436,0.0023215867448687436,0.0,-0.000294376370713334,0.0026159631155820776,0.0,1,0.001,nan,nan
H,51,fine_adaptive_gradient_line,0.0023215867448687436,0.0023215867448687436,0.0,-0.00020548889999824627,0.00252707564486699,0.0008999999999999998,1,0.001,0.0032019400952245894,0.03
H,52,default_alphabet,0.0024917847762973705,0.0024917847762973705,0.0,-0.0003683848926559624,0.002860169668953333,0.0,1,0.001,nan,nan
H,52,fine_adaptive_gradient_line,0.0024917847762973705,0.0024917847762973705,0.0,-0.00028225853690741487,0.0027740433132047854,0.0016000000000000005,1,0.001,0.002556645051196346,0.04
H,53,default_alphabet,0.0026730899493994514,0.0026730899493994514,0.0,-0.0004134410079213932,0.0030865309573208446,0.0,1,0.001,nan,nan
H,53,fine_adaptive_gradient_line,0.0026730899493994514,0.0026730899493994514,0.0,-0.00037853868005142954,0.003051628629450881,0.0004,1,0.001,0.0024536251948471823,0.02
H,54,default_alphabet,0.0030865309573208446,0.0030865309573208446,0.0,-0.0003786211805556494,0.003465152137876494,4.0,1,0.001,nan,nan
H,54,fine_adaptive_gradient_line,0.0030865309573208446,0.0030865309573208446,0.0,-0.00043390284079546093,0.0035204337981163056,0.0009000000000000001,1,0.001,0.0026864490012468204,0.03
H,55,default_alphabet,0.0033433668807421185,0.0033433668807421185,0.0,-0.0002168599595782847,0.003560226840320403,0.0,1,0.001,nan,nan
H,55,fine_adaptive_gradient_line,0.0033433668807421185,0.0033433668807421185,0.0,-0.00020182907404341088,0.0035451959547855294,9.999999999999999e-05,1,0.001,0.0015826526951611692,0.01
H,56,default_alphabet,0.003267179317727298,0.003267179317727298,0.0,-0.00020414262147548656,0.0034713219392027844,0.0,1,0.001,nan,nan
H,56,fine_adaptive_gradient_line,0.003267179317727298,0.003267179317727298,0.0,-0.00020026931884993548,0.0034674486365772333,0.0001,1,0.001,0.0021634094548655825,0.01
H,57,default_alphabet,0.0030231799239374274,0.0030231799239374274,0.0,-0.0002433042238842581,0.0032664841478216855,0.0,1,0.001,nan,nan
H,57,fine_adaptive_gradient_line,0.0030231799239374274,0.0030231799239374274,0.0,-0.00016352556352553643,0.003186705487462964,0.0016000000000000005,1,0.001,0.0026369692403747976,0.04
H,58,default_alphabet,0.0029188238136924616,0.0029188238136924616,0.0,-0.00020243374528548103,0.0031212575589779426,0.24999999999999994,1,0.001,nan,nan
H,58,fine_adaptive_gradient_line,0.0029188238136924616,0.0029188238136924616,0.0,-0.0001629558324538899,0.0030817796461463515,0.0081,1,0.001,0.00270752786562973,0.09
H,59,default_alphabet,0.003016608787292631,0.003016608787292631,0.0,-0.0003094252297522679,0.0033260340170448988,0.0,1,0.001,nan,nan
H,59,fine_adaptive_gradient_line,0.003016608787292631,0.003016608787292631,0.0,-0.0003071210118996137,0.0033237297991922446,0.0001,1,0.001,0.0017574870244083862,0.01
H,60,default_alphabet,0.0031674159010478264,0.0031674159010478264,0.0,-0.00015742181810624034,0.003324837719154067,0.0,1,0.001,nan,nan
H,60,fine_adaptive_gradient_line,0.0031674159010478264,0.0031674159010478264,0.0,-0.00015660085985661626,0.0033240167609044427,0.0001,1,0.001,0.000160182287751523,0.01
H,61,default_alphabet,0.003086952867298799,0.003086952867298799,0.0,-0.00016039551910872196,0.003247348386407521,0.0,1,0.001,nan,nan
H,61,fine_adaptive_gradient_line,0.003086952867298799,0.003086952867298799,0.0,-0.00016039551910872196,0.003247348386407521,0.0,1,0.001,2.519338459383831e-05,0.0
H,62,default_alphabet,0.0030418722714088686,0.0030418722714088686,0.0,-0.00022628072203213084,0.0032681529934409995,0.0,1,0.001,nan,nan
H,62,fine_adaptive_gradient_line,0.0030418722714088686,0.0030418722714088686,0.0,-0.00022625014965182294,0.0032681224210606916,0.0001,1,0.001,7.873657400235689e-05,0.01
H,63,default_alphabet,0.003223283299180549,0.003223283299180549,0.0,-0.00020350293252277551,0.0034267862317033243,0.25,1,0.001,nan,nan
H,63,fine_adaptive_gradient_line,0.003223283299180549,0.003223283299180549,0.0,-0.00019999824630111823,0.003423281545481667,0.004900000000000002,1,0.001,0.0011803447204478824,0.07
H,64,default_alphabet,0.0034267862317033243,0.0034267862317033243,0.0,-0.0002735875162515472,0.0037003737479548715,9.0,1,0.001,nan,nan
H,64,fine_adaptive_gradient_line,0.0034267862317033243,0.0034267862317033243,0.0,-0.0003098634605367412,0.0037366496922400655,0.00010000000000000002,1,0.001,7.949884904723291e-05,0.01
H,65,default_alphabet,0.003561732138253268,0.003561732138253268,0.0,-0.00028166520070664613,0.003843397338959914,0.0,1,0.001,nan,nan
H,65,fine_adaptive_gradient_line,0.003561732138253268,0.003561732138253268,0.0,-0.0002509908295414351,0.003812722967794703,0.0036000000000000003,1,0.001,0.0009878958353639218,0.06
H,66,default_alphabet,0.0037515672803088013,0.0037515672803088013,0.0,-0.00034991139522263376,0.004101478675531435,0.0,1,0.001,nan,nan
H,66,fine_adaptive_gradient_line,0.0037515672803088013,0.0037515672803088013,0.0,-0.00031077826343585413,0.004062345543744655,0.0016,1,0.001,0.0012960565187446122,0.04
H,67,default_alphabet,0.0039039893435419484,0.0039039893435419484,0.0,-0.0004143400761250568,0.004318329419667005,0.0,1,0.001,nan,nan
H,67,fine_adaptive_gradient_line,0.0039039893435419484,0.0039039893435419484,0.0,-0.0004143400761250568,0.004318329419667005,0.0,1,0.001,0.0031052656164622192,0.0
H,68,default_alphabet,0.004256569003680467,0.004256569003680467,0.0,-0.0005185612139402968,0.004775130217620764,0.0,1,0.001,nan,nan
H,68,fine_adaptive_gradient_line,0.004256569003680467,0.004256569003680467,0.0,-0.0005048599499222275,0.004761428953602695,0.00010000000000000002,1,0.001,0.003481291949123281,0.01
H,69,default_alphabet,0.004775130217620764,0.004775130217620764,0.0,-0.0006155666452205485,0.005390696862841313,0.0,1,0.001,nan,nan
H,69,fine_adaptive_gradient_line,0.004775130217620764,0.004775130217620764,0.0,-0.0006107000507192192,0.005385830268339983,9.999999999999999e-05,1,0.001,0.003703218027166494,0.01
H,70,default_alphabet,0.005323603634182057,0.005323603634182057,0.0,-0.0006231802569601763,0.0059467838911422335,0.0,1,0.001,nan,nan
H,70,fine_adaptive_gradient_line,0.005323603634182057,0.005323603634182057,0.0,-0.0006231802569601763,0.0059467838911422335,0.0,1,0.001,0.0006950701216463228,0.0
H,71,default_alphabet,0.005504730150488142,0.005504730150488142,0.0,-0.0005783042429007776,0.00608303439338892,0.0,1,0.001,nan,nan
H,71,fine_adaptive_gradient_line,0.005504730150488142,0.005504730150488142,0.0,-0.0004664516366972432,0.005971181787185385,0.0009000000000000002,1,0.001,0.0039660293786561805,0.03
H,72,default_alphabet,0.005048834765932798,0.005048834765932798,0.0,-0.0002941600824568069,0.005342994848389605,0.0,1,0.001,nan,nan
H,72,fine_adaptive_gradient_line,0.005048834765932798,0.005048834765932798,0.0,-0.0002941600824568069,0.005342994848389605,0.0,1,0.001,7.152776692160808e-05,0.0
H,73,default_alphabet,0.0052753345528010614,0.0052753345528010614,0.0,-0.00028352674649444187,0.005558861299295503,0.25,1,0.001,nan,nan
H,73,fine_adaptive_gradient_line,0.0052753345528010614,0.0052753345528010614,0.0,-0.00024617173694677086,0.005521506289747832,0.0015999999999999999,1,0.001,0.004098588372832304,0.04
H,74,default_alphabet,0.004621946620878899,0.004621946620878899,0.0,-0.00024256154868498858,0.004864508169563887,0.0,1,0.001,nan,nan
H,74,fine_adaptive_gradient_line,0.004621946620878899,0.004621946620878899,0.0,-0.00022846060685900033,0.004850407227737899,0.00010000000000000002,1,0.001,0.0019271306520759531,0.01
H,75,default_alphabet,0.004738118172767647,0.004738118172767647,0.0,-0.00020802970515480107,0.004946147877922448,0.0,1,0.001,nan,nan
H,75,fine_adaptive_gradient_line,0.004738118172767647,0.004738118172767647,0.0,-0.00019381952168229938,0.004931937694449946,0.00010000000000000002,1,0.001,0.0015003934559172064,0.01
H,76,default_alphabet,0.003920708478382599,0.003920708478382599,0.0,0.00015578358362951933,0.00376492489475308,0.0,1,0.001,nan,nan
H,76,fine_adaptive_gradient_line,0.003920708478382599,0.003920708478382599,0.0,0.00020620049896868942,0.00371450797941391,0.006399999999999999,1,0.001,0.0012664839294280164,0.08
H,77,default_alphabet,0.0036856991728522956,0.0036856991728522956,0.0,0.0001145830631017336,0.003571116109750562,0.0,1,0.001,nan,nan
H,77,fine_adaptive_gradient_line,0.0036856991728522956,0.0036856991728522956,0.0,0.0001168681763110413,0.0035688309965412543,0.0004000000000000001,1,0.001,0.0002700056998383967,0.02
H,78,default_alphabet,0.0035120737037256863,0.0035120737037256863,0.0,8.226640323246576e-05,0.0034298073004932206,0.0,1,0.001,nan,nan
H,78,fine_adaptive_gradient_line,0.0035120737037256863,0.0035120737037256863,0.0,9.154375039539114e-05,0.003420529953330295,0.0008999999999999998,1,0.001,0.0005456159934658278,0.03
H,79,default_alphabet,0.003243894272273347,0.003243894272273347,0.0,0.00010589952513663514,0.0031379947471367117,0.24999999999999994,1,0.001,nan,nan
H,79,fine_adaptive_gradient_line,0.003243894272273347,0.003243894272273347,0.0,8.951909443295075e-05,0.003154375177840396,9.999999999999999e-05,1,0.001,0.00016365754390338557,0.01
H,80,default_alphabet,0.0029938612704395323,0.0029938612704395323,0.0,0.00011751960242793735,0.002876341668011595,0.0,1,0.001,nan,nan
H,80,fine_adaptive_gradient_line,0.0029938612704395323,0.0029938612704395323,0.0,0.00012935404407284773,0.0028645072263666846,0.0016,1,0.001,0.0006141039822237836,0.04
H,81,default_alphabet,0.002680087153700189,0.002680087153700189,0.0,3.190340179235612e-05,0.002648183751907833,0.0,1,0.001,nan,nan
H,81,fine_adaptive_gradient_line,0.002680087153700189,0.002680087153700189,0.0,9.373189845843927e-05,0.00258635525524175,0.0016000000000000003,1,0.001,0.0018642369308451792,0.04
H,82,default_alphabet,0.002536824947226679,0.002536824947226679,0.0,-1.7442531461464572e-05,0.0025542674786881436,0.0,1,0.001,nan,nan
H,82,fine_adaptive_gradient_line,0.002536824947226679,0.002536824947226679,0.0,6.846918063428686e-06,0.0025299780291632504,0.0009,1,0.001,0.0010484346949554582,0.03
H,83,default_alphabet,0.0022410087879057225,0.0022410087879057225,0.0,-9.19737578854371e-05,0.0023329825457911596,0.25,1,0.001,nan,nan
H,83,fine_adaptive_gradient_line,0.0022410087879057225,0.0022410087879057225,0.0,-8.735446089247478e-05,0.0023283632487981973,0.0004,1,0.001,0.0028018420191689955,0.02
H,84,default_alphabet,0.002051168001456105,0.002051168001456105,0.0,-0.00019133010564929137,0.0022424981071053965,0.0,1,0.001,nan,nan
H,84,fine_adaptive_gradient_line,0.002051168001456105,0.002051168001456105,0.0,-0.00016505550388577067,0.002216223505341876,0.00039999999999999996,1,0.001,0.0023166508332911465,0.02
H,85,default_alphabet,0.0021830341537435877,0.0021830341537435877,0.0,-0.00026078696533834295,0.0024438211190819306,0.0,1,0.001,nan,nan
H,85,fine_adaptive_gradient_line,0.0021830341537435877,0.0021830341537435877,0.0,-0.00024007198686305103,0.0024231061406066387,9.999999999999999e-05,1,0.001,0.002278823897411634,0.01
H,86,default_alphabet,0.002325124596837265,0.002325124596837265,0.0,-0.00032411221161612186,0.002649236808453387,0.0,1,0.001,nan,nan
H,86,fine_adaptive_gradient_line,0.002325124596837265,0.002325124596837265,0.0,-0.0003075307770313354,0.0026326553738686004,9.999999999999999e-05,1,0.001,0.002179698338570961,0.01
H,87,default_alphabet,0.002649236808453387,0.002649236808453387,0.0,-0.000422168808964965,0.003071405617418352,0.0,1,0.001,nan,nan
H,87,fine_adaptive_gradient_line,0.002649236808453387,0.002649236808453387,0.0,-0.000388739572186686,0.003037976380640073,0.0004000000000000001,1,0.001,0.0023663213635867456,0.02
H,88,default_alphabet,0.0030091121457701334,0.0030091121457701334,0.0,-0.0005058238370435411,0.0035149359828136745,0.0,1,0.001,nan,nan
H,88,fine_adaptive_gradient_line,0.0030091121457701334,0.0030091121457701334,0.0,-0.0004896855138140505,0.003498797659584184,0.00010000000000000002,1,0.001,0.0022482448311176278,0.01
H,89,default_alphabet,0.003374543081125024,0.003374543081125024,0.0,-0.00048299269082836827,0.0038575357719533923,0.0,1,0.001,nan,nan
H,89,fine_adaptive_gradient_line,0.003374543081125024,0.003374543081125024,0.0,-0.0004650450055345007,0.0038395880866595247,0.00010000000000000002,1,0.001,0.0024241551344731816,0.01
H,90,default_alphabet,0.0035328819717818927,0.0035328819717818927,0.0,-0.00041783191408738263,0.003950713885869275,0.0,1,0.001,nan,nan
H,90,fine_adaptive_gradient_line,0.0035328819717818927,0.0035328819717818927,0.0,-0.0004122530793851942,0.003945135051167087,0.0009,1,0.001,0.00042337692803757826,0.03
H,91,default_alphabet,0.0038741808564196345,0.0038741808564196345,0.0,-0.0005120314837203724,0.004386212340140007,0.0,1,0.001,nan,nan
H,91,fine_adaptive_gradient_line,0.0038741808564196345,0.0038741808564196345,0.0,-0.0004909629773318103,0.004365143833751445,0.0025000000000000005,1,0.001,0.000818561989023697,0.05
H,92,default_alphabet,0.0037639828117880594,0.0037639828117880594,0.0,-0.0003609791584088737,0.004124961970196933,0.25,1,0.001,nan,nan
H,92,fine_adaptive_gradient_line,0.0037639828117880594,0.0037639828117880594,0.0,-0.0003371636162274663,0.004101146428015526,0.0009000000000000001,1,0.001,0.0013221579644442454,0.03
H,93,default_alphabet,0.004124961970196933,0.004124961970196933,0.0,-0.00036412107176099495,0.004489083041957928,0.25,1,0.001,nan,nan
H,93,fine_adaptive_gradient_line,0.004124961970196933,0.004124961970196933,0.0,-0.00032996995757624686,0.00445493192777318,0.002500000000000001,1,0.001,0.001206090939273621,0.05
H,94,default_alphabet,0.003057177512151038,0.003057177512151038,0.0,7.05699219789302e-05,0.002986607590172108,0.25,1,0.001,nan,nan
H,94,fine_adaptive_gradient_line,0.003057177512151038,0.003057177512151038,0.0,4.306148473028765e-05,0.0030141160274207504,0.006399999999999999,1,0.001,0.0012486024208917107,0.08
H,95,default_alphabet,0.0026827421775178217,0.0026827421775178217,0.0,5.207900209380778e-05,0.002630663175424014,0.0,1,0.001,nan,nan
H,95,fine_adaptive_gradient_line,0.0026827421775178217,0.0026827421775178217,0.0,6.382452348150519e-05,0.0026189176540363165,0.0015999999999999999,1,0.001,0.0006105295586462454,0.04
H,96,default_alphabet,0.002437296939859314,0.002437296939859314,0.0,-3.422043016908238e-05,0.0024715173700283963,0.0,1,0.001,nan,nan
H,96,fine_adaptive_gradient_line,0.002437296939859314,0.002437296939859314,0.0,-3.335922430657001e-05,0.002470656164165884,9.999999999999999e-05,1,0.001,0.0001612287744611149,0.01
H,97,default_alphabet,0.0019041789710783213,0.0019041789710783213,0.0,1.0675915852000062e-05,0.0018935030552263213,0.0,1,0.001,nan,nan
H,97,fine_adaptive_gradient_line,0.0019041789710783213,0.0019041789710783213,0.0,1.8896235165606623e-05,0.0018852827359127147,0.0009000000000000002,1,0.001,0.0005121690343293966,0.03
H,98,default_alphabet,0.0018573347677362587,0.0018573347677362587,0.0,8.54127612276434e-06,0.0018487934916134943,0.0,1,0.001,nan,nan
H,98,fine_adaptive_gradient_line,0.0018573347677362587,0.0018573347677362587,0.0,4.340238776088384e-05,0.0018139323799753748,0.0009,1,0.001,0.003211029452793964,0.03
H,99,default_alphabet,0.0018487934916134943,0.0018487934916134943,0.0,-7.342462184296156e-05,0.0019222181134564559,0.0,1,0.001,nan,nan
H,99,fine_adaptive_gradient_line,0.0018487934916134943,0.0018487934916134943,0.0,-6.212467188509985e-05,0.0019109181634985942,0.0016000000000000003,1,0.001,0.000601288133178105,0.04
