task,controller,step,value_depth,stage_discount,terminal_weight,control_stage_weight,audit_stride,candidate_count,beam_width,residual_threshold,terminal_outside_residual,tail_phi,phi,current_value,best_fixed_successor_value,best_fixed_depth_margin,best_fallback_norm,best_fallback_amp,best_fallback_index,scheduled_stage_margin
Z,terminal_value_shifted,10,2,0.0,0.0,0.0,10,41,6,0.001,1,0.003064422497545974,0.003064422497545974,0.002064422497545849,0.0023573949066631817,-0.00029297240911733274,0.24999999999999994,0.49999999999999994,7,0.002064422497545974
Z,terminal_value_shifted,10,2,0.0,1.0,0.0,10,41,6,0.001,1,0.003064422497545974,0.003064422497545974,0.002064422497545849,0.0023573949066631817,-0.00029297240911733274,0.24999999999999994,0.49999999999999994,7,0.002064422497545974
Z,terminal_value_shifted,10,2,0.25,0.0,0.0,10,41,6,0.001,1,0.003064422497545974,0.003064422497545974,0.002653771224211644,0.003033172231627658,-0.0003794010074160137,0.24999999999999994,0.49999999999999994,7,0.002064422497545974
Z,terminal_value_shifted,10,2,0.25,1.0,0.0,10,41,6,0.001,1,0.003064422497545974,0.003064422497545974,0.0028852155554527636,0.0032902707947454644,-0.00040505523929270076,0.24999999999999994,0.49999999999999994,7,0.002064422497545974
Z,terminal_value_shifted,10,2,0.5,0.0,0.0,10,41,6,0.001,1,0.003064422497545974,0.003064422497545974,0.0032431199508774398,0.0037089495565921344,-0.0004658296057146946,0.24999999999999994,0.49999999999999994,7,0.002064422497545974
Z,terminal_value_shifted,10,2,0.5,1.0,0.0,10,41,6,0.001,1,0.003064422497545974,0.003064422497545974,0.0041688972758419165,0.0047370144384888384,-0.0005681171626469219,0.9999999999999998,0.9999999999999999,15,0.002064422497545974
Z,terminal_value_shifted,10,2,0.75,0.0,0.0,10,41,6,0.001,1,0.003064422497545974,0.003064422497545974,0.0038324686775432354,0.004384726881556611,-0.0005522582040133756,0.24999999999999994,0.49999999999999994,7,0.002064422497545974
Z,terminal_value_shifted,10,2,0.75,1.0,0.0,10,41,6,0.001,1,0.003064422497545974,0.003064422497545974,0.005915467658713307,0.0066908609695887755,-0.0007753933108754687,0.9999999999999998,0.9999999999999999,15,0.002064422497545974
Z,terminal_value_shifted,10,2,0.9,0.0,0.0,10,41,6,0.001,1,0.003064422497545974,0.003064422497545974,0.004186077913542713,0.004790193276535296,-0.0006041153629925836,0.24999999999999994,0.49999999999999994,7,0.002064422497545974
Z,terminal_value_shifted,10,2,0.9,1.0,0.0,10,41,6,0.001,1,0.003064422497545974,0.003064422497545974,0.007185596446427615,0.00810886625619308,-0.0009232698097654648,0.9999999999999998,0.9999999999999999,15,0.002064422497545974
Z,terminal_value_shifted,10,2,1.0,0.0,0.0,10,41,6,0.001,1,0.003064422497545974,0.003064422497545974,0.004421817404209031,0.005060504206521087,-0.0006386868023120565,0.24999999999999994,0.49999999999999994,7,0.002064422497545974
Z,terminal_value_shifted,10,2,1.0,1.0,0.0,10,41,6,0.001,1,0.003064422497545974,0.003064422497545974,0.008124926704066936,0.009132959851583968,-0.0010080331475170318,8.999999999999998,2.9999999999999996,31,0.002064422497545974
Z,terminal_value_shifted,20,2,0.0,0.0,0.0,10,41,6,0.001,1,0.004887326328544411,0.004887326328544411,0.003887326328544335,0.004096611515210847,-0.00020928518666651214,0.9999999999999998,0.9999999999999999,16,0.0038873263285444113
Z,terminal_value_shifted,20,2,0.0,1.0,0.0,10,41,6,0.001,1,0.004887326328544411,0.004887326328544411,0.003887326328544335,0.004096611515210847,-0.00020928518666651214,0.9999999999999998,0.9999999999999999,16,0.0038873263285444113
Z,terminal_value_shifted,20,2,0.25,0.0,0.0,10,41,6,0.001,1,0.004887326328544411,0.004887326328544411,0.0049114792073470465,0.005185263898910973,-0.0002737846915639268,0.9999999999999998,0.9999999999999999,16,0.0038873263285444113
Z,terminal_value_shifted,20,2,0.25,1.0,0.0,10,41,6,0.001,1,0.004887326328544411,0.004887326328544411,0.005246142303272078,0.00553816417017386,-0.0002920218669017821,0.9999999999999998,0.9999999999999999,16,0.0038873263285444113
Z,terminal_value_shifted,20,2,0.5,0.0,0.0,10,41,6,0.001,1,0.004887326328544411,0.004887326328544411,0.005935632086149759,0.0062739162826111,-0.00033828419646134145,0.9999999999999998,0.9999999999999999,16,0.0038873263285444113
Z,terminal_value_shifted,20,2,0.5,1.0,0.0,10,41,6,0.001,1,0.004887326328544411,0.004887326328544411,0.007274284469849885,0.007685517367662648,-0.0004112328978127626,0.9999999999999998,0.9999999999999999,16,0.0038873263285444113
Z,terminal_value_shifted,20,2,0.75,0.0,0.0,10,41,6,0.001,1,0.004887326328544411,0.004887326328544411,0.0069597849649524705,0.007362568666311227,-0.0004027837013587561,0.9999999999999998,0.9999999999999999,16,0.0038873263285444113
Z,terminal_value_shifted,20,2,0.75,1.0,0.0,10,41,6,0.001,1,0.004887326328544411,0.004887326328544411,0.009971752828277754,0.010538671107677207,-0.0005669182793994528,0.9999999999999998,0.9999999999999999,16,0.0038873263285444113
Z,terminal_value_shifted,20,2,0.9,0.0,0.0,10,41,6,0.001,1,0.004887326328544411,0.004887326328544411,0.007574276692234098,0.008015760096531302,-0.00044148340429720455,0.9999999999999998,0.9999999999999999,16,0.0038873263285444113
Z,terminal_value_shifted,20,2,0.9,1.0,0.0,10,41,6,0.001,1,0.004887326328544411,0.004887326328544411,0.011911510415422506,0.012500883267039232,-0.0005893728516167263,8.999999999999998,2.9999999999999996,32,0.0038873263285444113
Z,terminal_value_shifted,20,2,1.0,0.0,0.0,10,41,6,0.001,1,0.004887326328544411,0.004887326328544411,0.007983937843755182,0.008451221050011353,-0.00046728320625617076,0.9999999999999998,0.9999999999999999,16,0.0038873263285444113
Z,terminal_value_shifted,20,2,1.0,1.0,0.0,10,41,6,0.001,1,0.004887326328544411,0.004887326328544411,0.013338547378555686,0.013920953172796943,-0.0005824057942412572,8.999999999999998,2.9999999999999996,32,0.0038873263285444113
Z,terminal_value_shifted,30,2,0.0,0.0,0.0,10,41,6,0.001,1,0.006004117145252542,0.006004117145252542,0.005004117145252466,0.0057170501939364455,-0.0007129330486839794,0.0,0.0,0,0.005004117145252542
Z,terminal_value_shifted,30,2,0.0,1.0,0.0,10,41,6,0.001,1,0.006004117145252542,0.006004117145252542,0.005004117145252466,0.0057170501939364455,-0.0007129330486839794,0.0,0.0,0,0.005004117145252542
Z,terminal_value_shifted,30,2,0.25,0.0,0.0,10,41,6,0.001,1,0.006004117145252542,0.006004117145252542,0.006433379693736577,0.007351226637271825,-0.0009178469435352481,0.0,0.0,0,0.005004117145252542
Z,terminal_value_shifted,30,2,0.25,1.0,0.0,10,41,6,0.001,1,0.006004117145252542,0.006004117145252542,0.006904423804570422,0.007879678366446973,-0.0009752545618765505,0.0,0.0,0,0.005004117145252542
Z,terminal_value_shifted,30,2,0.5,0.0,0.0,10,41,6,0.001,1,0.006004117145252542,0.006004117145252542,0.00786264224222069,0.008985403080607206,-0.0011227608383865169,0.0,0.0,0,0.005004117145252542
Z,terminal_value_shifted,30,2,0.5,1.0,0.0,10,41,6,0.001,1,0.006004117145252542,0.006004117145252542,0.009746818685556068,0.011099209997307794,-0.0013523913117517265,0.0,0.0,0,0.005004117145252542
Z,terminal_value_shifted,30,2,0.75,0.0,0.0,10,41,6,0.001,1,0.006004117145252542,0.006004117145252542,0.0092919047907048,0.010619579523942586,-0.0013276747332377856,0.0,0.0,0,0.005004117145252542
Z,terminal_value_shifted,30,2,0.75,1.0,0.0,10,41,6,0.001,1,0.006004117145252542,0.006004117145252542,0.013531301788209403,0.01537564508651891,-0.0018443432983095073,0.0,0.0,0,0.005004117145252542
Z,terminal_value_shifted,30,2,0.9,0.0,0.0,10,41,6,0.001,1,0.006004117145252542,0.006004117145252542,0.010149462319795268,0.011600085389943813,-0.0014506230701485448,0.0,0.0,0,0.005004117145252542
Z,terminal_value_shifted,30,2,0.9,1.0,0.0,10,41,6,0.001,1,0.006004117145252542,0.006004117145252542,0.0162541939962019,0.01844881980005372,-0.0021946258038518206,0.0,0.0,0,0.005004117145252542
Z,terminal_value_shifted,30,2,1.0,0.0,0.0,10,41,6,0.001,1,0.006004117145252542,0.006004117145252542,0.010721167339188912,0.012253755967277966,-0.0015325886280890544,0.0,0.0,0,0.005004117145252542
Z,terminal_value_shifted,30,2,1.0,1.0,0.0,10,41,6,0.001,1,0.006004117145252542,0.006004117145252542,0.01825787311253043,0.020708983634080316,-0.002451110521549886,0.0,0.0,0,0.005004117145252542
Z,terminal_value_shifted,40,2,0.0,0.0,0.0,10,41,6,0.001,1,0.006322628416410944,0.006322628416410944,0.005322628416410861,0.004473188444999853,0.0008494399714110076,0.9999999999999998,0.9999999999999999,13,0.005322628416410944
Z,terminal_value_shifted,40,2,0.0,1.0,0.0,10,41,6,0.001,1,0.006322628416410944,0.006322628416410944,0.005322628416410861,0.004473188444999853,0.0008494399714110076,0.9999999999999998,0.9999999999999999,13,0.005322628416410944
Z,terminal_value_shifted,40,2,0.25,0.0,0.0,10,41,6,0.001,1,0.006322628416410944,0.006322628416410944,0.006440925527660824,0.005532798819818294,0.0009081267078425298,0.9999999999999998,0.9999999999999999,13,0.005322628416410944
Z,terminal_value_shifted,40,2,0.25,1.0,0.0,10,41,6,0.001,1,0.006322628416410944,0.006322628416410944,0.006768328121365435,0.005852888089606291,0.0009154400317591439,0.9999999999999998,0.9999999999999999,13,0.005322628416410944
Z,terminal_value_shifted,40,2,0.5,0.0,0.0,10,41,6,0.001,1,0.006322628416410944,0.006322628416410944,0.007559222638910788,0.006592409194636736,0.000966813444274052,0.9999999999999998,0.9999999999999999,13,0.005322628416410944
Z,terminal_value_shifted,40,2,0.5,1.0,0.0,10,41,6,0.001,1,0.006322628416410944,0.006322628416410944,0.00886883301372923,0.007872766273788722,0.0009960667399405067,0.9999999999999998,0.9999999999999999,13,0.005322628416410944
Z,terminal_value_shifted,40,2,0.75,0.0,0.0,10,41,6,0.001,1,0.006322628416410944,0.006322628416410944,0.008677519750160751,0.007652019569455177,0.0010255001807055741,0.9999999999999998,0.9999999999999999,13,0.005322628416410944
Z,terminal_value_shifted,40,2,0.75,1.0,0.0,10,41,6,0.001,1,0.006322628416410944,0.006322628416410944,0.011624143093502244,0.010532822997547146,0.0010913200959550978,0.9999999999999998,0.9999999999999999,13,0.005322628416410944
Z,terminal_value_shifted,40,2,0.9,0.0,0.0,10,41,6,0.001,1,0.006322628416410944,0.006322628416410944,0.00934849801691073,0.00828778579434624,0.0010607122225644895,0.9999999999999998,0.9999999999999999,13,0.005322628416410944
Z,terminal_value_shifted,40,2,0.9,1.0,0.0,10,41,6,0.001,1,0.006322628416410944,0.006322628416410944,0.013591635631322478,0.01243614273079868,0.001155492900523799,0.9999999999999998,0.9999999999999999,13,0.005322628416410944
Z,terminal_value_shifted,40,2,1.0,0.0,0.0,10,41,6,0.001,1,0.006322628416410944,0.006322628416410944,0.009795816861410714,0.008711629944273618,0.0010841869171370963,0.9999999999999998,0.9999999999999999,13,0.005322628416410944
Z,terminal_value_shifted,40,2,1.0,1.0,0.0,10,41,6,0.001,1,0.006322628416410944,0.006322628416410944,0.015034258360684477,0.013833058260881562,0.0012012000998029154,0.9999999999999998,0.9999999999999999,13,0.005322628416410944
Z,terminal_value_shifted,50,2,0.0,0.0,0.0,10,41,6,0.001,1,0.005752835471305749,0.005752835471305749,0.004752835471305631,0.004716185177119255,3.665029418637583e-05,0.9999999999999998,0.9999999999999999,15,0.004752835471305749
Z,terminal_value_shifted,50,2,0.0,1.0,0.0,10,41,6,0.001,1,0.005752835471305749,0.005752835471305749,0.004752835471305631,0.004716185177119255,3.665029418637583e-05,0.9999999999999998,0.9999999999999999,15,0.004752835471305749
Z,terminal_value_shifted,50,2,0.25,0.0,0.0,10,41,6,0.001,1,0.005752835471305749,0.005752835471305749,0.005931881765585445,0.005918085204880759,1.3796560704685754e-05,0.9999999999999998,0.9999999999999999,15,0.004752835471305749
Z,terminal_value_shifted,50,2,0.25,1.0,0.0,10,41,6,0.001,1,0.005752835471305749,0.005752835471305749,0.006294856772525821,0.0062910084211637235,3.848351362097276e-06,0.9999999999999998,0.9999999999999999,15,0.004752835471305749
Z,terminal_value_shifted,50,2,0.5,0.0,0.0,10,41,6,0.001,1,0.005752835471305749,0.005752835471305749,0.007110928059865259,0.007119985232642264,-9.057172777004324e-06,0.9999999999999998,0.9999999999999999,15,0.004752835471305749
Z,terminal_value_shifted,50,2,0.5,1.0,0.0,10,41,6,0.001,1,0.005752835471305749,0.005752835471305749,0.008562828087626763,0.008611678097774121,-4.8850010147358236e-05,0.9999999999999998,0.9999999999999999,15,0.004752835471305749
Z,terminal_value_shifted,50,2,0.75,0.0,0.0,10,41,6,0.001,1,0.005752835471305749,0.005752835471305749,0.008289974354145073,0.008321885260403767,-3.19109062586944e-05,0.9999999999999998,0.9999999999999999,15,0.004752835471305749
Z,terminal_value_shifted,50,2,0.75,1.0,0.0,10,41,6,0.001,1,0.005752835471305749,0.005752835471305749,0.011556749416608456,0.011547903715578067,8.845701030388634e-06,3.999999999999999,1.9999999999999998,23,0.004752835471305749
Z,terminal_value_shifted,50,2,0.9,0.0,0.0,10,41,6,0.001,1,0.005752835471305749,0.005752835471305749,0.008997402130712961,0.00904302527706067,-4.56231463477081e-05,0.9999999999999998,0.9999999999999999,15,0.004752835471305749
Z,terminal_value_shifted,50,2,0.9,1.0,0.0,10,41,6,0.001,1,0.005752835471305749,0.005752835471305749,0.013701558220660236,0.01360507343437518,9.648478628505527e-05,3.999999999999999,1.9999999999999998,23,0.004752835471305749
Z,terminal_value_shifted,50,2,1.0,0.0,0.0,10,41,6,0.001,1,0.005752835471305749,0.005752835471305749,0.009469020648424887,0.009523785288165271,-5.476463974038448e-05,0.9999999999999998,0.9999999999999999,15,0.004752835471305749
Z,terminal_value_shifted,50,2,1.0,1.0,0.0,10,41,6,0.001,1,0.005752835471305749,0.005752835471305749,0.0152766207594709,0.015115588422486032,0.00016103233698486902,3.999999999999999,1.9999999999999998,23,0.004752835471305749
Z,terminal_value_shifted,60,2,0.0,0.0,0.0,10,41,6,0.001,1,0.004591344431382732,0.004591344431382732,0.003591344431382642,0.003777094500953226,-0.00018575006957058382,0.0,0.0,0,0.0035913444313827323
Z,terminal_value_shifted,60,2,0.0,1.0,0.0,10,41,6,0.001,1,0.004591344431382732,0.004591344431382732,0.003591344431382642,0.003777094500953226,-0.00018575006957058382,0.0,0.0,0,0.0035913444313827323
Z,terminal_value_shifted,60,2,0.25,0.0,0.0,10,41,6,0.001,1,0.004591344431382732,0.004591344431382732,0.004535618056620948,0.004802501710767639,-0.0002668836541466907,0.0,0.0,0,0.0035913444313827323
Z,terminal_value_shifted,60,2,0.25,1.0,0.0,10,41,6,0.001,1,0.004591344431382732,0.004591344431382732,0.004854469859074552,0.005147353276279927,-0.00029288341720537514,0.0,0.0,0,0.0035913444313827323
Z,terminal_value_shifted,60,2,0.5,0.0,0.0,10,41,6,0.001,1,0.004591344431382732,0.004591344431382732,0.0054798916818592554,0.005827908920582053,-0.00034801723872279755,0.0,0.0,0,0.0035913444313827323
Z,terminal_value_shifted,60,2,0.5,1.0,0.0,10,41,6,0.001,1,0.004591344431382732,0.004591344431382732,0.006755298891673669,0.007207315182631204,-0.00045201629095753537,0.0,0.0,0,0.0035913444313827323
Z,terminal_value_shifted,60,2,0.75,0.0,0.0,10,41,6,0.001,1,0.004591344431382732,0.004591344431382732,0.006424165307097562,0.006853316130396466,-0.0004291508232989044,0.0,0.0,0,0.0035913444313827323
Z,terminal_value_shifted,60,2,0.75,1.0,0.0,10,41,6,0.001,1,0.004591344431382732,0.004591344431382732,0.00929383152917999,0.009956980220007057,-0.0006631486908270662,0.0,0.0,0,0.0035913444313827323
Z,terminal_value_shifted,60,2,0.9,0.0,0.0,10,41,6,0.001,1,0.004591344431382732,0.004591344431382732,0.0069907294822405455,0.007468560456285114,-0.00047783097404456836,0.0,0.0,0,0.0035913444313827323
Z,terminal_value_shifted,60,2,0.9,1.0,0.0,10,41,6,0.001,1,0.004591344431382732,0.004591344431382732,0.011123048842039246,0.011937836745324365,-0.0008147879032851194,0.0,0.0,0,0.0035913444313827323
Z,terminal_value_shifted,60,2,1.0,0.0,0.0,10,41,6,0.001,1,0.004591344431382732,0.004591344431382732,0.007368438932335868,0.00787872334021088,-0.0005102844078750113,0.0,0.0,0,0.0035913444313827323
Z,terminal_value_shifted,60,2,1.0,1.0,0.0,10,41,6,0.001,1,0.004591344431382732,0.004591344431382732,0.01247006777159352,0.013396348388407482,-0.0009262806168139626,0.0,0.0,0,0.0035913444313827323
Z,terminal_value_shifted,70,2,0.0,0.0,0.0,10,41,6,0.001,1,0.0019948374770690364,0.0019948374770690364,0.0009948374770689253,0.000782869619715785,0.00021196785735314028,0.0,0.0,0,0.0009948374770690363
Z,terminal_value_shifted,70,2,0.0,1.0,0.0,10,41,6,0.001,1,0.0019948374770690364,0.0019948374770690364,0.0009948374770689253,0.000782869619715785,0.00021196785735314028,0.0,0.0,0,0.0009948374770690363
Z,terminal_value_shifted,70,2,0.25,0.0,0.0,10,41,6,0.001,1,0.0019948374770690364,0.0019948374770690364,0.0011905548819978716,0.0009459092447341646,0.000244645637263707,0.0,0.0,0,0.0009948374770690363
Z,terminal_value_shifted,70,2,0.25,1.0,0.0,10,41,6,0.001,1,0.0019948374770690364,0.0019948374770690364,0.0012938147882524665,0.0010460385930224061,0.0002477761952300603,0.0,0.0,0,0.0009948374770690363
Z,terminal_value_shifted,70,2,0.5,0.0,0.0,10,41,6,0.001,1,0.0019948374770690364,0.0019948374770690364,0.0013862722869268178,0.001108948869752544,0.00027732341717427375,0.0,0.0,0,0.0009948374770690363
Z,terminal_value_shifted,70,2,0.5,1.0,0.0,10,41,6,0.001,1,0.0019948374770690364,0.0019948374770690364,0.0017993119119451974,0.0015094662629055104,0.00028984564903968696,0.0,0.0,0,0.0009948374770690363
Z,terminal_value_shifted,70,2,0.75,0.0,0.0,10,41,6,0.001,1,0.0019948374770690364,0.0019948374770690364,0.001581989691855764,0.0012719884947709236,0.0003100011970848405,0.0,0.0,0,0.0009948374770690363
Z,terminal_value_shifted,70,2,0.75,1.0,0.0,10,41,6,0.001,1,0.0019948374770690364,0.0019948374770690364,0.002511328848147118,0.0021731526293650976,0.0003381762187820202,0.0,0.0,0,0.0009948374770690363
Z,terminal_value_shifted,70,2,0.9,0.0,0.0,10,41,6,0.001,1,0.0019948374770690364,0.0019948374770690364,0.001699420134813132,0.0013698122697819513,0.0003296078650311806,0.0,0.0,0,0.0009948374770690363
Z,terminal_value_shifted,70,2,0.9,1.0,0.0,10,41,6,0.001,1,0.0019948374770690364,0.0019948374770690364,0.0030376685198726817,0.0026674886235975625,0.0003701798962751192,0.0,0.0,0,0.0009948374770690363
Z,terminal_value_shifted,70,2,1.0,0.0,0.0,10,41,6,0.001,1,0.0019948374770690364,0.0019948374770690364,0.0017777070967847104,0.0014350281197893031,0.0003426789769954072,0.0,0.0,0,0.0009948374770690363
Z,terminal_value_shifted,70,2,1.0,1.0,0.0,10,41,6,0.001,1,0.0019948374770690364,0.0019948374770690364,0.0034298655968582285,0.0030370976924011684,0.00039276790445706006,0.0,0.0,0,0.0009948374770690363
Z,terminal_value_shifted,80,2,0.0,0.0,0.0,10,41,6,0.001,1,0.0024200467471505865,0.0024200467471505865,0.0014200467471504824,0.0017674011261293804,-0.000347354378978898,0.0,0.0,0,0.0014200467471505865
Z,terminal_value_shifted,80,2,0.0,1.0,0.0,10,41,6,0.001,1,0.0024200467471505865,0.0024200467471505865,0.0014200467471504824,0.0017674011261293804,-0.000347354378978898,0.0,0.0,0,0.0014200467471505865
Z,terminal_value_shifted,80,2,0.25,0.0,0.0,10,41,6,0.001,1,0.0024200467471505865,0.0024200467471505865,0.0018618970286828275,0.002314513232119008,-0.0004526162034361803,0.0,0.0,0,0.0014200467471505865
Z,terminal_value_shifted,80,2,0.25,1.0,0.0,10,41,6,0.001,1,0.0024200467471505865,0.0024200467471505865,0.0020611750551802347,0.002542456738871878,-0.0004812816836916433,0.0,0.0,0,0.0014200467471505865
Z,terminal_value_shifted,80,2,0.5,0.0,0.0,10,41,6,0.001,1,0.0024200467471505865,0.0024200467471505865,0.0023037473102151726,0.0028616253381086357,-0.0005578780278934631,0.0,0.0,0,0.0014200467471505865
Z,terminal_value_shifted,80,2,0.5,1.0,0.0,10,41,6,0.001,1,0.0024200467471505865,0.0024200467471505865,0.0031008594162048003,0.003773399365120116,-0.0006725399489153159,0.0,0.0,0,0.0014200467471505865
Z,terminal_value_shifted,80,2,0.75,0.0,0.0,10,41,6,0.001,1,0.0024200467471505865,0.0024200467471505865,0.002745597591747518,0.0034087374440982636,-0.0006631398523507456,0.0,0.0,0,0.0014200467471505865
Z,terminal_value_shifted,80,2,0.75,1.0,0.0,10,41,6,0.001,1,0.0024200467471505865,0.0024200467471505865,0.00453909983022418,0.005460229004874095,-0.0009211291746499149,0.0,0.0,0,0.0014200467471505865
Z,terminal_value_shifted,80,2,0.9,0.0,0.0,10,41,6,0.001,1,0.0024200467471505865,0.0024200467471505865,0.003010707760666925,0.00373700470769204,-0.000726296947025115,0.0,0.0,0,0.0014200467471505865
Z,terminal_value_shifted,80,2,0.9,1.0,0.0,10,41,6,0.001,1,0.0024200467471505865,0.0024200467471505865,0.005593350984073319,0.006691152555209237,-0.0010978015711359179,0.0,0.0,0,0.0014200467471505865
Z,terminal_value_shifted,80,2,1.0,0.0,0.0,10,41,6,0.001,1,0.0024200467471505865,0.0024200467471505865,0.003187447873279863,0.003955849550087891,-0.0007684016768080282,0.0,0.0,0,0.0014200467471505865
Z,terminal_value_shifted,80,2,1.0,1.0,0.0,10,41,6,0.001,1,0.0024200467471505865,0.0024200467471505865,0.0063758962972383735,0.007602945658133813,-0.0012270493608954394,0.0,0.0,0,0.0014200467471505865
Z,terminal_value_shifted,90,2,0.0,0.0,0.0,10,41,6,0.001,1,0.004397373380915691,0.004397373380915691,0.00339737338091558,0.0038964878050620983,-0.0004991144241465184,0.0,0.0,0,0.003397373380915691
Z,terminal_value_shifted,90,2,0.0,1.0,0.0,10,41,6,0.001,1,0.004397373380915691,0.004397373380915691,0.00339737338091558,0.0038964878050620983,-0.0004991144241465184,0.0,0.0,0,0.003397373380915691
Z,terminal_value_shifted,90,2,0.25,0.0,0.0,10,41,6,0.001,1,0.004397373380915691,0.004397373380915691,0.004371495332181104,0.005016805869083243,-0.0006453105369021387,0.0,0.0,0,0.003397373380915691
Z,terminal_value_shifted,90,2,0.25,1.0,0.0,10,41,6,0.001,1,0.004397373380915691,0.004397373380915691,0.0047140748481863904,0.005400295285434456,-0.0006862204372480654,0.0,0.0,0,0.003397373380915691
Z,terminal_value_shifted,90,2,0.5,0.0,0.0,10,41,6,0.001,1,0.004397373380915691,0.004397373380915691,0.0053456172834466294,0.006137123933104388,-0.000791506649657759,0.0,0.0,0,0.003397373380915691
Z,terminal_value_shifted,90,2,0.5,1.0,0.0,10,41,6,0.001,1,0.004397373380915691,0.004397373380915691,0.006715935347467774,0.007671081598509238,-0.0009551462510414641,0.0,0.0,0,0.003397373380915691
Z,terminal_value_shifted,90,2,0.75,0.0,0.0,10,41,6,0.001,1,0.004397373380915691,0.004397373380915691,0.006319739234712154,0.007257441997125533,-0.0009377027624133793,0.0,0.0,0,0.003397373380915691
Z,terminal_value_shifted,90,2,0.75,1.0,0.0,10,41,6,0.001,1,0.004397373380915691,0.004397373380915691,0.00940295487875973,0.010708846744286446,-0.0013058918655267163,0.0,0.0,0,0.003397373380915691
Z,terminal_value_shifted,90,2,0.9,0.0,0.0,10,41,6,0.001,1,0.004397373380915691,0.004397373380915691,0.006904212405471469,0.007929632835538221,-0.0010254204300667522,0.0,0.0,0,0.003397373380915691
Z,terminal_value_shifted,90,2,0.9,1.0,0.0,10,41,6,0.001,1,0.004397373380915691,0.004397373380915691,0.011344042932899978,0.012899655671449937,-0.0015556127385499587,0.0,0.0,0,0.003397373380915691
Z,terminal_value_shifted,90,2,1.0,0.0,0.0,10,41,6,0.001,1,0.004397373380915691,0.004397373380915691,0.007293861185977678,0.008377760061146678,-0.0010838988751689996,0.0,0.0,0,0.003397373380915691
Z,terminal_value_shifted,90,2,1.0,1.0,0.0,10,41,6,0.001,1,0.004397373380915691,0.004397373380915691,0.012775133442062256,0.014513590722766076,-0.00173845728070382,0.0,0.0,0,0.003397373380915691
H,terminal_value_shifted,10,2,0.0,0.0,0.0,10,41,8,0.001,1,0.0031299852094118785,0.0031299852094118785,0.0021299852094117744,0.002475214838370752,-0.00034522962895897763,0.9999999999999998,0.9999999999999999,14,0.0021299852094118785
H,terminal_value_shifted,10,2,0.0,1.0,0.0,10,41,8,0.001,1,0.0031299852094118785,0.0031299852094118785,0.0021299852094117744,0.002475214838370752,-0.00034522962895897763,0.9999999999999998,0.9999999999999999,14,0.0021299852094118785
H,terminal_value_shifted,10,2,0.25,0.0,0.0,10,41,8,0.001,1,0.0031299852094118785,0.0031299852094118785,0.002748788919004462,0.0031903982013500856,-0.00044160928234562337,0.9999999999999998,0.9999999999999999,14,0.0021299852094118785
H,terminal_value_shifted,10,2,0.25,1.0,0.0,10,41,8,0.001,1,0.0031299852094118785,0.0031299852094118785,0.002990084759749296,0.003464928133176711,-0.0004748433734274148,0.9999999999999998,0.9999999999999999,14,0.0021299852094118785
H,terminal_value_shifted,10,2,0.5,0.0,0.0,10,41,8,0.001,1,0.0031299852094118785,0.0031299852094118785,0.0033675926285971504,0.0039055815643294195,-0.0005379889357322691,0.9999999999999998,0.9999999999999999,14,0.0021299852094118785
H,terminal_value_shifted,10,2,0.5,1.0,0.0,10,41,8,0.001,1,0.0031299852094118785,0.0031299852094118785,0.004332775991576485,0.0050037012916359196,-0.0006709253000594349,0.9999999999999998,0.9999999999999999,14,0.0021299852094118785
H,terminal_value_shifted,10,2,0.75,0.0,0.0,10,41,8,0.001,1,0.0031299852094118785,0.0031299852094118785,0.003986396338189839,0.0046207649273087535,-0.0006343685891189148,0.9999999999999998,0.9999999999999999,14,0.0021299852094118785
H,terminal_value_shifted,10,2,0.75,1.0,0.0,10,41,8,0.001,1,0.0031299852094118785,0.0031299852094118785,0.006158058904893339,0.007091534313748377,-0.000933475408855038,0.9999999999999998,0.9999999999999999,14,0.0021299852094118785
H,terminal_value_shifted,10,2,0.9,0.0,0.0,10,41,8,0.001,1,0.0031299852094118785,0.0031299852094118785,0.004357678563945451,0.005049874945096354,-0.0006921963811509025,0.9999999999999998,0.9999999999999999,14,0.0021299852094118785
H,terminal_value_shifted,10,2,0.9,1.0,0.0,10,41,8,0.001,1,0.0031299852094118785,0.0031299852094118785,0.0074848726599984925,0.008607782861569413,-0.00112291020157092,0.9999999999999998,0.9999999999999999,14,0.0021299852094118785
H,terminal_value_shifted,10,2,1.0,0.0,0.0,10,41,8,0.001,1,0.0031299852094118785,0.0031299852094118785,0.0046052000477825265,0.005335948290288087,-0.0007307482425055606,0.9999999999999998,0.9999999999999999,14,0.0021299852094118785
H,terminal_value_shifted,10,2,1.0,1.0,0.0,10,41,8,0.001,1,0.0031299852094118785,0.0031299852094118785,0.008465933499699861,0.009677766794515376,-0.0012118332948155147,15.999999999999996,3.9999999999999996,38,0.0021299852094118785
H,terminal_value_shifted,20,2,0.0,0.0,0.0,10,41,8,0.001,1,0.0024796918965813083,0.0024796918965813083,0.0014796918965811765,0.001665734579231728,-0.00018604268265055152,0.9999999999999998,0.9999999999999999,13,0.0014796918965813083
H,terminal_value_shifted,20,2,0.0,1.0,0.0,10,41,8,0.001,1,0.0024796918965813083,0.0024796918965813083,0.0014796918965811765,0.001665734579231728,-0.00018604268265055152,0.9999999999999998,0.9999999999999999,13,0.0014796918965813083
H,terminal_value_shifted,20,2,0.25,0.0,0.0,10,41,8,0.001,1,0.0024796918965813083,0.0024796918965813083,0.0018961255413891085,0.0021481684943779186,-0.0002520429529888101,0.9999999999999998,0.9999999999999999,13,0.0014796918965813083
H,terminal_value_shifted,20,2,0.25,1.0,0.0,10,41,8,0.001,1,0.0024796918965813083,0.0024796918965813083,0.0020792340201756564,0.002351421914773319,-0.00027218789459766256,0.9999999999999998,0.9999999999999999,13,0.0014796918965813083
H,terminal_value_shifted,20,2,0.5,0.0,0.0,10,41,8,0.001,1,0.0024796918965813083,0.0024796918965813083,0.0023125591861970405,0.0026306024095241096,-0.00031804322332706914,0.9999999999999998,0.9999999999999999,13,0.0014796918965813083
H,terminal_value_shifted,20,2,0.5,1.0,0.0,10,41,8,0.001,1,0.0024796918965813083,0.0024796918965813083,0.0030449931013432313,0.0034283801263118407,-0.00038338702496860944,3.999999999999999,1.9999999999999998,21,0.0014796918965813083
H,terminal_value_shifted,20,2,0.75,0.0,0.0,10,41,8,0.001,1,0.0024796918965813083,0.0024796918965813083,0.0027289928310049727,0.0031044873267499305,-0.00037549449574495776,3.999999999999999,1.9999999999999998,21,0.0014796918965813083
H,terminal_value_shifted,20,2,0.75,1.0,0.0,10,41,8,0.001,1,0.0024796918965813083,0.0024796918965813083,0.004370557391643624,0.004892641448935446,-0.0005220840572918214,3.999999999999999,1.9999999999999998,21,0.0014796918965813083
H,terminal_value_shifted,20,2,0.9,0.0,0.0,10,41,8,0.001,1,0.0024796918965813083,0.0024796918965813083,0.0029788530178897314,0.003386992746262255,-0.0004081397283725234,3.999999999999999,1.9999999999999998,21,0.0014796918965813083
H,terminal_value_shifted,20,2,0.9,1.0,0.0,10,41,8,0.001,1,0.0024796918965813083,0.0024796918965813083,0.005337985368217207,0.005961934682209398,-0.0006239493139921911,3.999999999999999,1.9999999999999998,21,0.0014796918965813083
H,terminal_value_shifted,20,2,1.0,0.0,0.0,10,41,8,0.001,1,0.0024796918965813083,0.0024796918965813083,0.0031454264758129045,0.0035753296926038045,-0.00042990321679090004,3.999999999999999,1.9999999999999998,21,0.0014796918965813083
H,terminal_value_shifted,20,2,1.0,1.0,0.0,10,41,8,0.001,1,0.0024796918965813083,0.0024796918965813083,0.006055021589184981,0.006754270354266944,-0.0006992487650819626,3.999999999999999,1.9999999999999998,21,0.0014796918965813083
H,terminal_value_shifted,30,2,0.0,0.0,0.0,10,41,8,0.001,1,0.0028539415808631063,0.0028539415808631063,0.00185394158086303,0.0019957478399748327,-0.00014180625911180272,0.0,0.0,0,0.0018539415808631063
H,terminal_value_shifted,30,2,0.0,1.0,0.0,10,41,8,0.001,1,0.0028539415808631063,0.0028539415808631063,0.00185394158086303,0.0019957478399748327,-0.00014180625911180272,0.0,0.0,0,0.0018539415808631063
H,terminal_value_shifted,30,2,0.25,0.0,0.0,10,41,8,0.001,1,0.0028539415808631063,0.0028539415808631063,0.002352878540856738,0.002555139161137125,-0.00020226062028038706,0.0,0.0,0,0.0018539415808631063
H,terminal_value_shifted,30,2,0.25,1.0,0.0,10,41,8,0.001,1,0.0028539415808631063,0.0028539415808631063,0.0025552263711473115,0.0027780047324465276,-0.0002227783612992161,0.0,0.0,0,0.0018539415808631063
H,terminal_value_shifted,30,2,0.5,0.0,0.0,10,41,8,0.001,1,0.0028539415808631063,0.0028539415808631063,0.0028518155008504464,0.0031145304822994178,-0.0002627149814489714,0.0,0.0,0,0.0018539415808631063
H,terminal_value_shifted,30,2,0.5,1.0,0.0,10,41,8,0.001,1,0.0028539415808631063,0.0028539415808631063,0.003661206822012739,0.004005992767537027,-0.000344785945524288,0.0,0.0,0,0.0018539415808631063
H,terminal_value_shifted,30,2,0.75,0.0,0.0,10,41,8,0.001,1,0.0028539415808631063,0.0028539415808631063,0.0033507524608441547,0.0036739218034617105,-0.00032316934261755574,0.0,0.0,0,0.0018539415808631063
H,terminal_value_shifted,30,2,0.75,1.0,0.0,10,41,8,0.001,1,0.0028539415808631063,0.0028539415808631063,0.0051718829334593125,0.00565920784756866,-0.00048732491410934716,0.24999999999999994,0.49999999999999994,7,0.0018539415808631063
H,terminal_value_shifted,30,2,0.9,0.0,0.0,10,41,8,0.001,1,0.0028539415808631063,0.0028539415808631063,0.0036501146368403794,0.004009556596159086,-0.00035944195931870634,0.0,0.0,0,0.0018539415808631063
H,terminal_value_shifted,30,2,0.9,1.0,0.0,10,41,8,0.001,1,0.0028539415808631063,0.0028539415808631063,0.006272542517406208,0.00684518697903166,-0.000572644461625452,0.24999999999999994,0.49999999999999994,7,0.0018539415808631063
H,terminal_value_shifted,30,2,1.0,0.0,0.0,10,41,8,0.001,1,0.0028539415808631063,0.0028539415808631063,0.0038496894208378627,0.004233313124624003,-0.0003836237037861401,0.0,0.0,0,0.0018539415808631063
H,terminal_value_shifted,30,2,1.0,1.0,0.0,10,41,8,0.001,1,0.0028539415808631063,0.0028539415808631063,0.007087254705487033,0.007722110317970593,-0.0006348556124835605,0.24999999999999994,0.49999999999999994,7,0.0018539415808631063
H,terminal_value_shifted,40,2,0.0,0.0,0.0,10,41,8,0.001,0,0.000817895835042777,0.000817895835042777,0.0,0.0,0.0,0.0,0.0,0,0.0
H,terminal_value_shifted,40,2,0.0,1.0,0.0,10,41,8,0.001,0,0.000817895835042777,0.000817895835042777,0.0,0.0,0.0,0.0,0.0,0,0.0
H,terminal_value_shifted,40,2,0.25,0.0,0.0,10,41,8,0.001,0,0.000817895835042777,0.000817895835042777,0.0,1.5230029746767524e-05,-1.5230029746767524e-05,0.24999999999999994,0.49999999999999994,5,0.0
H,terminal_value_shifted,40,2,0.25,1.0,0.0,10,41,8,0.001,0,0.000817895835042777,0.000817895835042777,6.630750743669188e-05,9.687353291320372e-05,-3.056602547651184e-05,0.24999999999999994,0.49999999999999994,5,0.0
H,terminal_value_shifted,40,2,0.5,0.0,0.0,10,41,8,0.001,0,0.000817895835042777,0.000817895835042777,0.0,3.0460059493535047e-05,-3.0460059493535047e-05,0.24999999999999994,0.49999999999999994,5,0.0
H,terminal_value_shifted,40,2,0.5,1.0,0.0,10,41,8,0.001,0,0.000817895835042777,0.000817895835042777,0.00026523002974676753,0.00035703407215927985,-9.180404241251232e-05,0.24999999999999994,0.49999999999999994,5,0.0
H,terminal_value_shifted,40,2,0.75,0.0,0.0,10,41,8,0.001,0,0.000817895835042777,0.000817895835042777,0.0,4.569008924030257e-05,-4.569008924030257e-05,0.24999999999999994,0.49999999999999994,5,0.0
H,terminal_value_shifted,40,2,0.75,1.0,0.0,10,41,8,0.001,0,0.000817895835042777,0.000817895835042777,0.0005967675669302269,0.0007804816177382284,-0.00018371405080800144,0.24999999999999994,0.49999999999999994,5,0.0
H,terminal_value_shifted,40,2,0.9,0.0,0.0,10,41,8,0.001,0,0.000817895835042777,0.000817895835042777,0.0,5.4828107088363084e-05,-5.4828107088363084e-05,0.24999999999999994,0.49999999999999994,5,0.0
H,terminal_value_shifted,40,2,0.9,1.0,0.0,10,41,8,0.001,0,0.000817895835042777,0.000817895835042777,0.0008593452963795269,0.0011129279081253764,-0.00025358261174584953,0.24999999999999994,0.49999999999999994,5,0.0
H,terminal_value_shifted,40,2,1.0,0.0,0.0,10,41,8,0.001,0,0.000817895835042777,0.000817895835042777,0.0,6.0920118987070095e-05,-6.0920118987070095e-05,0.24999999999999994,0.49999999999999994,5,0.0
H,terminal_value_shifted,40,2,1.0,1.0,0.0,10,41,8,0.001,0,0.000817895835042777,0.000817895835042777,0.0010609201189870701,0.0013672161696500493,-0.0003062960506629792,0.24999999999999994,0.49999999999999994,5,0.0
H,terminal_value_shifted,50,2,0.0,0.0,0.0,10,41,8,0.001,1,0.002217241497393087,0.002217241497393087,0.0012172414973929827,0.0014592397425430914,-0.00024199824515010876,0.0,0.0,0,0.0012172414973930868
H,terminal_value_shifted,50,2,0.0,1.0,0.0,10,41,8,0.001,1,0.002217241497393087,0.002217241497393087,0.0012172414973929827,0.0014592397425430914,-0.00024199824515010876,0.0,0.0,0,0.0012172414973930868
H,terminal_value_shifted,50,2,0.25,0.0,0.0,10,41,8,0.001,1,0.002217241497393087,0.002217241497393087,0.0015820514330287555,0.0019046357340450498,-0.00032258430101629425,0.0,0.0,0,0.0012172414973930868
H,terminal_value_shifted,50,2,0.25,1.0,0.0,10,41,8,0.001,1,0.002217241497393087,0.002217241497393087,0.0017559004309042451,0.002103683389425938,-0.00034778295852169283,0.0,0.0,0,0.0012172414973930868
H,terminal_value_shifted,50,2,0.5,0.0,0.0,10,41,8,0.001,1,0.002217241497393087,0.002217241497393087,0.0019468613686645284,0.002350031725547008,-0.00040317035688247974,0.0,0.0,0,0.0012172414973930868
H,terminal_value_shifted,50,2,0.5,1.0,0.0,10,41,8,0.001,1,0.002217241497393087,0.002217241497393087,0.0026422573601664868,0.00314622234707056,-0.0005039649869040732,0.0,0.0,0,0.0012172414973930868
H,terminal_value_shifted,50,2,0.75,0.0,0.0,10,41,8,0.001,1,0.002217241497393087,0.002217241497393087,0.0023116713043003015,0.0027954277170489667,-0.0004837564127486652,0.0,0.0,0,0.0012172414973930868
H,terminal_value_shifted,50,2,0.75,1.0,0.0,10,41,8,0.001,1,0.002217241497393087,0.002217241497393087,0.003876312285179708,0.004586856615476958,-0.0007105443302972501,0.0,0.0,0,0.0012172414973930868
H,terminal_value_shifted,50,2,0.9,0.0,0.0,10,41,8,0.001,1,0.002217241497393087,0.002217241497393087,0.002530557265681765,0.0030626653119501415,-0.0005321080462683766,0.0,0.0,0,0.0012172414973930868
H,terminal_value_shifted,50,2,0.9,1.0,0.0,10,41,8,0.001,1,0.002217241497393087,0.002217241497393087,0.004783640278148111,0.00564232292568645,-0.0008586826475383393,0.0,0.0,0,0.0012172414973930868
H,terminal_value_shifted,50,2,1.0,0.0,0.0,10,41,8,0.001,1,0.002217241497393087,0.002217241497393087,0.002676481239936074,0.003240823708550925,-0.0005643424686148507,0.0,0.0,0,0.0012172414973930868
H,terminal_value_shifted,50,2,1.0,1.0,0.0,10,41,8,0.001,1,0.002217241497393087,0.002217241497393087,0.0054580652059439076,0.006425586194645132,-0.0009675209887012245,0.0,0.0,0,0.0012172414973930868
H,terminal_value_shifted,60,2,0.0,0.0,0.0,10,41,8,0.001,1,0.0034109404019825734,0.0034109404019825734,0.0024109404019824554,0.0026024744634725533,-0.00019153406149009788,0.0,0.0,0,0.0024109404019825734
H,terminal_value_shifted,60,2,0.0,1.0,0.0,10,41,8,0.001,1,0.0034109404019825734,0.0034109404019825734,0.0024109404019824554,0.0026024744634725533,-0.00019153406149009788,0.0,0.0,0,0.0024109404019825734
H,terminal_value_shifted,60,2,0.25,0.0,0.0,10,41,8,0.001,1,0.0034109404019825734,0.0034109404019825734,0.0030615590178505936,0.003315163671385583,-0.0002536046535349893,0.0,0.0,0,0.0024109404019825734
H,terminal_value_shifted,60,2,0.25,1.0,0.0,10,41,8,0.001,1,0.0034109404019825734,0.0034109404019825734,0.003302231319828851,0.0035744989512464798,-0.00027226763141762877,0.0,0.0,0,0.0024109404019825734
H,terminal_value_shifted,60,2,0.5,0.0,0.0,10,41,8,0.001,1,0.0034109404019825734,0.0034109404019825734,0.003712177633718732,0.004027852879298613,-0.00031567524557988115,0.0,0.0,0,0.0024109404019825734
H,terminal_value_shifted,60,2,0.5,1.0,0.0,10,41,8,0.001,1,0.0034109404019825734,0.0034109404019825734,0.004674866841631762,0.005065193998742201,-0.0003903271571104386,0.0,0.0,0,0.0024109404019825734
H,terminal_value_shifted,60,2,0.75,0.0,0.0,10,41,8,0.001,1,0.0034109404019825734,0.0034109404019825734,0.004362796249586871,0.004740542087211643,-0.00037774583762477214,0.0,0.0,0,0.0024109404019825734
H,terminal_value_shifted,60,2,0.75,1.0,0.0,10,41,8,0.001,1,0.0034109404019825734,0.0034109404019825734,0.006528846967391188,0.007074559605959715,-0.0005457126385685273,0.0,0.0,0,0.0024109404019825734
H,terminal_value_shifted,60,2,0.9,0.0,0.0,10,41,8,0.001,1,0.0034109404019825734,0.0034109404019825734,0.004753167419107754,0.00516815561195946,-0.00041498819285170664,0.0,0.0,0,0.0024109404019825734
H,terminal_value_shifted,60,2,0.9,1.0,0.0,10,41,8,0.001,1,0.0034109404019825734,0.0034109404019825734,0.007872280452745972,0.008529140838956685,-0.0006568603862107131,0.0,0.0,0,0.0024109404019825734
H,terminal_value_shifted,60,2,1.0,0.0,0.0,10,41,8,0.001,1,0.0034109404019825734,0.0034109404019825734,0.005013414865455009,0.005453231295124672,-0.00043981642966966356,0.0,0.0,0,0.0024109404019825734
H,terminal_value_shifted,60,2,1.0,1.0,0.0,10,41,8,0.001,1,0.0034109404019825734,0.0034109404019825734,0.008864171697107128,0.009602595772899023,-0.000738424075791895,0.0,0.0,0,0.0024109404019825734
H,terminal_value_shifted,70,2,0.0,0.0,0.0,10,41,8,0.001,1,0.004969528306360084,0.004969528306360084,0.003969528306359994,0.004535979106166766,-0.0005664507998067725,0.0,0.0,0,0.003969528306360084
H,terminal_value_shifted,70,2,0.0,1.0,0.0,10,41,8,0.001,1,0.004969528306360084,0.004969528306360084,0.003969528306359994,0.004535979106166766,-0.0005664507998067725,0.0,0.0,0,0.003969528306360084
H,terminal_value_shifted,70,2,0.25,0.0,0.0,10,41,8,0.001,1,0.004969528306360084,0.004969528306360084,0.005103523082901685,0.005832941433055113,-0.0007294183501534279,0.0,0.0,0,0.003969528306360084
H,terminal_value_shifted,70,2,0.25,1.0,0.0,10,41,8,0.001,1,0.004969528306360084,0.004969528306360084,0.005490263664623772,0.006265517683617276,-0.0007752540189935033,0.0,0.0,0,0.003969528306360084
H,terminal_value_shifted,70,2,0.5,0.0,0.0,10,41,8,0.001,1,0.004969528306360084,0.004969528306360084,0.006237517859443377,0.0071299037599434605,-0.0008923859005000832,0.0,0.0,0,0.003969528306360084
H,terminal_value_shifted,70,2,0.5,1.0,0.0,10,41,8,0.001,1,0.004969528306360084,0.004969528306360084,0.007784480186331724,0.00886020876219211,-0.0010757285758603852,0.0,0.0,0,0.003969528306360084
H,terminal_value_shifted,70,2,0.75,0.0,0.0,10,41,8,0.001,1,0.004969528306360084,0.004969528306360084,0.007371512635985069,0.008426866086831807,-0.0010553534508467386,0.0,0.0,0,0.003969528306360084
H,terminal_value_shifted,70,2,0.75,1.0,0.0,10,41,8,0.001,1,0.004969528306360084,0.004969528306360084,0.01085217787148385,0.012320052341891267,-0.001467874470407417,0.0,0.0,0,0.003969528306360084
H,terminal_value_shifted,70,2,0.9,0.0,0.0,10,41,8,0.001,1,0.004969528306360084,0.004969528306360084,0.008051909501910082,0.009205043482964815,-0.0011531339810547329,0.0,0.0,0,0.003969528306360084
H,terminal_value_shifted,70,2,0.9,1.0,0.0,10,41,8,0.001,1,0.004969528306360084,0.004969528306360084,0.013064067441028327,0.014811231690250438,-0.0017471642492221107,0.0,0.0,0,0.003969528306360084
H,terminal_value_shifted,70,2,1.0,0.0,0.0,10,41,8,0.001,1,0.004969528306360084,0.004969528306360084,0.00850550741252676,0.009723828413720154,-0.001218321001193394,0.0,0.0,0,0.003969528306360084
H,terminal_value_shifted,70,2,1.0,1.0,0.0,10,41,8,0.001,1,0.004969528306360084,0.004969528306360084,0.014693356720080146,0.016645048422714748,-0.0019516917026346017,0.0,0.0,0,0.003969528306360084
H,terminal_value_shifted,80,2,0.0,0.0,0.0,10,41,8,0.001,1,0.0013480594111151753,0.0013480594111151753,0.00034805941111509895,0.00037123332058398937,-2.317390946889042e-05,0.0,0.0,0,0.0003480594111151753
H,terminal_value_shifted,80,2,0.0,1.0,0.0,10,41,8,0.001,1,0.0013480594111151753,0.0013480594111151753,0.00034805941111509895,0.00037123332058398937,-2.317390946889042e-05,0.0,0.0,0,0.0003480594111151753
H,terminal_value_shifted,80,2,0.25,0.0,0.0,10,41,8,0.001,1,0.0013480594111151753,0.0013480594111151753,0.0004408677412610963,0.0004991183645904958,-5.825062332939952e-05,0.0,0.0,0,0.0003480594111151753
H,terminal_value_shifted,80,2,0.25,1.0,0.0,10,41,8,0.001,1,0.0013480594111151753,0.0013480594111151753,0.0005353390022627229,0.0006061110935867673,-7.077209132404444e-05,0.0,0.0,0,0.0003480594111151753
H,terminal_value_shifted,80,2,0.5,0.0,0.0,10,41,8,0.001,1,0.0013480594111151753,0.0013480594111151753,0.0005336760714070936,0.0006270034085970023,-9.332733718990863e-05,0.0,0.0,0,0.0003480594111151753
H,terminal_value_shifted,80,2,0.5,1.0,0.0,10,41,8,0.001,1,0.0013480594111151753,0.0013480594111151753,0.0009115611154136001,0.0010549743245820884,-0.0001434132091684883,0.0,0.0,0,0.0003480594111151753
H,terminal_value_shifted,80,2,0.75,0.0,0.0,10,41,8,0.001,1,0.0013480594111151753,0.0013480594111151753,0.000626484401553091,0.0007548884526035087,-0.00012840405105041773,0.0,0.0,0,0.0003480594111151753
H,terminal_value_shifted,80,2,0.75,1.0,0.0,10,41,8,0.001,1,0.0013480594111151753,0.0013480594111151753,0.0014767257505677305,0.0017178230135699525,-0.000241097263002222,0.0,0.0,0,0.0003480594111151753
H,terminal_value_shifted,80,2,0.9,0.0,0.0,10,41,8,0.001,1,0.0013480594111151753,0.0013480594111151753,0.0006821693996406894,0.0008316194790074125,-0.00014945007936672313,0.0,0.0,0,0.0003480594111151753
H,terminal_value_shifted,80,2,0.9,1.0,0.0,10,41,8,0.001,1,0.0013480594111151753,0.0013480594111151753,0.0019065169422217705,0.002218245246799092,-0.00031172830457732175,0.0,0.0,0,0.0003480594111151753
H,terminal_value_shifted,80,2,1.0,0.0,0.0,10,41,8,0.001,1,0.0013480594111151753,0.0013480594111151753,0.0007192927316990883,0.0008827734966100152,-0.00016348076491092683,0.0,0.0,0,0.0003480594111151753
H,terminal_value_shifted,80,2,1.0,1.0,0.0,10,41,8,0.001,1,0.0013480594111151753,0.0013480594111151753,0.002230832907725114,0.0025946571605503597,-0.00036382425282524555,0.0,0.0,0,0.0003480594111151753
H,terminal_value_shifted,90,2,0.0,0.0,0.0,10,41,8,0.001,1,0.0026305139244080233,0.0026305139244080233,0.0016305139244078984,0.0018998589155340912,-0.00026934499112619276,0.0,0.0,0,0.0016305139244080233
H,terminal_value_shifted,90,2,0.0,1.0,0.0,10,41,8,0.001,1,0.0026305139244080233,0.0026305139244080233,0.0016305139244078984,0.0018998589155340912,-0.00026934499112619276,0.0,0.0,0,0.0016305139244080233
H,terminal_value_shifted,90,2,0.25,0.0,0.0,10,41,8,0.001,1,0.0026305139244080233,0.0026305139244080233,0.002105478653291421,0.002473677946710661,-0.0003681992934192399,0.0,0.0,0,0.0016305139244080233
H,terminal_value_shifted,90,2,0.25,1.0,0.0,10,41,8,0.001,1,0.0026305139244080233,0.0026305139244080233,0.002311433411085564,0.00270890877818321,-0.0003974753670976461,0.0,0.0,0,0.0016305139244080233
H,terminal_value_shifted,90,2,0.5,0.0,0.0,10,41,8,0.001,1,0.0026305139244080233,0.0026305139244080233,0.002580443382174944,0.003047496977887231,-0.00046705359571228705,0.0,0.0,0,0.0016305139244080233
H,terminal_value_shifted,90,2,0.5,1.0,0.0,10,41,8,0.001,1,0.0026305139244080233,0.0026305139244080233,0.003404262413351514,0.003988420303777426,-0.0005841578904259123,0.0,0.0,0,0.0016305139244080233
H,terminal_value_shifted,90,2,0.75,0.0,0.0,10,41,8,0.001,1,0.0026305139244080233,0.0026305139244080233,0.003055408111058467,0.003621316009063801,-0.0005659078980053342,0.0,0.0,0,0.0016305139244080233
H,terminal_value_shifted,90,2,0.75,1.0,0.0,10,41,8,0.001,1,0.0026305139244080233,0.0026305139244080233,0.004909000931205749,0.005738393492316739,-0.0008293925611109901,0.0,0.0,0,0.0016305139244080233
H,terminal_value_shifted,90,2,0.9,0.0,0.0,10,41,8,0.001,1,0.0026305139244080233,0.0026305139244080233,0.0033403869483885802,0.003965607427769743,-0.0006252204793811625,0.0,0.0,0,0.0016305139244080233
H,terminal_value_shifted,90,2,0.9,1.0,0.0,10,41,8,0.001,1,0.0026305139244080233,0.0026305139244080233,0.006009560609400667,0.007014199003653974,-0.0010046383942533075,0.0,0.0,0,0.0016305139244080233
H,terminal_value_shifted,90,2,1.0,0.0,0.0,10,41,8,0.001,1,0.0026305139244080233,0.0026305139244080233,0.0035303728399419896,0.004195135040240371,-0.0006647622002983813,0.0,0.0,0,0.0016305139244080233
H,terminal_value_shifted,90,2,1.0,1.0,0.0,10,41,8,0.001,1,0.0026305139244080233,0.0026305139244080233,0.006825648964648269,0.007956486178477962,-0.0011308372138296927,0.24999999999999994,0.49999999999999994,7,0.0016305139244080233
