system,disorder_strength,seed,tail_infidelity_mean,tail_stability_range,final_fidelity,pulse_energy,task,config,horizon_steps,beam_width,segments,n_train_strengths,n_train_seeds
horizon_lyapunov_Z,0.08,10,0.08144775881639181,0.04383460824125085,0.9435609471026574,1.655,Z,q1_b1,1,1,100,2,8
horizon_lyapunov_Z,0.08,11,0.03863873314198664,0.01053670222145131,0.9641777125928606,1.655,Z,q1_b1,1,1,100,2,8
horizon_lyapunov_Z,0.08,12,0.028383383270314238,0.009608507526568388,0.9747914604102907,1.655,Z,q1_b1,1,1,100,2,8
horizon_lyapunov_Z,0.08,13,0.01446361772304095,0.007600761251767896,0.979819670913223,1.655,Z,q1_b1,1,1,100,2,8
horizon_lyapunov_Z,0.08,14,0.09454474687875312,0.02391784359138094,0.9130263135368497,1.655,Z,q1_b1,1,1,100,2,8
horizon_lyapunov_Z,0.08,15,0.010004092836331625,0.0026289012024759417,0.9886470768980118,1.655,Z,q1_b1,1,1,100,2,8
horizon_lyapunov_Z,0.08,16,0.039509585112913845,0.023797124886939414,0.9529276845856318,1.655,Z,q1_b1,1,1,100,2,8
horizon_lyapunov_Z,0.08,17,0.019076635531720062,0.018413154255786268,0.97146356115545,1.655,Z,q1_b1,1,1,100,2,8
horizon_lyapunov_Z,0.08,18,0.019913591784370313,0.02306951818670211,0.9645761586668175,1.655,Z,q1_b1,1,1,100,2,8
horizon_lyapunov_Z,0.08,19,0.007426102537188657,0.006277487035918128,0.992965148012278,1.655,Z,q1_b1,1,1,100,2,8
horizon_lyapunov_Z,0.08,20,0.04246447456854943,0.01576025411205395,0.9559527068829974,1.655,Z,q1_b1,1,1,100,2,8
horizon_lyapunov_Z,0.08,21,0.07928359940175529,0.020177198360583293,0.9064759463974987,1.655,Z,q1_b1,1,1,100,2,8
horizon_lyapunov_Z,0.08,22,0.09120955592847209,0.04390572259965608,0.9348033920842828,1.655,Z,q1_b1,1,1,100,2,8
horizon_lyapunov_Z,0.08,23,0.002759970824241123,0.0024914907337361125,0.9955878071072602,1.655,Z,q1_b1,1,1,100,2,8
horizon_lyapunov_Z,0.08,24,0.04726023543373534,0.026485610232252044,0.9403118895799798,1.655,Z,q1_b1,1,1,100,2,8
horizon_lyapunov_Z,0.08,25,0.08725866245199487,0.02658948800769012,0.9046818052149754,1.655,Z,q1_b1,1,1,100,2,8
horizon_lyapunov_Z,0.08,26,0.011759187802670263,0.012793129422629224,0.9807589895709182,1.655,Z,q1_b1,1,1,100,2,8
horizon_lyapunov_Z,0.08,27,0.03913433738097288,0.015194967662677361,0.968631207383237,1.655,Z,q1_b1,1,1,100,2,8
horizon_lyapunov_Z,0.08,28,0.032822053705654025,0.02838237991450776,0.979054324259006,1.655,Z,q1_b1,1,1,100,2,8
horizon_lyapunov_Z,0.08,29,0.058443343483032026,0.03652759083718837,0.9568870092574099,1.655,Z,q1_b1,1,1,100,2,8
horizon_lyapunov_Z,0.08,30,0.025624353151281087,0.02195150001385604,0.9624312972677748,1.655,Z,q1_b1,1,1,100,2,8
horizon_lyapunov_Z,0.08,31,0.04005798222891503,0.02720414223426071,0.9493572561907777,1.655,Z,q1_b1,1,1,100,2,8
horizon_lyapunov_Z,0.08,32,0.002132592061404904,0.0015193685691813341,0.9973704725436942,1.655,Z,q1_b1,1,1,100,2,8
horizon_lyapunov_Z,0.08,33,0.04582872363989543,0.017289146778080133,0.9422346211949635,1.655,Z,q1_b1,1,1,100,2,8
horizon_lyapunov_Z,0.08,34,0.0665846990652082,0.030139973345147952,0.9137305210505713,1.655,Z,q1_b1,1,1,100,2,8
horizon_lyapunov_Z,0.08,35,0.022927223544197253,0.02170811693180341,0.9690579262877589,1.655,Z,q1_b1,1,1,100,2,8
horizon_lyapunov_Z,0.08,36,0.04069247551843723,0.03290487739422976,0.975841248595942,1.655,Z,q1_b1,1,1,100,2,8
horizon_lyapunov_Z,0.08,37,0.08389158645705476,0.02474030398957472,0.9146825693814886,1.655,Z,q1_b1,1,1,100,2,8
horizon_lyapunov_Z,0.08,38,0.010977486895969118,0.009802093475172913,0.9923961807975925,1.655,Z,q1_b1,1,1,100,2,8
horizon_lyapunov_Z,0.08,39,0.02475416676357344,0.008074024806883018,0.9794187723592681,1.655,Z,q1_b1,1,1,100,2,8
horizon_lyapunov_Z,0.08,40,0.0684820006025085,0.03991409946988178,0.955212258653249,1.655,Z,q1_b1,1,1,100,2,8
horizon_lyapunov_Z,0.08,41,0.014852101993482393,0.01749179672394363,0.9915122173416,1.655,Z,q1_b1,1,1,100,2,8
horizon_lyapunov_Z,0.08,42,0.03375448636351236,0.02040478894031117,0.9513816948479789,1.655,Z,q1_b1,1,1,100,2,8
horizon_lyapunov_Z,0.08,43,0.05381209492891155,0.02222230555824012,0.9306353359119872,1.655,Z,q1_b1,1,1,100,2,8
horizon_lyapunov_Z,0.08,44,0.013249162973547137,0.010854221149923848,0.9903784781783157,1.655,Z,q1_b1,1,1,100,2,8
horizon_lyapunov_Z,0.08,45,0.012110515820673583,0.0038228370932366085,0.9870416174162677,1.655,Z,q1_b1,1,1,100,2,8
horizon_lyapunov_Z,0.08,46,0.015528364599783642,0.010249133159013768,0.9812731970328903,1.655,Z,q1_b1,1,1,100,2,8
horizon_lyapunov_Z,0.08,47,0.14753930587960884,0.028826823430221804,0.8650378222196868,1.655,Z,q1_b1,1,1,100,2,8
horizon_lyapunov_Z,0.08,48,0.0013577072480054405,0.0005509892314350395,0.9984268036100121,1.655,Z,q1_b1,1,1,100,2,8
horizon_lyapunov_Z,0.08,49,0.004086200696760557,0.0039735928369344364,0.998174159984736,1.655,Z,q1_b1,1,1,100,2,8
horizon_lyapunov_Z,0.08,50,0.053473629478209515,0.014849667587236937,0.9367234012206285,1.655,Z,q1_b1,1,1,100,2,8
horizon_lyapunov_Z,0.08,51,0.014582401251961672,0.007645457741224826,0.9889373125671876,1.655,Z,q1_b1,1,1,100,2,8
horizon_lyapunov_Z,0.08,52,0.019250860046470235,0.02080821099907948,0.9880011314831906,1.655,Z,q1_b1,1,1,100,2,8
horizon_lyapunov_Z,0.08,53,0.04892321957565248,0.02718381353472854,0.9320980802023678,1.655,Z,q1_b1,1,1,100,2,8
horizon_lyapunov_Z,0.08,54,0.037793963536142255,0.033602469791504386,0.9435183560254877,1.655,Z,q1_b1,1,1,100,2,8
horizon_lyapunov_Z,0.08,55,0.015530969488087198,0.009476076798824895,0.9879943256819899,1.655,Z,q1_b1,1,1,100,2,8
horizon_lyapunov_Z,0.08,56,0.05479273240748549,0.03094787535238186,0.930977599415118,1.655,Z,q1_b1,1,1,100,2,8
horizon_lyapunov_Z,0.08,57,0.07891448314156599,0.009569468829598193,0.9189037032117446,1.655,Z,q1_b1,1,1,100,2,8
horizon_lyapunov_Z,0.08,58,0.14934351565382384,0.02557672004000333,0.8618233320566445,1.655,Z,q1_b1,1,1,100,2,8
horizon_lyapunov_Z,0.08,59,0.034847797002897696,0.01933479827032436,0.9608128764714615,1.655,Z,q1_b1,1,1,100,2,8
horizon_lyapunov_Z,0.08,10,0.008781227371025987,0.007017228099255091,0.9915095902428975,2.11,Z,q2_b2,2,2,100,2,8
horizon_lyapunov_Z,0.08,11,0.004409217950813557,0.008166018694716004,0.9902043897669511,2.11,Z,q2_b2,2,2,100,2,8
horizon_lyapunov_Z,0.08,12,0.004495671339845424,0.008543921805258536,0.9899232900789808,2.11,Z,q2_b2,2,2,100,2,8
horizon_lyapunov_Z,0.08,13,0.0035722597670045666,0.007774423219365056,0.998057332128899,2.11,Z,q2_b2,2,2,100,2,8
horizon_lyapunov_Z,0.08,14,0.004755514846156915,0.010429526777040676,0.9963218496180664,2.11,Z,q2_b2,2,2,100,2,8
horizon_lyapunov_Z,0.08,15,0.004806866608113638,0.006344572968787987,0.9911663347344456,2.11,Z,q2_b2,2,2,100,2,8
horizon_lyapunov_Z,0.08,16,0.004122533508811543,0.006289934789405427,0.9922488560019749,2.11,Z,q2_b2,2,2,100,2,8
horizon_lyapunov_Z,0.08,17,0.0024784123492893975,0.0036172369280111916,0.9954443606394199,2.11,Z,q2_b2,2,2,100,2,8
horizon_lyapunov_Z,0.08,18,0.002548216846775002,0.004572939724594383,0.9941204618002998,2.11,Z,q2_b2,2,2,100,2,8
horizon_lyapunov_Z,0.08,19,0.0052454865920024555,0.006976973879056048,0.9909331015026088,2.11,Z,q2_b2,2,2,100,2,8
horizon_lyapunov_Z,0.08,20,0.004329295929183783,0.007357109017244623,0.991091695394793,2.11,Z,q2_b2,2,2,100,2,8
horizon_lyapunov_Z,0.08,21,0.0039799768215739795,0.007717833116763995,0.9972659748818293,2.11,Z,q2_b2,2,2,100,2,8
horizon_lyapunov_Z,0.08,22,0.008555870718948307,0.00762515458742119,0.9915126711367566,2.11,Z,q2_b2,2,2,100,2,8
horizon_lyapunov_Z,0.08,23,0.003083525913555456,0.00491951527010781,0.9937233358386128,2.11,Z,q2_b2,2,2,100,2,8
horizon_lyapunov_Z,0.08,24,0.002480844012795765,0.0040576121653264074,0.9966862908115033,2.11,Z,q2_b2,2,2,100,2,8
horizon_lyapunov_Z,0.08,25,0.003235020235218404,0.0078069521585100166,0.9976981947643944,2.11,Z,q2_b2,2,2,100,2,8
horizon_lyapunov_Z,0.08,26,0.0034092404961437147,0.006477300874201064,0.9920029163850815,2.11,Z,q2_b2,2,2,100,2,8
horizon_lyapunov_Z,0.08,27,0.004401002003865062,0.005631890124039085,0.9921575044396371,2.11,Z,q2_b2,2,2,100,2,8
horizon_lyapunov_Z,0.08,28,0.009015806698686925,0.008739746942484472,0.9939240142949685,2.11,Z,q2_b2,2,2,100,2,8
horizon_lyapunov_Z,0.08,29,0.009732511096352278,0.012343197582672882,0.9948246340587684,2.11,Z,q2_b2,2,2,100,2,8
horizon_lyapunov_Z,0.08,30,0.002363280874268514,0.0039016531038645885,0.9951780565604434,2.11,Z,q2_b2,2,2,100,2,8
horizon_lyapunov_Z,0.08,31,0.003879583805597302,0.005884448286437305,0.9927481349086691,2.11,Z,q2_b2,2,2,100,2,8
horizon_lyapunov_Z,0.08,32,0.0031556637568457384,0.007332462575897369,0.9915012314422156,2.11,Z,q2_b2,2,2,100,2,8
horizon_lyapunov_Z,0.08,33,0.003322355523076782,0.008213626376370131,0.9987745874845096,2.11,Z,q2_b2,2,2,100,2,8
horizon_lyapunov_Z,0.08,34,0.0023923231274365934,0.004610017195517235,0.9967839978324471,2.11,Z,q2_b2,2,2,100,2,8
horizon_lyapunov_Z,0.08,35,0.00452387726712853,0.005469476329596379,0.9926884517251273,2.11,Z,q2_b2,2,2,100,2,8
horizon_lyapunov_Z,0.08,36,0.008555425539220967,0.004952204142559591,0.9920468498289112,2.11,Z,q2_b2,2,2,100,2,8
horizon_lyapunov_Z,0.08,37,0.0037396386956387584,0.009077109908361525,0.9974591152267884,2.11,Z,q2_b2,2,2,100,2,8
horizon_lyapunov_Z,0.08,38,0.00399950048627433,0.00449589810282347,0.995365832042023,2.11,Z,q2_b2,2,2,100,2,8
horizon_lyapunov_Z,0.08,39,0.004455650184035746,0.008867793434657822,0.9896340276460567,2.11,Z,q2_b2,2,2,100,2,8
horizon_lyapunov_Z,0.08,40,0.008029447919497414,0.005190891276624199,0.9905494242746932,2.11,Z,q2_b2,2,2,100,2,8
horizon_lyapunov_Z,0.08,41,0.00811732598426172,0.006846718776979177,0.9937930559392973,2.11,Z,q2_b2,2,2,100,2,8
horizon_lyapunov_Z,0.08,42,0.0028593942243177275,0.006055954964654275,0.9978654012753614,2.11,Z,q2_b2,2,2,100,2,8
horizon_lyapunov_Z,0.08,43,0.003489629214334901,0.0048327670778159915,0.9956480362194536,2.11,Z,q2_b2,2,2,100,2,8
horizon_lyapunov_Z,0.08,44,0.0040943723220733625,0.0047624084036096415,0.9955323652417014,2.11,Z,q2_b2,2,2,100,2,8
horizon_lyapunov_Z,0.08,45,0.004204878100396444,0.0068040684363044335,0.9910050386221083,2.11,Z,q2_b2,2,2,100,2,8
horizon_lyapunov_Z,0.08,46,0.006591956418362759,0.008269725606854239,0.9937005196022682,2.11,Z,q2_b2,2,2,100,2,8
horizon_lyapunov_Z,0.08,47,0.007371711952687525,0.016083889848374944,0.9977683184090793,2.11,Z,q2_b2,2,2,100,2,8
horizon_lyapunov_Z,0.08,48,0.005372431531569971,0.0067840282619439085,0.9909482708472205,2.11,Z,q2_b2,2,2,100,2,8
horizon_lyapunov_Z,0.08,49,0.003858766913735968,0.009484893621128032,0.9894366873307749,2.11,Z,q2_b2,2,2,100,2,8
horizon_lyapunov_Z,0.08,50,0.003558929632731787,0.008661221193791424,0.998674400976449,2.11,Z,q2_b2,2,2,100,2,8
horizon_lyapunov_Z,0.08,51,0.00492224508162062,0.006501920068167966,0.9904850401250102,2.11,Z,q2_b2,2,2,100,2,8
horizon_lyapunov_Z,0.08,52,0.008533230052529091,0.008751151151924375,0.9942110301208209,2.11,Z,q2_b2,2,2,100,2,8
horizon_lyapunov_Z,0.08,53,0.0024615101235828237,0.005030174165138623,0.997533537415607,2.11,Z,q2_b2,2,2,100,2,8
horizon_lyapunov_Z,0.08,54,0.002890773700171751,0.005211656741290982,0.9937715879494691,2.11,Z,q2_b2,2,2,100,2,8
horizon_lyapunov_Z,0.08,55,0.003976215194139038,0.0063351243943367,0.9952042555893998,2.11,Z,q2_b2,2,2,100,2,8
horizon_lyapunov_Z,0.08,56,0.0032840391641873706,0.0054638190908895545,0.9933623017283013,2.11,Z,q2_b2,2,2,100,2,8
horizon_lyapunov_Z,0.08,57,0.003938152372880104,0.005566526418157136,0.9930651589915271,2.11,Z,q2_b2,2,2,100,2,8
horizon_lyapunov_Z,0.08,58,0.006982049934656713,0.01566603412012957,0.9978526837496193,2.11,Z,q2_b2,2,2,100,2,8
horizon_lyapunov_Z,0.08,59,0.004392691454753818,0.006765298568704781,0.9916711772005555,2.11,Z,q2_b2,2,2,100,2,8
horizon_lyapunov_Z,0.08,10,0.0051069783797273215,0.010347624818359047,0.9892075331182295,3.18,Z,q4_b4,4,4,100,2,8
horizon_lyapunov_Z,0.08,11,0.004799517961718519,0.009219510969506794,0.9896340086579557,3.18,Z,q4_b4,4,4,100,2,8
horizon_lyapunov_Z,0.08,12,0.004611515940621565,0.009198217646780416,0.9896999181869922,3.18,Z,q4_b4,4,4,100,2,8
horizon_lyapunov_Z,0.08,13,0.003250349641932345,0.003026358084768699,0.9967709177951117,3.18,Z,q4_b4,4,4,100,2,8
horizon_lyapunov_Z,0.08,14,0.0034247297964330407,0.006739261557068499,0.9923660315950367,3.18,Z,q4_b4,4,4,100,2,8
horizon_lyapunov_Z,0.08,15,0.0026465935761897296,0.004353802179139277,0.9943516027255345,3.18,Z,q4_b4,4,4,100,2,8
horizon_lyapunov_Z,0.08,16,0.0036380889958445863,0.006015496815403032,0.9925764274338451,3.18,Z,q4_b4,4,4,100,2,8
horizon_lyapunov_Z,0.08,17,0.0020428443424132074,0.0020770065814769145,0.9969074795654064,3.18,Z,q4_b4,4,4,100,2,8
horizon_lyapunov_Z,0.08,18,0.002519874543116402,0.0030340967277573405,0.9971637449712742,3.18,Z,q4_b4,4,4,100,2,8
horizon_lyapunov_Z,0.08,19,0.0036838143594398374,0.007268747098580164,0.9917004307457895,3.18,Z,q4_b4,4,4,100,2,8
horizon_lyapunov_Z,0.08,20,0.004387175906697286,0.008074979396314741,0.9907101622163865,3.18,Z,q4_b4,4,4,100,2,8
horizon_lyapunov_Z,0.08,21,0.002871675556177638,0.004342781074683999,0.998801478484157,3.18,Z,q4_b4,4,4,100,2,8
horizon_lyapunov_Z,0.08,22,0.005260465451889576,0.010943761980571343,0.9886158229410056,3.18,Z,q4_b4,4,4,100,2,8
horizon_lyapunov_Z,0.08,23,0.0030188599013016796,0.0046267913685038575,0.9946296349697805,3.18,Z,q4_b4,4,4,100,2,8
horizon_lyapunov_Z,0.08,24,0.0018185866617951138,0.00228697212949569,0.9978258474404341,3.18,Z,q4_b4,4,4,100,2,8
horizon_lyapunov_Z,0.08,25,0.002274786745688204,0.0018582055394495978,0.997041229643417,3.18,Z,q4_b4,4,4,100,2,8
horizon_lyapunov_Z,0.08,26,0.002633705601415002,0.0032643346611240798,0.9952476389218164,3.18,Z,q4_b4,4,4,100,2,8
horizon_lyapunov_Z,0.08,27,0.005260369095990565,0.00941611415375987,0.9907554236432057,3.18,Z,q4_b4,4,4,100,2,8
horizon_lyapunov_Z,0.08,28,0.00390978569979764,0.006108830390401443,0.9933298915446998,3.18,Z,q4_b4,4,4,100,2,8
horizon_lyapunov_Z,0.08,29,0.004609711238684351,0.007409565828394249,0.992880804508625,3.18,Z,q4_b4,4,4,100,2,8
horizon_lyapunov_Z,0.08,30,0.0020066015454539565,0.002403808966161658,0.9972823730811122,3.18,Z,q4_b4,4,4,100,2,8
horizon_lyapunov_Z,0.08,31,0.003326877892344141,0.00498724696436792,0.9935380279212545,3.18,Z,q4_b4,4,4,100,2,8
horizon_lyapunov_Z,0.08,32,0.0034769163177030774,0.005650739492905732,0.9931851591969837,3.18,Z,q4_b4,4,4,100,2,8
horizon_lyapunov_Z,0.08,33,0.003833823021771308,0.0038597507912927487,0.998070297678754,3.18,Z,q4_b4,4,4,100,2,8
horizon_lyapunov_Z,0.08,34,0.003432016310091924,0.003271891405462468,0.9982133141231851,3.18,Z,q4_b4,4,4,100,2,8
horizon_lyapunov_Z,0.08,35,0.0030698943275974376,0.0051908500737862795,0.9935180745670018,3.18,Z,q4_b4,4,4,100,2,8
horizon_lyapunov_Z,0.08,36,0.004096670204737098,0.007429750643017208,0.9918244215489949,3.18,Z,q4_b4,4,4,100,2,8
horizon_lyapunov_Z,0.08,37,0.002569415708294128,0.0039364857681694065,0.9951065552257368,3.18,Z,q4_b4,4,4,100,2,8
horizon_lyapunov_Z,0.08,38,0.0038304440899834167,0.006144272487841551,0.9941757929558054,3.18,Z,q4_b4,4,4,100,2,8
horizon_lyapunov_Z,0.08,39,0.004655833199622319,0.00933064656275373,0.9895589312879411,3.18,Z,q4_b4,4,4,100,2,8
horizon_lyapunov_Z,0.08,40,0.004826398970931284,0.0104218283308124,0.9889394498706081,3.18,Z,q4_b4,4,4,100,2,8
horizon_lyapunov_Z,0.08,41,0.003310556791114149,0.0048176483400556025,0.9940930298320726,3.18,Z,q4_b4,4,4,100,2,8
horizon_lyapunov_Z,0.08,42,0.0032350754233570348,0.0035675593197880273,0.9983083497107249,3.18,Z,q4_b4,4,4,100,2,8
horizon_lyapunov_Z,0.08,43,0.0025823004622140557,0.003900967091697294,0.9983512993950231,3.18,Z,q4_b4,4,4,100,2,8
horizon_lyapunov_Z,0.08,44,0.0039466583899532125,0.006273563220657308,0.994153862858431,3.18,Z,q4_b4,4,4,100,2,8
horizon_lyapunov_Z,0.08,45,0.0029130053623413767,0.00441797493477647,0.9938457170209303,3.18,Z,q4_b4,4,4,100,2,8
horizon_lyapunov_Z,0.08,46,0.003240845345404327,0.0035474140746860616,0.9953870095340327,3.18,Z,q4_b4,4,4,100,2,8
horizon_lyapunov_Z,0.08,47,0.005360732181108695,0.008023510850294402,0.9935649210497101,3.18,Z,q4_b4,4,4,100,2,8
horizon_lyapunov_Z,0.08,48,0.003513592693180745,0.0063550300077074295,0.9926222780469551,3.18,Z,q4_b4,4,4,100,2,8
horizon_lyapunov_Z,0.08,49,0.004073524204868522,0.007814933711593475,0.9911186973126669,3.18,Z,q4_b4,4,4,100,2,8
horizon_lyapunov_Z,0.08,50,0.0042062896295749375,0.004487381496948606,0.9975421656862773,3.18,Z,q4_b4,4,4,100,2,8
horizon_lyapunov_Z,0.08,51,0.003085114309567171,0.0052701440557358925,0.9930656298331666,3.18,Z,q4_b4,4,4,100,2,8
horizon_lyapunov_Z,0.08,52,0.003494072840332387,0.0051906860802724,0.9941198232627316,3.18,Z,q4_b4,4,4,100,2,8
horizon_lyapunov_Z,0.08,53,0.0032111426295387204,0.00399829065932078,0.9987661275859003,3.18,Z,q4_b4,4,4,100,2,8
horizon_lyapunov_Z,0.08,54,0.00247493828797949,0.0019257329852369054,0.9964436742420641,3.18,Z,q4_b4,4,4,100,2,8
horizon_lyapunov_Z,0.08,55,0.0033405519333387724,0.005282633034793371,0.993349682332309,3.18,Z,q4_b4,4,4,100,2,8
horizon_lyapunov_Z,0.08,56,0.003368303175498749,0.00391588805271037,0.9945281313496607,3.18,Z,q4_b4,4,4,100,2,8
horizon_lyapunov_Z,0.08,57,0.005202678859719087,0.008021969915296578,0.9921154077655816,3.18,Z,q4_b4,4,4,100,2,8
horizon_lyapunov_Z,0.08,58,0.005191601408862704,0.007574790664186981,0.9938372692380248,3.18,Z,q4_b4,4,4,100,2,8
horizon_lyapunov_Z,0.08,59,0.0038712619611136266,0.007028932440588442,0.9917011022219919,3.18,Z,q4_b4,4,4,100,2,8
horizon_lyapunov_Z,0.08,10,0.08144775881639181,0.04383460824125085,0.9435609471026574,1.655,Z,q6_b1,6,1,100,2,8
horizon_lyapunov_Z,0.08,11,0.03863873314198664,0.01053670222145131,0.9641777125928606,1.655,Z,q6_b1,6,1,100,2,8
horizon_lyapunov_Z,0.08,12,0.028383383270314238,0.009608507526568388,0.9747914604102907,1.655,Z,q6_b1,6,1,100,2,8
horizon_lyapunov_Z,0.08,13,0.01446361772304095,0.007600761251767896,0.979819670913223,1.655,Z,q6_b1,6,1,100,2,8
horizon_lyapunov_Z,0.08,14,0.09454474687875312,0.02391784359138094,0.9130263135368497,1.655,Z,q6_b1,6,1,100,2,8
horizon_lyapunov_Z,0.08,15,0.010004092836331625,0.0026289012024759417,0.9886470768980118,1.655,Z,q6_b1,6,1,100,2,8
horizon_lyapunov_Z,0.08,16,0.039509585112913845,0.023797124886939414,0.9529276845856318,1.655,Z,q6_b1,6,1,100,2,8
horizon_lyapunov_Z,0.08,17,0.019076635531720062,0.018413154255786268,0.97146356115545,1.655,Z,q6_b1,6,1,100,2,8
horizon_lyapunov_Z,0.08,18,0.019913591784370313,0.02306951818670211,0.9645761586668175,1.655,Z,q6_b1,6,1,100,2,8
horizon_lyapunov_Z,0.08,19,0.007426102537188657,0.006277487035918128,0.992965148012278,1.655,Z,q6_b1,6,1,100,2,8
horizon_lyapunov_Z,0.08,20,0.04246447456854943,0.01576025411205395,0.9559527068829974,1.655,Z,q6_b1,6,1,100,2,8
horizon_lyapunov_Z,0.08,21,0.07928359940175529,0.020177198360583293,0.9064759463974987,1.655,Z,q6_b1,6,1,100,2,8
horizon_lyapunov_Z,0.08,22,0.09120955592847209,0.04390572259965608,0.9348033920842828,1.655,Z,q6_b1,6,1,100,2,8
horizon_lyapunov_Z,0.08,23,0.002759970824241123,0.0024914907337361125,0.9955878071072602,1.655,Z,q6_b1,6,1,100,2,8
horizon_lyapunov_Z,0.08,24,0.04726023543373534,0.026485610232252044,0.9403118895799798,1.655,Z,q6_b1,6,1,100,2,8
horizon_lyapunov_Z,0.08,25,0.08725866245199487,0.02658948800769012,0.9046818052149754,1.655,Z,q6_b1,6,1,100,2,8
horizon_lyapunov_Z,0.08,26,0.011759187802670263,0.012793129422629224,0.9807589895709182,1.655,Z,q6_b1,6,1,100,2,8
horizon_lyapunov_Z,0.08,27,0.03913433738097288,0.015194967662677361,0.968631207383237,1.655,Z,q6_b1,6,1,100,2,8
horizon_lyapunov_Z,0.08,28,0.032822053705654025,0.02838237991450776,0.979054324259006,1.655,Z,q6_b1,6,1,100,2,8
horizon_lyapunov_Z,0.08,29,0.058443343483032026,0.03652759083718837,0.9568870092574099,1.655,Z,q6_b1,6,1,100,2,8
horizon_lyapunov_Z,0.08,30,0.025624353151281087,0.02195150001385604,0.9624312972677748,1.655,Z,q6_b1,6,1,100,2,8
horizon_lyapunov_Z,0.08,31,0.04005798222891503,0.02720414223426071,0.9493572561907777,1.655,Z,q6_b1,6,1,100,2,8
horizon_lyapunov_Z,0.08,32,0.002132592061404904,0.0015193685691813341,0.9973704725436942,1.655,Z,q6_b1,6,1,100,2,8
horizon_lyapunov_Z,0.08,33,0.04582872363989543,0.017289146778080133,0.9422346211949635,1.655,Z,q6_b1,6,1,100,2,8
horizon_lyapunov_Z,0.08,34,0.0665846990652082,0.030139973345147952,0.9137305210505713,1.655,Z,q6_b1,6,1,100,2,8
horizon_lyapunov_Z,0.08,35,0.022927223544197253,0.02170811693180341,0.9690579262877589,1.655,Z,q6_b1,6,1,100,2,8
horizon_lyapunov_Z,0.08,36,0.04069247551843723,0.03290487739422976,0.975841248595942,1.655,Z,q6_b1,6,1,100,2,8
horizon_lyapunov_Z,0.08,37,0.08389158645705476,0.02474030398957472,0.9146825693814886,1.655,Z,q6_b1,6,1,100,2,8
horizon_lyapunov_Z,0.08,38,0.010977486895969118,0.009802093475172913,0.9923961807975925,1.655,Z,q6_b1,6,1,100,2,8
horizon_lyapunov_Z,0.08,39,0.02475416676357344,0.008074024806883018,0.9794187723592681,1.655,Z,q6_b1,6,1,100,2,8
horizon_lyapunov_Z,0.08,40,0.0684820006025085,0.03991409946988178,0.955212258653249,1.655,Z,q6_b1,6,1,100,2,8
horizon_lyapunov_Z,0.08,41,0.014852101993482393,0.01749179672394363,0.9915122173416,1.655,Z,q6_b1,6,1,100,2,8
horizon_lyapunov_Z,0.08,42,0.03375448636351236,0.02040478894031117,0.9513816948479789,1.655,Z,q6_b1,6,1,100,2,8
horizon_lyapunov_Z,0.08,43,0.05381209492891155,0.02222230555824012,0.9306353359119872,1.655,Z,q6_b1,6,1,100,2,8
horizon_lyapunov_Z,0.08,44,0.013249162973547137,0.010854221149923848,0.9903784781783157,1.655,Z,q6_b1,6,1,100,2,8
horizon_lyapunov_Z,0.08,45,0.012110515820673583,0.0038228370932366085,0.9870416174162677,1.655,Z,q6_b1,6,1,100,2,8
horizon_lyapunov_Z,0.08,46,0.015528364599783642,0.010249133159013768,0.9812731970328903,1.655,Z,q6_b1,6,1,100,2,8
horizon_lyapunov_Z,0.08,47,0.14753930587960884,0.028826823430221804,0.8650378222196868,1.655,Z,q6_b1,6,1,100,2,8
horizon_lyapunov_Z,0.08,48,0.0013577072480054405,0.0005509892314350395,0.9984268036100121,1.655,Z,q6_b1,6,1,100,2,8
horizon_lyapunov_Z,0.08,49,0.004086200696760557,0.0039735928369344364,0.998174159984736,1.655,Z,q6_b1,6,1,100,2,8
horizon_lyapunov_Z,0.08,50,0.053473629478209515,0.014849667587236937,0.9367234012206285,1.655,Z,q6_b1,6,1,100,2,8
horizon_lyapunov_Z,0.08,51,0.014582401251961672,0.007645457741224826,0.9889373125671876,1.655,Z,q6_b1,6,1,100,2,8
horizon_lyapunov_Z,0.08,52,0.019250860046470235,0.02080821099907948,0.9880011314831906,1.655,Z,q6_b1,6,1,100,2,8
horizon_lyapunov_Z,0.08,53,0.04892321957565248,0.02718381353472854,0.9320980802023678,1.655,Z,q6_b1,6,1,100,2,8
horizon_lyapunov_Z,0.08,54,0.037793963536142255,0.033602469791504386,0.9435183560254877,1.655,Z,q6_b1,6,1,100,2,8
horizon_lyapunov_Z,0.08,55,0.015530969488087198,0.009476076798824895,0.9879943256819899,1.655,Z,q6_b1,6,1,100,2,8
horizon_lyapunov_Z,0.08,56,0.05479273240748549,0.03094787535238186,0.930977599415118,1.655,Z,q6_b1,6,1,100,2,8
horizon_lyapunov_Z,0.08,57,0.07891448314156599,0.009569468829598193,0.9189037032117446,1.655,Z,q6_b1,6,1,100,2,8
horizon_lyapunov_Z,0.08,58,0.14934351565382384,0.02557672004000333,0.8618233320566445,1.655,Z,q6_b1,6,1,100,2,8
horizon_lyapunov_Z,0.08,59,0.034847797002897696,0.01933479827032436,0.9608128764714615,1.655,Z,q6_b1,6,1,100,2,8
horizon_lyapunov_Z,0.08,10,0.0026794355094355068,0.00342737719417352,0.9984988292838571,2.7275,Z,q6_b3,6,3,100,2,8
horizon_lyapunov_Z,0.08,11,0.008215589225311097,0.007909043244803238,0.9901611817336048,2.7275,Z,q6_b3,6,3,100,2,8
horizon_lyapunov_Z,0.08,12,0.007810897637080523,0.006255193906821166,0.9888500365807795,2.7275,Z,q6_b3,6,3,100,2,8
horizon_lyapunov_Z,0.08,13,0.008830257585286539,0.007896190416568083,0.991444714374433,2.7275,Z,q6_b3,6,3,100,2,8
horizon_lyapunov_Z,0.08,14,0.014787400894783809,0.01536111230180659,0.9923568997032626,2.7275,Z,q6_b3,6,3,100,2,8
horizon_lyapunov_Z,0.08,15,0.0027842925753704052,0.0031673223611331514,0.9983704567160133,2.7275,Z,q6_b3,6,3,100,2,8
horizon_lyapunov_Z,0.08,16,0.011205489678625499,0.012271921181717604,0.9914168931387838,2.7275,Z,q6_b3,6,3,100,2,8
horizon_lyapunov_Z,0.08,17,0.008812010325690081,0.007875759100863577,0.9952958273210666,2.7275,Z,q6_b3,6,3,100,2,8
horizon_lyapunov_Z,0.08,18,0.004612089958071275,0.005716492048651212,0.9961801149841623,2.7275,Z,q6_b3,6,3,100,2,8
horizon_lyapunov_Z,0.08,19,0.008747511849720144,0.00788086726704007,0.9857156457512236,2.7275,Z,q6_b3,6,3,100,2,8
horizon_lyapunov_Z,0.08,20,0.01007073002459648,0.010114901003053678,0.9903452923657674,2.7275,Z,q6_b3,6,3,100,2,8
horizon_lyapunov_Z,0.08,21,0.008358157794265473,0.004795810278950596,0.9923346080340651,2.7275,Z,q6_b3,6,3,100,2,8
horizon_lyapunov_Z,0.08,22,0.0036074597344969853,0.004446577854700484,0.9978905475046536,2.7275,Z,q6_b3,6,3,100,2,8
horizon_lyapunov_Z,0.08,23,0.00520401522808202,0.0031964224007186015,0.9959830611920983,2.7275,Z,q6_b3,6,3,100,2,8
horizon_lyapunov_Z,0.08,24,0.01150182935421359,0.012100274928302568,0.9949975900663783,2.7275,Z,q6_b3,6,3,100,2,8
horizon_lyapunov_Z,0.08,25,0.01435299846899395,0.017089008067622258,0.9947512621567538,2.7275,Z,q6_b3,6,3,100,2,8
horizon_lyapunov_Z,0.08,26,0.003113655185231746,0.0034000496015687,0.9966634172673077,2.7275,Z,q6_b3,6,3,100,2,8
horizon_lyapunov_Z,0.08,27,0.003782279942832539,0.006974369279208026,0.9969259442596521,2.7275,Z,q6_b3,6,3,100,2,8
horizon_lyapunov_Z,0.08,28,0.0045413430378887735,0.002940674764278839,0.9954333148923635,2.7275,Z,q6_b3,6,3,100,2,8
horizon_lyapunov_Z,0.08,29,0.004112811031786935,0.0031932157393990135,0.9959811168979499,2.7275,Z,q6_b3,6,3,100,2,8
horizon_lyapunov_Z,0.08,30,0.008527516297334573,0.00681499158412413,0.9949287491840696,2.7275,Z,q6_b3,6,3,100,2,8
horizon_lyapunov_Z,0.08,31,0.011206098793866692,0.013305210930599443,0.9926874662941572,2.7275,Z,q6_b3,6,3,100,2,8
horizon_lyapunov_Z,0.08,32,0.003278798821001968,0.003404514449124818,0.9942167648587472,2.7275,Z,q6_b3,6,3,100,2,8
horizon_lyapunov_Z,0.08,33,0.00751953606772678,0.01097435374215494,0.995891041231719,2.7275,Z,q6_b3,6,3,100,2,8
horizon_lyapunov_Z,0.08,34,0.008113481296445412,0.015105801790232798,0.998270876226774,2.7275,Z,q6_b3,6,3,100,2,8
horizon_lyapunov_Z,0.08,35,0.010949302405604978,0.010624032133134564,0.9910109757625561,2.7275,Z,q6_b3,6,3,100,2,8
horizon_lyapunov_Z,0.08,36,0.0023720119311988423,0.0021515568158237963,0.99833163000744,2.7275,Z,q6_b3,6,3,100,2,8
horizon_lyapunov_Z,0.08,37,0.015341683295177589,0.017188431220112044,0.9933914708875208,2.7275,Z,q6_b3,6,3,100,2,8
horizon_lyapunov_Z,0.08,38,0.0053828723350979905,0.0065826045410647405,0.9972100249324274,2.7275,Z,q6_b3,6,3,100,2,8
horizon_lyapunov_Z,0.08,39,0.006927024202055255,0.006822751278357186,0.988855807313984,2.7275,Z,q6_b3,6,3,100,2,8
horizon_lyapunov_Z,0.08,40,0.0025100099808595057,0.002499257608759131,0.9977231489228233,2.7275,Z,q6_b3,6,3,100,2,8
horizon_lyapunov_Z,0.08,41,0.006110259416702036,0.003569336018087954,0.9936789853374889,2.7275,Z,q6_b3,6,3,100,2,8
horizon_lyapunov_Z,0.08,42,0.007089702566837243,0.00868540565606013,0.9946028920583248,2.7275,Z,q6_b3,6,3,100,2,8
horizon_lyapunov_Z,0.08,43,0.007136936092460762,0.003381213504733638,0.9912978179694326,2.7275,Z,q6_b3,6,3,100,2,8
horizon_lyapunov_Z,0.08,44,0.005374461789985669,0.0069397122652925525,0.9973167946458255,2.7275,Z,q6_b3,6,3,100,2,8
horizon_lyapunov_Z,0.08,45,0.0023815966967485704,0.00209039743180639,0.9968040955493384,2.7275,Z,q6_b3,6,3,100,2,8
horizon_lyapunov_Z,0.08,46,0.006748881686587456,0.011081478384245114,0.9853030163176076,2.7275,Z,q6_b3,6,3,100,2,8
horizon_lyapunov_Z,0.08,47,0.009200982282556894,0.013144864079876029,0.9971960458403129,2.7275,Z,q6_b3,6,3,100,2,8
horizon_lyapunov_Z,0.08,48,0.007068047506622942,0.011470574825063418,0.9847358236483247,2.7275,Z,q6_b3,6,3,100,2,8
horizon_lyapunov_Z,0.08,49,0.003557600993726225,0.009338488604725526,0.9894059334201318,2.7275,Z,q6_b3,6,3,100,2,8
horizon_lyapunov_Z,0.08,50,0.007420266149448298,0.012048402474564512,0.9969123270081935,2.7275,Z,q6_b3,6,3,100,2,8
horizon_lyapunov_Z,0.08,51,0.0019175078884362117,0.0014974838968976334,0.9974483964216168,2.7275,Z,q6_b3,6,3,100,2,8
horizon_lyapunov_Z,0.08,52,0.00616263143048528,0.002897323784964656,0.992980756539596,2.7275,Z,q6_b3,6,3,100,2,8
horizon_lyapunov_Z,0.08,53,0.007067693890889929,0.01070614826270655,0.9967357082102214,2.7275,Z,q6_b3,6,3,100,2,8
horizon_lyapunov_Z,0.08,54,0.009031930849732459,0.013600289079034211,0.9969163941273776,2.7275,Z,q6_b3,6,3,100,2,8
horizon_lyapunov_Z,0.08,55,0.009246741104705358,0.005857569159314013,0.9892268453687417,2.7275,Z,q6_b3,6,3,100,2,8
horizon_lyapunov_Z,0.08,56,0.010930284375204132,0.015531993911978126,0.9950557228913525,2.7275,Z,q6_b3,6,3,100,2,8
horizon_lyapunov_Z,0.08,57,0.008839880741089677,0.015498446064736715,0.9965327018431336,2.7275,Z,q6_b3,6,3,100,2,8
horizon_lyapunov_Z,0.08,58,0.009964352979793055,0.014189785504913788,0.9970506502175175,2.7275,Z,q6_b3,6,3,100,2,8
horizon_lyapunov_Z,0.08,59,0.010824078822118666,0.010318578758467756,0.9899558013361285,2.7275,Z,q6_b3,6,3,100,2,8
horizon_lyapunov_Z,0.08,10,0.0022757523085999193,0.0041010887184366185,0.9978606264179473,4.9225,Z,q6_b6,6,6,100,2,8
horizon_lyapunov_Z,0.08,11,0.002671429828696107,0.003646516275938594,0.9981874757312209,4.9225,Z,q6_b6,6,6,100,2,8
horizon_lyapunov_Z,0.08,12,0.0024643089143709255,0.0030341226536505506,0.9978344398922905,4.9225,Z,q6_b6,6,6,100,2,8
horizon_lyapunov_Z,0.08,13,0.0027455646833190067,0.0034756422878998716,0.9949986668119927,4.9225,Z,q6_b6,6,6,100,2,8
horizon_lyapunov_Z,0.08,14,0.0029819704900627317,0.0048165773520779664,0.9972379308201622,4.9225,Z,q6_b6,6,6,100,2,8
horizon_lyapunov_Z,0.08,15,0.0018857280993039426,0.0021214861535880924,0.9970802461220162,4.9225,Z,q6_b6,6,6,100,2,8
horizon_lyapunov_Z,0.08,16,0.003248154783910479,0.003961011384316704,0.9985361971599993,4.9225,Z,q6_b6,6,6,100,2,8
horizon_lyapunov_Z,0.08,17,0.0016040460495104398,0.002288962396693961,0.9985176696929553,4.9225,Z,q6_b6,6,6,100,2,8
horizon_lyapunov_Z,0.08,18,0.0028609558600586602,0.004465449127121213,0.9949855666789057,4.9225,Z,q6_b6,6,6,100,2,8
horizon_lyapunov_Z,0.08,19,0.0024373948455320388,0.0028161106288169258,0.99710656461026,4.9225,Z,q6_b6,6,6,100,2,8
horizon_lyapunov_Z,0.08,20,0.003035970838019621,0.003980493334288959,0.9983613695667575,4.9225,Z,q6_b6,6,6,100,2,8
horizon_lyapunov_Z,0.08,21,0.0034510843648479835,0.004073210948926542,0.9972120035801539,4.9225,Z,q6_b6,6,6,100,2,8
horizon_lyapunov_Z,0.08,22,0.00243172004529868,0.004378083780392283,0.9975293581968212,4.9225,Z,q6_b6,6,6,100,2,8
horizon_lyapunov_Z,0.08,23,0.001177578966135943,0.0014035071703885071,0.9986976193094766,4.9225,Z,q6_b6,6,6,100,2,8
horizon_lyapunov_Z,0.08,24,0.0022391495521540275,0.003287943181620512,0.9984591340411166,4.9225,Z,q6_b6,6,6,100,2,8
horizon_lyapunov_Z,0.08,25,0.0030088226249551917,0.004990688738559124,0.9984927172897539,4.9225,Z,q6_b6,6,6,100,2,8
horizon_lyapunov_Z,0.08,26,0.0022506810013568144,0.0040956473523272585,0.9952271802724112,4.9225,Z,q6_b6,6,6,100,2,8
horizon_lyapunov_Z,0.08,27,0.00210463472800634,0.0037064594834564923,0.9991018799607582,4.9225,Z,q6_b6,6,6,100,2,8
horizon_lyapunov_Z,0.08,28,0.0022157421405010836,0.002731957845713784,0.9989650179467164,4.9225,Z,q6_b6,6,6,100,2,8
horizon_lyapunov_Z,0.08,29,0.002492317941963674,0.003996819375403304,0.999056014222955,4.9225,Z,q6_b6,6,6,100,2,8
horizon_lyapunov_Z,0.08,30,0.0018255891540653985,0.0029408028623754134,0.9982740401980201,4.9225,Z,q6_b6,6,6,100,2,8
horizon_lyapunov_Z,0.08,31,0.0033354336838498566,0.00401637589867776,0.9986230287441766,4.9225,Z,q6_b6,6,6,100,2,8
horizon_lyapunov_Z,0.08,32,0.0012518640648561067,0.00229236741297445,0.998085926714253,4.9225,Z,q6_b6,6,6,100,2,8
horizon_lyapunov_Z,0.08,33,0.0037466164419097565,0.0027554790497504866,0.9962940037135054,4.9225,Z,q6_b6,6,6,100,2,8
horizon_lyapunov_Z,0.08,34,0.004358319330704022,0.0038152134426880924,0.9970371021212118,4.9225,Z,q6_b6,6,6,100,2,8
horizon_lyapunov_Z,0.08,35,0.002967248832534519,0.0030587197949971667,0.9984699997057063,4.9225,Z,q6_b6,6,6,100,2,8
horizon_lyapunov_Z,0.08,36,0.0019257534022002899,0.0026208774351443864,0.9986087324697019,4.9225,Z,q6_b6,6,6,100,2,8
horizon_lyapunov_Z,0.08,37,0.0028410987224312704,0.004840470343377312,0.9980318636956158,4.9225,Z,q6_b6,6,6,100,2,8
horizon_lyapunov_Z,0.08,38,0.00146910768578622,0.001838968573717903,0.9990167558640621,4.9225,Z,q6_b6,6,6,100,2,8
horizon_lyapunov_Z,0.08,39,0.002292527038593897,0.002798926093077081,0.9977124775654787,4.9225,Z,q6_b6,6,6,100,2,8
horizon_lyapunov_Z,0.08,40,0.0021007163504582283,0.0033711159584079997,0.9969948463052327,4.9225,Z,q6_b6,6,6,100,2,8
horizon_lyapunov_Z,0.08,41,0.0022185931923919744,0.0021910994940885775,0.9987904874264775,4.9225,Z,q6_b6,6,6,100,2,8
horizon_lyapunov_Z,0.08,42,0.0035349546531037116,0.0036030414353677154,0.9951589327732334,4.9225,Z,q6_b6,6,6,100,2,8
horizon_lyapunov_Z,0.08,43,0.0029708861911661075,0.004594207389143179,0.996812813402671,4.9225,Z,q6_b6,6,6,100,2,8
horizon_lyapunov_Z,0.08,44,0.0015566988586735258,0.0020514236338486924,0.9990100493692864,4.9225,Z,q6_b6,6,6,100,2,8
horizon_lyapunov_Z,0.08,45,0.0019798616332973836,0.0038476114813635887,0.9953924807845294,4.9225,Z,q6_b6,6,6,100,2,8
horizon_lyapunov_Z,0.08,46,0.002692090887478645,0.004068604425550126,0.9962027110584144,4.9225,Z,q6_b6,6,6,100,2,8
horizon_lyapunov_Z,0.08,47,0.003997017451645337,0.007113364925652621,0.999071209564032,4.9225,Z,q6_b6,6,6,100,2,8
horizon_lyapunov_Z,0.08,48,0.00228746597805019,0.0035753196931892495,0.9963783456719386,4.9225,Z,q6_b6,6,6,100,2,8
horizon_lyapunov_Z,0.08,49,0.0016362544877802272,0.0030542376466338172,0.9970568435710021,4.9225,Z,q6_b6,6,6,100,2,8
horizon_lyapunov_Z,0.08,50,0.003822105359218934,0.00338587624437392,0.9969803055579876,4.9225,Z,q6_b6,6,6,100,2,8
horizon_lyapunov_Z,0.08,51,0.0018260071228072853,0.003278757843283908,0.9959237726963537,4.9225,Z,q6_b6,6,6,100,2,8
horizon_lyapunov_Z,0.08,52,0.002313549352211746,0.0023944933541830693,0.9987133029804487,4.9225,Z,q6_b6,6,6,100,2,8
horizon_lyapunov_Z,0.08,53,0.003967267964723681,0.0036888816946857306,0.9958707684143513,4.9225,Z,q6_b6,6,6,100,2,8
horizon_lyapunov_Z,0.08,54,0.0033507660644897597,0.003628028823371321,0.9981838073184552,4.9225,Z,q6_b6,6,6,100,2,8
horizon_lyapunov_Z,0.08,55,0.002297161117355699,0.005234101845652095,0.9939664005503894,4.9225,Z,q6_b6,6,6,100,2,8
horizon_lyapunov_Z,0.08,56,0.0037338516900608863,0.004611372407739678,0.9986252728790219,4.9225,Z,q6_b6,6,6,100,2,8
horizon_lyapunov_Z,0.08,57,0.0038515317663410783,0.0062204157486200895,0.9989856724166021,4.9225,Z,q6_b6,6,6,100,2,8
horizon_lyapunov_Z,0.08,58,0.0040642486551117326,0.007092740922958973,0.999031070848346,4.9225,Z,q6_b6,6,6,100,2,8
horizon_lyapunov_Z,0.08,59,0.003054367903163829,0.0036003001381951227,0.9983271867956677,4.9225,Z,q6_b6,6,6,100,2,8
horizon_lyapunov_Z,0.08,10,0.008554956448888061,0.01599765123621355,0.9837034202774368,4.2725,Z,q6_b8,6,8,100,2,8
horizon_lyapunov_Z,0.08,11,0.0045226752827376105,0.006781373953843373,0.9958558146507348,4.2725,Z,q6_b8,6,8,100,2,8
horizon_lyapunov_Z,0.08,12,0.005016800921201555,0.007110474702287539,0.9960248879540325,4.2725,Z,q6_b8,6,8,100,2,8
horizon_lyapunov_Z,0.08,13,0.006282745440570033,0.010825879351849754,0.9949031681991983,4.2725,Z,q6_b8,6,8,100,2,8
horizon_lyapunov_Z,0.08,14,0.00390582652684034,0.007847070294838554,0.996609030466263,4.2725,Z,q6_b8,6,8,100,2,8
horizon_lyapunov_Z,0.08,15,0.007647902998131366,0.0091332953879113,0.9904770641977896,4.2725,Z,q6_b8,6,8,100,2,8
horizon_lyapunov_Z,0.08,16,0.006013162922402335,0.010223437701075366,0.9944840389152598,4.2725,Z,q6_b8,6,8,100,2,8
horizon_lyapunov_Z,0.08,17,0.004830100505686388,0.005512973020786793,0.9955521629266028,4.2725,Z,q6_b8,6,8,100,2,8
horizon_lyapunov_Z,0.08,18,0.0038184423718736656,0.010179320468574393,0.9989762435955911,4.2725,Z,q6_b8,6,8,100,2,8
horizon_lyapunov_Z,0.08,19,0.008008551448646909,0.010232673034938244,0.9936755664116663,4.2725,Z,q6_b8,6,8,100,2,8
horizon_lyapunov_Z,0.08,20,0.004994194681420097,0.008288879396883275,0.9955561279788915,4.2725,Z,q6_b8,6,8,100,2,8
horizon_lyapunov_Z,0.08,21,0.004273758943660529,0.007131880562359694,0.9965462412968281,4.2725,Z,q6_b8,6,8,100,2,8
horizon_lyapunov_Z,0.08,22,0.0073634860056762995,0.01458834145385568,0.9858795117119585,4.2725,Z,q6_b8,6,8,100,2,8
horizon_lyapunov_Z,0.08,23,0.005680546749085464,0.006633502914631717,0.9927843400183343,4.2725,Z,q6_b8,6,8,100,2,8
horizon_lyapunov_Z,0.08,24,0.0037783756065499904,0.006355329338668891,0.9974388695101422,4.2725,Z,q6_b8,6,8,100,2,8
horizon_lyapunov_Z,0.08,25,0.002890018174018011,0.005695272170745391,0.9979228189530764,4.2725,Z,q6_b8,6,8,100,2,8
horizon_lyapunov_Z,0.08,26,0.004785313297220592,0.008387588470994967,0.9970356861383339,4.2725,Z,q6_b8,6,8,100,2,8
horizon_lyapunov_Z,0.08,27,0.004734649293982442,0.008135596572088066,0.9909368050477688,4.2725,Z,q6_b8,6,8,100,2,8
horizon_lyapunov_Z,0.08,28,0.014827303923270998,0.020734597568620727,0.9759782342580807,4.2725,Z,q6_b8,6,8,100,2,8
horizon_lyapunov_Z,0.08,29,0.014500332822492312,0.021048190866856387,0.9748472993534816,4.2725,Z,q6_b8,6,8,100,2,8
horizon_lyapunov_Z,0.08,30,0.00421394071034099,0.006247601113446355,0.9969704269155191,4.2725,Z,q6_b8,6,8,100,2,8
horizon_lyapunov_Z,0.08,31,0.0060787046997324845,0.010289036841045318,0.9942545137141541,4.2725,Z,q6_b8,6,8,100,2,8
horizon_lyapunov_Z,0.08,32,0.004940872830589907,0.005581660345641559,0.9948592170681139,4.2725,Z,q6_b8,6,8,100,2,8
horizon_lyapunov_Z,0.08,33,0.004490407160310842,0.00835142321615967,0.9943348749502072,4.2725,Z,q6_b8,6,8,100,2,8
horizon_lyapunov_Z,0.08,34,0.002404487330232574,0.008026794459339293,0.9974775976330181,4.2725,Z,q6_b8,6,8,100,2,8
horizon_lyapunov_Z,0.08,35,0.00824545129070185,0.013034775980482194,0.9917818744653555,4.2725,Z,q6_b8,6,8,100,2,8
horizon_lyapunov_Z,0.08,36,0.012073441135141538,0.017818557985736394,0.9793368413281824,4.2725,Z,q6_b8,6,8,100,2,8
horizon_lyapunov_Z,0.08,37,0.003681008487956219,0.007023680395711773,0.9970819422308377,4.2725,Z,q6_b8,6,8,100,2,8
horizon_lyapunov_Z,0.08,38,0.00660176723639337,0.009520126163434006,0.9891068449950076,4.2725,Z,q6_b8,6,8,100,2,8
horizon_lyapunov_Z,0.08,39,0.004898696451291691,0.0070210420866485546,0.9961888137936749,4.2725,Z,q6_b8,6,8,100,2,8
horizon_lyapunov_Z,0.08,40,0.007357159593809575,0.013534526373170874,0.9872130533084656,4.2725,Z,q6_b8,6,8,100,2,8
horizon_lyapunov_Z,0.08,41,0.014817489091086215,0.020554475845725673,0.9780159752595039,4.2725,Z,q6_b8,6,8,100,2,8
horizon_lyapunov_Z,0.08,42,0.004259939200798633,0.008887846965940915,0.9970313266109042,4.2725,Z,q6_b8,6,8,100,2,8
horizon_lyapunov_Z,0.08,43,0.004177765495282434,0.007851293719718044,0.9980931979024994,4.2725,Z,q6_b8,6,8,100,2,8
horizon_lyapunov_Z,0.08,44,0.006607672475969971,0.009619843352854263,0.9888662854127096,4.2725,Z,q6_b8,6,8,100,2,8
horizon_lyapunov_Z,0.08,45,0.005436990558271922,0.007917001132543344,0.9953669108068744,4.2725,Z,q6_b8,6,8,100,2,8
horizon_lyapunov_Z,0.08,46,0.010302978741688127,0.011740024871367938,0.9896827274454267,4.2725,Z,q6_b8,6,8,100,2,8
horizon_lyapunov_Z,0.08,47,0.006165574065094035,0.012734680437809454,0.9862033224241449,4.2725,Z,q6_b8,6,8,100,2,8
horizon_lyapunov_Z,0.08,48,0.00802923309704789,0.009709515148679237,0.994180055500627,4.2725,Z,q6_b8,6,8,100,2,8
horizon_lyapunov_Z,0.08,49,0.004762760563568174,0.0062536147526085495,0.9970855555643203,4.2725,Z,q6_b8,6,8,100,2,8
horizon_lyapunov_Z,0.08,50,0.004421056138017824,0.007852066458687523,0.9930702155041577,4.2725,Z,q6_b8,6,8,100,2,8
horizon_lyapunov_Z,0.08,51,0.006277821012057158,0.007315650410303132,0.993065855890045,4.2725,Z,q6_b8,6,8,100,2,8
horizon_lyapunov_Z,0.08,52,0.015248100261389124,0.02077699923413079,0.9771712774164755,4.2725,Z,q6_b8,6,8,100,2,8
horizon_lyapunov_Z,0.08,53,0.0031638516047861874,0.009192228156155058,0.9976936585512051,4.2725,Z,q6_b8,6,8,100,2,8
horizon_lyapunov_Z,0.08,54,0.005244707588700225,0.007497277217252352,0.9951567791531852,4.2725,Z,q6_b8,6,8,100,2,8
horizon_lyapunov_Z,0.08,55,0.0061475872710300096,0.010167148690482852,0.9971805622163694,4.2725,Z,q6_b8,6,8,100,2,8
horizon_lyapunov_Z,0.08,56,0.004412555959770578,0.007357753197164252,0.9957749793613465,4.2725,Z,q6_b8,6,8,100,2,8
horizon_lyapunov_Z,0.08,57,0.0027872007233692908,0.004895052965221081,0.9943640277687233,4.2725,Z,q6_b8,6,8,100,2,8
horizon_lyapunov_Z,0.08,58,0.005412324091204316,0.011292424759232755,0.9877548783263093,4.2725,Z,q6_b8,6,8,100,2,8
horizon_lyapunov_Z,0.08,59,0.006163935323875845,0.010167430373163255,0.9945915048659444,4.2725,Z,q6_b8,6,8,100,2,8
horizon_lyapunov_H,0.08,10,0.0673714671159673,0.026783784635873054,0.9477159941045474,1.17,H,q1_b1,1,1,100,2,8
horizon_lyapunov_H,0.08,11,0.04194469373748934,0.019789318118417998,0.952053184986821,1.17,H,q1_b1,1,1,100,2,8
horizon_lyapunov_H,0.08,12,0.031647668050302676,0.016522966124439042,0.9636501787047401,1.17,H,q1_b1,1,1,100,2,8
horizon_lyapunov_H,0.08,13,0.00820812337537123,0.008519803994345376,0.9883572629459808,1.17,H,q1_b1,1,1,100,2,8
horizon_lyapunov_H,0.08,14,0.08276390453573089,0.03272319386755318,0.9119635145775303,1.17,H,q1_b1,1,1,100,2,8
horizon_lyapunov_H,0.08,15,0.0016306252692882021,0.001785669463062467,0.997463626277227,1.17,H,q1_b1,1,1,100,2,8
horizon_lyapunov_H,0.08,16,0.04170556023942808,0.031463994946100415,0.9448163197650545,1.17,H,q1_b1,1,1,100,2,8
horizon_lyapunov_H,0.08,17,0.01815658344181395,0.019947047067331636,0.9715017132670885,1.17,H,q1_b1,1,1,100,2,8
horizon_lyapunov_H,0.08,18,0.01328394538934883,0.01796228402230926,0.9741574980053087,1.17,H,q1_b1,1,1,100,2,8
horizon_lyapunov_H,0.08,19,0.010771676286317635,0.008840237273459062,0.9857046411176208,1.17,H,q1_b1,1,1,100,2,8
horizon_lyapunov_H,0.08,20,0.045411096772304815,0.026627491796919367,0.944855999052956,1.17,H,q1_b1,1,1,100,2,8
horizon_lyapunov_H,0.08,21,0.08236739410331623,0.024809390695621936,0.9003846771555017,1.17,H,q1_b1,1,1,100,2,8
horizon_lyapunov_H,0.08,22,0.07621035507556419,0.024689004191543962,0.9382460862912516,1.17,H,q1_b1,1,1,100,2,8
horizon_lyapunov_H,0.08,23,0.004056673362064585,0.0035793745237291397,0.9935971041169835,1.17,H,q1_b1,1,1,100,2,8
horizon_lyapunov_H,0.08,24,0.04456739565487718,0.03212026350276542,0.9397493992927847,1.17,H,q1_b1,1,1,100,2,8
horizon_lyapunov_H,0.08,25,0.08152581196703651,0.038980214252830714,0.9020739405141897,1.17,H,q1_b1,1,1,100,2,8
horizon_lyapunov_H,0.08,26,0.0027343899607343795,0.008031034997753816,0.9913683679414422,1.17,H,q1_b1,1,1,100,2,8
horizon_lyapunov_H,0.08,27,0.04269452879851807,0.004960850314510212,0.9582594490436817,1.17,H,q1_b1,1,1,100,2,8
horizon_lyapunov_H,0.08,28,0.02869141358317384,0.02478615191309741,0.9813872854181113,1.17,H,q1_b1,1,1,100,2,8
horizon_lyapunov_H,0.08,29,0.053984459160947657,0.029659294670142167,0.9573766952250767,1.17,H,q1_b1,1,1,100,2,8
horizon_lyapunov_H,0.08,30,0.025555891906699685,0.023897265903702114,0.9614307635838143,1.17,H,q1_b1,1,1,100,2,8
horizon_lyapunov_H,0.08,31,0.04182732596500801,0.033443792852064225,0.94271681531708,1.17,H,q1_b1,1,1,100,2,8
horizon_lyapunov_H,0.08,32,0.005348261982940192,0.0032595263282206854,0.9922365985828016,1.17,H,q1_b1,1,1,100,2,8
horizon_lyapunov_H,0.08,33,0.043638621789730596,0.01636236470171526,0.9457766852717444,1.17,H,q1_b1,1,1,100,2,8
horizon_lyapunov_H,0.08,34,0.0654744877141711,0.030470797979901265,0.9140511879780056,1.17,H,q1_b1,1,1,100,2,8
horizon_lyapunov_H,0.08,35,0.02432414626288304,0.025395613777103088,0.964402787479341,1.17,H,q1_b1,1,1,100,2,8
horizon_lyapunov_H,0.08,36,0.03128998166862208,0.025689606723327985,0.9812994189458819,1.17,H,q1_b1,1,1,100,2,8
horizon_lyapunov_H,0.08,37,0.07511082719008245,0.03719244361253937,0.9134604036260917,1.17,H,q1_b1,1,1,100,2,8
horizon_lyapunov_H,0.08,38,0.011999805123821134,0.008114722932893947,0.9902667947833097,1.17,H,q1_b1,1,1,100,2,8
horizon_lyapunov_H,0.08,39,0.028165933579937654,0.013532175624398346,0.9683401535826026,1.17,H,q1_b1,1,1,100,2,8
horizon_lyapunov_H,0.08,40,0.05290330420961373,0.024207475924993727,0.9615116860012045,1.17,H,q1_b1,1,1,100,2,8
horizon_lyapunov_H,0.08,41,0.012644679040369986,0.01688869262324344,0.9936575782865369,1.17,H,q1_b1,1,1,100,2,8
horizon_lyapunov_H,0.08,42,0.029423606609316078,0.017731617981759595,0.9585863933429914,1.17,H,q1_b1,1,1,100,2,8
horizon_lyapunov_H,0.08,43,0.058253205403936636,0.024172671823919134,0.9248880267584093,1.17,H,q1_b1,1,1,100,2,8
horizon_lyapunov_H,0.08,44,0.014336633596247494,0.009052983881704169,0.9880703508389675,1.17,H,q1_b1,1,1,100,2,8
horizon_lyapunov_H,0.08,45,0.0012563706365535414,0.00149489032470973,0.9980111642520701,1.17,H,q1_b1,1,1,100,2,8
horizon_lyapunov_H,0.08,46,0.022143615522076422,0.012835663638764205,0.9746253767468505,1.17,H,q1_b1,1,1,100,2,8
horizon_lyapunov_H,0.08,47,0.14145525363098654,0.009273874573298757,0.8581916937804079,1.17,H,q1_b1,1,1,100,2,8
horizon_lyapunov_H,0.08,48,0.006235384731901005,0.003524334638067561,0.9911855530865905,1.17,H,q1_b1,1,1,100,2,8
horizon_lyapunov_H,0.08,49,0.00853443268228756,0.0036710526359173823,0.9895139398955733,1.17,H,q1_b1,1,1,100,2,8
horizon_lyapunov_H,0.08,50,0.05246211591694684,0.01530693903821434,0.9377482531804184,1.17,H,q1_b1,1,1,100,2,8
horizon_lyapunov_H,0.08,51,0.003053537503825664,0.005309870966755836,0.9995367565270941,1.17,H,q1_b1,1,1,100,2,8
horizon_lyapunov_H,0.08,52,0.017806301665152655,0.01995394423248087,0.98917779231661,1.17,H,q1_b1,1,1,100,2,8
horizon_lyapunov_H,0.08,53,0.04593932160833099,0.02412854663734587,0.9369955536990481,1.17,H,q1_b1,1,1,100,2,8
horizon_lyapunov_H,0.08,54,0.03732732707887328,0.03428524090238105,0.9430196714453019,1.17,H,q1_b1,1,1,100,2,8
horizon_lyapunov_H,0.08,55,0.003169130874390625,0.004101679525930324,0.9986774918702023,1.17,H,q1_b1,1,1,100,2,8
horizon_lyapunov_H,0.08,56,0.05643713373266455,0.03745827450133421,0.9243178342364737,1.17,H,q1_b1,1,1,100,2,8
horizon_lyapunov_H,0.08,57,0.08227437883969826,0.02315529685379747,0.9062051462745336,1.17,H,q1_b1,1,1,100,2,8
horizon_lyapunov_H,0.08,58,0.14322071819807083,0.008407247110635785,0.8546666689383347,1.17,H,q1_b1,1,1,100,2,8
horizon_lyapunov_H,0.08,59,0.03731277364938089,0.027545553160026492,0.9518998425822596,1.17,H,q1_b1,1,1,100,2,8
horizon_lyapunov_H,0.08,10,0.0025076251192989807,0.0069472286905920555,0.9940688388165695,1.995,H,q2_b2,2,2,100,2,8
horizon_lyapunov_H,0.08,11,0.00395740866897808,0.009736287147278033,0.9896382485138258,1.995,H,q2_b2,2,2,100,2,8
horizon_lyapunov_H,0.08,12,0.003869231321408764,0.008778145769920198,0.9905743405014197,1.995,H,q2_b2,2,2,100,2,8
horizon_lyapunov_H,0.08,13,0.0025067126782880164,0.004629048535958802,0.998600938379809,1.995,H,q2_b2,2,2,100,2,8
horizon_lyapunov_H,0.08,14,0.00336800390640151,0.009280843580090403,0.990144080813927,1.995,H,q2_b2,2,2,100,2,8
horizon_lyapunov_H,0.08,15,0.0017985407439166418,0.003378705160754003,0.9970701441068176,1.995,H,q2_b2,2,2,100,2,8
horizon_lyapunov_H,0.08,16,0.004593720908010304,0.01088942446789054,0.9885714134552395,1.995,H,q2_b2,2,2,100,2,8
horizon_lyapunov_H,0.08,17,0.0010924298243710137,0.002216960384306299,0.9972286407691544,1.995,H,q2_b2,2,2,100,2,8
horizon_lyapunov_H,0.08,18,0.001838916358301341,0.0028537601776652544,0.9989659909493288,1.995,H,q2_b2,2,2,100,2,8
horizon_lyapunov_H,0.08,19,0.0042249983854314496,0.006997334666763999,0.9924035272439933,1.995,H,q2_b2,2,2,100,2,8
horizon_lyapunov_H,0.08,20,0.004465389900753693,0.010960494905066676,0.9884808566479966,1.995,H,q2_b2,2,2,100,2,8
horizon_lyapunov_H,0.08,21,0.0026151593330379984,0.002620921033267276,0.9982989594898071,1.995,H,q2_b2,2,2,100,2,8
horizon_lyapunov_H,0.08,22,0.0025779092885475454,0.007184431768850308,0.9934205170736423,1.995,H,q2_b2,2,2,100,2,8
horizon_lyapunov_H,0.08,23,0.0008899404286261126,0.0019368335778735535,0.9975787803198277,1.995,H,q2_b2,2,2,100,2,8
horizon_lyapunov_H,0.08,24,0.0015656767259954753,0.003406804286196885,0.9959239518022052,1.995,H,q2_b2,2,2,100,2,8
horizon_lyapunov_H,0.08,25,0.002489875142762708,0.006567678211297556,0.9928923268278128,1.995,H,q2_b2,2,2,100,2,8
horizon_lyapunov_H,0.08,26,0.0016055769461645834,0.00238322529044932,0.9987104227296364,1.995,H,q2_b2,2,2,100,2,8
horizon_lyapunov_H,0.08,27,0.0019284594630403693,0.005661784221239752,0.9938402298162667,1.995,H,q2_b2,2,2,100,2,8
horizon_lyapunov_H,0.08,28,0.0033529765222010967,0.007551407798733756,0.995309112340065,1.995,H,q2_b2,2,2,100,2,8
horizon_lyapunov_H,0.08,29,0.003488110411368243,0.007956733141464278,0.9952715077960053,1.995,H,q2_b2,2,2,100,2,8
horizon_lyapunov_H,0.08,30,0.0011395974541971905,0.0017628647588814328,0.9976135509292298,1.995,H,q2_b2,2,2,100,2,8
horizon_lyapunov_H,0.08,31,0.004447120990109872,0.010462289407625058,0.9889648216140465,1.995,H,q2_b2,2,2,100,2,8
horizon_lyapunov_H,0.08,32,0.0010845181046643987,0.001643054533509547,0.9977245221608644,1.995,H,q2_b2,2,2,100,2,8
horizon_lyapunov_H,0.08,33,0.002520203841060146,0.004502053933792327,0.9976386620904948,1.995,H,q2_b2,2,2,100,2,8
horizon_lyapunov_H,0.08,34,0.0028540868374568834,0.0044328563043339875,0.9947360986056197,1.995,H,q2_b2,2,2,100,2,8
horizon_lyapunov_H,0.08,35,0.004391623725838319,0.00933233287376145,0.9901097190668466,1.995,H,q2_b2,2,2,100,2,8
horizon_lyapunov_H,0.08,36,0.0025711290339110538,0.006501752820098128,0.9954264025858813,1.995,H,q2_b2,2,2,100,2,8
horizon_lyapunov_H,0.08,37,0.0029056242981489533,0.008143780102963905,0.991365364064012,1.995,H,q2_b2,2,2,100,2,8
horizon_lyapunov_H,0.08,38,0.0012682705500788951,0.0028399547239661427,0.9966878161983453,1.995,H,q2_b2,2,2,100,2,8
horizon_lyapunov_H,0.08,39,0.003593406069105769,0.007923621880585707,0.9913851425700397,1.995,H,q2_b2,2,2,100,2,8
horizon_lyapunov_H,0.08,40,0.002238060239900057,0.0060654159453478185,0.9945840849112425,1.995,H,q2_b2,2,2,100,2,8
horizon_lyapunov_H,0.08,41,0.003523425280491311,0.007594783114544756,0.9949958543000605,1.995,H,q2_b2,2,2,100,2,8
horizon_lyapunov_H,0.08,42,0.002386602192705531,0.004266088590510031,0.9988022833585792,1.995,H,q2_b2,2,2,100,2,8
horizon_lyapunov_H,0.08,43,0.0022998526066773106,0.003188709828052194,0.9991229621260478,1.995,H,q2_b2,2,2,100,2,8
horizon_lyapunov_H,0.08,44,0.0013346091011939842,0.00292066205331476,0.9965975809498839,1.995,H,q2_b2,2,2,100,2,8
horizon_lyapunov_H,0.08,45,0.001556204393472033,0.0023004271910057605,0.9983483883570201,1.995,H,q2_b2,2,2,100,2,8
horizon_lyapunov_H,0.08,46,0.0040243982286005415,0.005738306785244451,0.9972681745945737,1.995,H,q2_b2,2,2,100,2,8
horizon_lyapunov_H,0.08,47,0.003560944813427846,0.008021248438914053,0.9925697325680239,1.995,H,q2_b2,2,2,100,2,8
horizon_lyapunov_H,0.08,48,0.003854733118820812,0.005226927241304469,0.9949778480653387,1.995,H,q2_b2,2,2,100,2,8
horizon_lyapunov_H,0.08,49,0.0022714658086138892,0.002932965624956707,0.9960871114572479,1.995,H,q2_b2,2,2,100,2,8
horizon_lyapunov_H,0.08,50,0.002539950032874195,0.0043998945755380214,0.9967675916648258,1.995,H,q2_b2,2,2,100,2,8
horizon_lyapunov_H,0.08,51,0.0015821696087955097,0.002737355580206713,0.9977919646465324,1.995,H,q2_b2,2,2,100,2,8
horizon_lyapunov_H,0.08,52,0.003697814836778245,0.007927483054055329,0.995145186822155,1.995,H,q2_b2,2,2,100,2,8
horizon_lyapunov_H,0.08,53,0.0024480255825988177,0.0035995778342271523,0.9975646217130582,1.995,H,q2_b2,2,2,100,2,8
horizon_lyapunov_H,0.08,54,0.0033099491622803345,0.00685474143600473,0.992304811893059,1.995,H,q2_b2,2,2,100,2,8
horizon_lyapunov_H,0.08,55,0.002512176432797341,0.0032887383628382727,0.9973936811804609,1.995,H,q2_b2,2,2,100,2,8
horizon_lyapunov_H,0.08,56,0.004230406284832241,0.010298359189904405,0.989066999079425,1.995,H,q2_b2,2,2,100,2,8
horizon_lyapunov_H,0.08,57,0.0037618398021454845,0.010470672934824288,0.9890077242529978,1.995,H,q2_b2,2,2,100,2,8
horizon_lyapunov_H,0.08,58,0.00354959514224063,0.008055425354387524,0.9922688684665708,1.995,H,q2_b2,2,2,100,2,8
horizon_lyapunov_H,0.08,59,0.004605540006579058,0.01069762611470726,0.9887632306947887,1.995,H,q2_b2,2,2,100,2,8
horizon_lyapunov_H,0.08,10,0.0019263211475502135,0.004408677028797325,0.9977458302955403,2.7825,H,q4_b4,4,4,100,2,8
horizon_lyapunov_H,0.08,11,0.0029551739128952687,0.004912223480287081,0.9990232737108429,2.7825,H,q4_b4,4,4,100,2,8
horizon_lyapunov_H,0.08,12,0.0027885330290420814,0.004525257105529423,0.9987010220632762,2.7825,H,q4_b4,4,4,100,2,8
horizon_lyapunov_H,0.08,13,0.0023620471759125644,0.006939567588870377,0.9925404801355256,2.7825,H,q4_b4,4,4,100,2,8
horizon_lyapunov_H,0.08,14,0.0029044910748557548,0.0056717522152727184,0.9982699571779099,2.7825,H,q4_b4,4,4,100,2,8
horizon_lyapunov_H,0.08,15,0.002258292534474822,0.006475126595593905,0.9931095561521875,2.7825,H,q4_b4,4,4,100,2,8
horizon_lyapunov_H,0.08,16,0.0035732603162269296,0.005443394013720515,0.9979657016130568,2.7825,H,q4_b4,4,4,100,2,8
horizon_lyapunov_H,0.08,17,0.0019196827536536916,0.004136343225516703,0.9974498760238372,2.7825,H,q4_b4,4,4,100,2,8
horizon_lyapunov_H,0.08,18,0.0035856811674057206,0.0102475857982528,0.9894290901468995,2.7825,H,q4_b4,4,4,100,2,8
horizon_lyapunov_H,0.08,19,0.0025332875682274178,0.003970084023862563,0.9978171015109143,2.7825,H,q4_b4,4,4,100,2,8
horizon_lyapunov_H,0.08,20,0.0033165397509357783,0.005327199597391363,0.9987984629375759,2.7825,H,q4_b4,4,4,100,2,8
horizon_lyapunov_H,0.08,21,0.004301649793532768,0.0074880174638033425,0.9942674400197518,2.7825,H,q4_b4,4,4,100,2,8
horizon_lyapunov_H,0.08,22,0.0021470785993155054,0.004711989464724287,0.9977108279630227,2.7825,H,q4_b4,4,4,100,2,8
horizon_lyapunov_H,0.08,23,0.0012316961456337449,0.0022908937733023826,0.9982190666642419,2.7825,H,q4_b4,4,4,100,2,8
horizon_lyapunov_H,0.08,24,0.0027425621157729347,0.005369577880961707,0.9971404622736939,2.7825,H,q4_b4,4,4,100,2,8
horizon_lyapunov_H,0.08,25,0.0034963782277241846,0.006726441010873829,0.99767779897098,2.7825,H,q4_b4,4,4,100,2,8
horizon_lyapunov_H,0.08,26,0.002986281925017476,0.009392087280867156,0.9902351637923488,2.7825,H,q4_b4,4,4,100,2,8
horizon_lyapunov_H,0.08,27,0.0018222673188093906,0.0038232684100026892,0.9996166287973167,2.7825,H,q4_b4,4,4,100,2,8
horizon_lyapunov_H,0.08,28,0.0011748331989847726,0.0015488317232459359,0.998739803375563,2.7825,H,q4_b4,4,4,100,2,8
horizon_lyapunov_H,0.08,29,0.0014261385980339134,0.0027029848807091916,0.9992344497522117,2.7825,H,q4_b4,4,4,100,2,8
horizon_lyapunov_H,0.08,30,0.002353584657465464,0.0051404980242760745,0.9967385123016125,2.7825,H,q4_b4,4,4,100,2,8
horizon_lyapunov_H,0.08,31,0.0037376177816484365,0.006001191998313504,0.9973092351461905,2.7825,H,q4_b4,4,4,100,2,8
horizon_lyapunov_H,0.08,32,0.0016920952739429575,0.002569348688719386,0.9973495531185465,2.7825,H,q4_b4,4,4,100,2,8
horizon_lyapunov_H,0.08,33,0.0033407002239029763,0.006108188576419704,0.9928486198957192,2.7825,H,q4_b4,4,4,100,2,8
horizon_lyapunov_H,0.08,34,0.004645068706550502,0.00752444335493363,0.9924086536180963,2.7825,H,q4_b4,4,4,100,2,8
horizon_lyapunov_H,0.08,35,0.00308913178329464,0.005174939098209208,0.9977002470814701,2.7825,H,q4_b4,4,4,100,2,8
horizon_lyapunov_H,0.08,36,0.0013218612044392283,0.0025222041928065764,0.9976372568270052,2.7825,H,q4_b4,4,4,100,2,8
horizon_lyapunov_H,0.08,37,0.0030158152536049424,0.006244557929629302,0.9982636959449369,2.7825,H,q4_b4,4,4,100,2,8
horizon_lyapunov_H,0.08,38,0.000908010321754857,0.0013958043948345544,0.9990806320173571,2.7825,H,q4_b4,4,4,100,2,8
horizon_lyapunov_H,0.08,39,0.00266772578031745,0.004200463986346548,0.9985266316776696,2.7825,H,q4_b4,4,4,100,2,8
horizon_lyapunov_H,0.08,40,0.001975578164210689,0.0039002890266214285,0.9964114713270806,2.7825,H,q4_b4,4,4,100,2,8
horizon_lyapunov_H,0.08,41,0.0012372317589379733,0.0011494543737565754,0.9984067198108402,2.7825,H,q4_b4,4,4,100,2,8
horizon_lyapunov_H,0.08,42,0.0035366598462344503,0.008607197259217325,0.9907635358486379,2.7825,H,q4_b4,4,4,100,2,8
horizon_lyapunov_H,0.08,43,0.00396829513560029,0.007659618918371636,0.993757834442366,2.7825,H,q4_b4,4,4,100,2,8
horizon_lyapunov_H,0.08,44,0.0009430682402241441,0.001441723287202601,0.9990697035893332,2.7825,H,q4_b4,4,4,100,2,8
horizon_lyapunov_H,0.08,45,0.0026152595978917092,0.008393399255787082,0.9910563749275152,2.7825,H,q4_b4,4,4,100,2,8
horizon_lyapunov_H,0.08,46,0.002766639095299802,0.004389331165259636,0.995498999401114,2.7825,H,q4_b4,4,4,100,2,8
horizon_lyapunov_H,0.08,47,0.003817107979665026,0.006153423459325569,0.9990173865725974,2.7825,H,q4_b4,4,4,100,2,8
horizon_lyapunov_H,0.08,48,0.0025914919380375695,0.0034799105087608417,0.9964536190801673,2.7825,H,q4_b4,4,4,100,2,8
horizon_lyapunov_H,0.08,49,0.002389712334916826,0.002913234294372513,0.9966096652287,2.7825,H,q4_b4,4,4,100,2,8
horizon_lyapunov_H,0.08,50,0.0032662174488643026,0.004655647699493226,0.9940560345855598,2.7825,H,q4_b4,4,4,100,2,8
horizon_lyapunov_H,0.08,51,0.0023266777120574864,0.007409141747251824,0.9921048718465625,2.7825,H,q4_b4,4,4,100,2,8
horizon_lyapunov_H,0.08,52,0.0012348143693558496,0.0007682063872911371,0.9986549052809062,2.7825,H,q4_b4,4,4,100,2,8
horizon_lyapunov_H,0.08,53,0.004151607675434803,0.008366832391406565,0.9909173411296284,2.7825,H,q4_b4,4,4,100,2,8
horizon_lyapunov_H,0.08,54,0.004048686592178999,0.007188605165545203,0.9941827992327772,2.7825,H,q4_b4,4,4,100,2,8
horizon_lyapunov_H,0.08,55,0.0021446993564745494,0.007155150597652482,0.9925571261868412,2.7825,H,q4_b4,4,4,100,2,8
horizon_lyapunov_H,0.08,56,0.004317618747151346,0.006718471456761743,0.99628200272598,2.7825,H,q4_b4,4,4,100,2,8
horizon_lyapunov_H,0.08,57,0.0038312393042740445,0.0050546247253734355,0.9983892420298484,2.7825,H,q4_b4,4,4,100,2,8
horizon_lyapunov_H,0.08,58,0.003977017281500699,0.006411586235994804,0.9988874064887294,2.7825,H,q4_b4,4,4,100,2,8
horizon_lyapunov_H,0.08,59,0.003297459744433993,0.005198138323581403,0.9984407474174765,2.7825,H,q4_b4,4,4,100,2,8
horizon_lyapunov_H,0.08,10,0.0673714671159673,0.026783784635873054,0.9477159941045474,1.17,H,q6_b1,6,1,100,2,8
horizon_lyapunov_H,0.08,11,0.04194469373748934,0.019789318118417998,0.952053184986821,1.17,H,q6_b1,6,1,100,2,8
horizon_lyapunov_H,0.08,12,0.031647668050302676,0.016522966124439042,0.9636501787047401,1.17,H,q6_b1,6,1,100,2,8
horizon_lyapunov_H,0.08,13,0.00820812337537123,0.008519803994345376,0.9883572629459808,1.17,H,q6_b1,6,1,100,2,8
horizon_lyapunov_H,0.08,14,0.08276390453573089,0.03272319386755318,0.9119635145775303,1.17,H,q6_b1,6,1,100,2,8
horizon_lyapunov_H,0.08,15,0.0016306252692882021,0.001785669463062467,0.997463626277227,1.17,H,q6_b1,6,1,100,2,8
horizon_lyapunov_H,0.08,16,0.04170556023942808,0.031463994946100415,0.9448163197650545,1.17,H,q6_b1,6,1,100,2,8
horizon_lyapunov_H,0.08,17,0.01815658344181395,0.019947047067331636,0.9715017132670885,1.17,H,q6_b1,6,1,100,2,8
horizon_lyapunov_H,0.08,18,0.01328394538934883,0.01796228402230926,0.9741574980053087,1.17,H,q6_b1,6,1,100,2,8
horizon_lyapunov_H,0.08,19,0.010771676286317635,0.008840237273459062,0.9857046411176208,1.17,H,q6_b1,6,1,100,2,8
horizon_lyapunov_H,0.08,20,0.045411096772304815,0.026627491796919367,0.944855999052956,1.17,H,q6_b1,6,1,100,2,8
horizon_lyapunov_H,0.08,21,0.08236739410331623,0.024809390695621936,0.9003846771555017,1.17,H,q6_b1,6,1,100,2,8
horizon_lyapunov_H,0.08,22,0.07621035507556419,0.024689004191543962,0.9382460862912516,1.17,H,q6_b1,6,1,100,2,8
horizon_lyapunov_H,0.08,23,0.004056673362064585,0.0035793745237291397,0.9935971041169835,1.17,H,q6_b1,6,1,100,2,8
horizon_lyapunov_H,0.08,24,0.04456739565487718,0.03212026350276542,0.9397493992927847,1.17,H,q6_b1,6,1,100,2,8
horizon_lyapunov_H,0.08,25,0.08152581196703651,0.038980214252830714,0.9020739405141897,1.17,H,q6_b1,6,1,100,2,8
horizon_lyapunov_H,0.08,26,0.0027343899607343795,0.008031034997753816,0.9913683679414422,1.17,H,q6_b1,6,1,100,2,8
horizon_lyapunov_H,0.08,27,0.04269452879851807,0.004960850314510212,0.9582594490436817,1.17,H,q6_b1,6,1,100,2,8
horizon_lyapunov_H,0.08,28,0.02869141358317384,0.02478615191309741,0.9813872854181113,1.17,H,q6_b1,6,1,100,2,8
horizon_lyapunov_H,0.08,29,0.053984459160947657,0.029659294670142167,0.9573766952250767,1.17,H,q6_b1,6,1,100,2,8
horizon_lyapunov_H,0.08,30,0.025555891906699685,0.023897265903702114,0.9614307635838143,1.17,H,q6_b1,6,1,100,2,8
horizon_lyapunov_H,0.08,31,0.04182732596500801,0.033443792852064225,0.94271681531708,1.17,H,q6_b1,6,1,100,2,8
horizon_lyapunov_H,0.08,32,0.005348261982940192,0.0032595263282206854,0.9922365985828016,1.17,H,q6_b1,6,1,100,2,8
horizon_lyapunov_H,0.08,33,0.043638621789730596,0.01636236470171526,0.9457766852717444,1.17,H,q6_b1,6,1,100,2,8
horizon_lyapunov_H,0.08,34,0.0654744877141711,0.030470797979901265,0.9140511879780056,1.17,H,q6_b1,6,1,100,2,8
horizon_lyapunov_H,0.08,35,0.02432414626288304,0.025395613777103088,0.964402787479341,1.17,H,q6_b1,6,1,100,2,8
horizon_lyapunov_H,0.08,36,0.03128998166862208,0.025689606723327985,0.9812994189458819,1.17,H,q6_b1,6,1,100,2,8
horizon_lyapunov_H,0.08,37,0.07511082719008245,0.03719244361253937,0.9134604036260917,1.17,H,q6_b1,6,1,100,2,8
horizon_lyapunov_H,0.08,38,0.011999805123821134,0.008114722932893947,0.9902667947833097,1.17,H,q6_b1,6,1,100,2,8
horizon_lyapunov_H,0.08,39,0.028165933579937654,0.013532175624398346,0.9683401535826026,1.17,H,q6_b1,6,1,100,2,8
horizon_lyapunov_H,0.08,40,0.05290330420961373,0.024207475924993727,0.9615116860012045,1.17,H,q6_b1,6,1,100,2,8
horizon_lyapunov_H,0.08,41,0.012644679040369986,0.01688869262324344,0.9936575782865369,1.17,H,q6_b1,6,1,100,2,8
horizon_lyapunov_H,0.08,42,0.029423606609316078,0.017731617981759595,0.9585863933429914,1.17,H,q6_b1,6,1,100,2,8
horizon_lyapunov_H,0.08,43,0.058253205403936636,0.024172671823919134,0.9248880267584093,1.17,H,q6_b1,6,1,100,2,8
horizon_lyapunov_H,0.08,44,0.014336633596247494,0.009052983881704169,0.9880703508389675,1.17,H,q6_b1,6,1,100,2,8
horizon_lyapunov_H,0.08,45,0.0012563706365535414,0.00149489032470973,0.9980111642520701,1.17,H,q6_b1,6,1,100,2,8
horizon_lyapunov_H,0.08,46,0.022143615522076422,0.012835663638764205,0.9746253767468505,1.17,H,q6_b1,6,1,100,2,8
horizon_lyapunov_H,0.08,47,0.14145525363098654,0.009273874573298757,0.8581916937804079,1.17,H,q6_b1,6,1,100,2,8
horizon_lyapunov_H,0.08,48,0.006235384731901005,0.003524334638067561,0.9911855530865905,1.17,H,q6_b1,6,1,100,2,8
horizon_lyapunov_H,0.08,49,0.00853443268228756,0.0036710526359173823,0.9895139398955733,1.17,H,q6_b1,6,1,100,2,8
horizon_lyapunov_H,0.08,50,0.05246211591694684,0.01530693903821434,0.9377482531804184,1.17,H,q6_b1,6,1,100,2,8
horizon_lyapunov_H,0.08,51,0.003053537503825664,0.005309870966755836,0.9995367565270941,1.17,H,q6_b1,6,1,100,2,8
horizon_lyapunov_H,0.08,52,0.017806301665152655,0.01995394423248087,0.98917779231661,1.17,H,q6_b1,6,1,100,2,8
horizon_lyapunov_H,0.08,53,0.04593932160833099,0.02412854663734587,0.9369955536990481,1.17,H,q6_b1,6,1,100,2,8
horizon_lyapunov_H,0.08,54,0.03732732707887328,0.03428524090238105,0.9430196714453019,1.17,H,q6_b1,6,1,100,2,8
horizon_lyapunov_H,0.08,55,0.003169130874390625,0.004101679525930324,0.9986774918702023,1.17,H,q6_b1,6,1,100,2,8
horizon_lyapunov_H,0.08,56,0.05643713373266455,0.03745827450133421,0.9243178342364737,1.17,H,q6_b1,6,1,100,2,8
horizon_lyapunov_H,0.08,57,0.08227437883969826,0.02315529685379747,0.9062051462745336,1.17,H,q6_b1,6,1,100,2,8
horizon_lyapunov_H,0.08,58,0.14322071819807083,0.008407247110635785,0.8546666689383347,1.17,H,q6_b1,6,1,100,2,8
horizon_lyapunov_H,0.08,59,0.03731277364938089,0.027545553160026492,0.9518998425822596,1.17,H,q6_b1,6,1,100,2,8
horizon_lyapunov_H,0.08,10,0.007123132183932594,0.010161400900733142,0.9964238714425293,2.3825,H,q6_b3,6,3,100,2,8
horizon_lyapunov_H,0.08,11,0.003942113218491895,0.011024349716778792,0.9966753112671259,2.3825,H,q6_b3,6,3,100,2,8
horizon_lyapunov_H,0.08,12,0.003788988315075126,0.010330353610675691,0.9961992990742344,2.3825,H,q6_b3,6,3,100,2,8
horizon_lyapunov_H,0.08,13,0.0011873806381336224,0.0023018625568339557,0.9973732550806523,2.3825,H,q6_b3,6,3,100,2,8
horizon_lyapunov_H,0.08,14,0.006437160381266299,0.013040891798621779,0.9979019820259311,2.3825,H,q6_b3,6,3,100,2,8
horizon_lyapunov_H,0.08,15,0.00279056149294218,0.004778398070177103,0.9966605036421616,2.3825,H,q6_b3,6,3,100,2,8
horizon_lyapunov_H,0.08,16,0.00443050028027403,0.014196349499989047,0.9979678413095148,2.3825,H,q6_b3,6,3,100,2,8
horizon_lyapunov_H,0.08,17,0.0017600087693455033,0.0040794477015100306,0.9992907914644863,2.3825,H,q6_b3,6,3,100,2,8
horizon_lyapunov_H,0.08,18,0.0012108026651202924,0.0028600080463863087,0.9967960378969825,2.3825,H,q6_b3,6,3,100,2,8
horizon_lyapunov_H,0.08,19,0.004132344655039194,0.011297626352486101,0.9958809345018252,2.3825,H,q6_b3,6,3,100,2,8
horizon_lyapunov_H,0.08,20,0.0043682959503821605,0.013096384071405898,0.9972520929937243,2.3825,H,q6_b3,6,3,100,2,8
horizon_lyapunov_H,0.08,21,0.005326668697502048,0.011134429202560803,0.9982708301652583,2.3825,H,q6_b3,6,3,100,2,8
horizon_lyapunov_H,0.08,22,0.007372176390216473,0.010633410429157442,0.9962439619246066,2.3825,H,q6_b3,6,3,100,2,8
horizon_lyapunov_H,0.08,23,0.0008673524612107189,0.0018766056096929384,0.9987962722940672,2.3825,H,q6_b3,6,3,100,2,8
horizon_lyapunov_H,0.08,24,0.0032381155793049948,0.008011486875576512,0.9995510017464424,2.3825,H,q6_b3,6,3,100,2,8
horizon_lyapunov_H,0.08,25,0.005588806480361213,0.013528027385379726,0.999586378910932,2.3825,H,q6_b3,6,3,100,2,8
horizon_lyapunov_H,0.08,26,0.0016046490487358173,0.003447141739277293,0.9960938448522149,2.3825,H,q6_b3,6,3,100,2,8
horizon_lyapunov_H,0.08,27,0.0021677636880700663,0.004943049841486968,0.9983296842727958,2.3825,H,q6_b3,6,3,100,2,8
horizon_lyapunov_H,0.08,28,0.006156938016126141,0.011653908957437342,0.997878056505007,2.3825,H,q6_b3,6,3,100,2,8
horizon_lyapunov_H,0.08,29,0.007177727836545192,0.013929247265084044,0.9980627560047247,2.3825,H,q6_b3,6,3,100,2,8
horizon_lyapunov_H,0.08,30,0.0020482034264308773,0.004623231308847342,0.9990524386671897,2.3825,H,q6_b3,6,3,100,2,8
horizon_lyapunov_H,0.08,31,0.004302277694324484,0.014194885045932137,0.998346414908061,2.3825,H,q6_b3,6,3,100,2,8
horizon_lyapunov_H,0.08,32,0.0009959902173730503,0.0022995904580171977,0.997497572143665,2.3825,H,q6_b3,6,3,100,2,8
horizon_lyapunov_H,0.08,33,0.001669588054240852,0.0041136880472480986,0.9987524733100532,2.3825,H,q6_b3,6,3,100,2,8
horizon_lyapunov_H,0.08,34,0.0027365354015318,0.008794560072399649,0.9991309475295646,2.3825,H,q6_b3,6,3,100,2,8
horizon_lyapunov_H,0.08,35,0.00429679945634831,0.013668388260006492,0.9979271864414934,2.3825,H,q6_b3,6,3,100,2,8
horizon_lyapunov_H,0.08,36,0.005852578926256627,0.008818989753826556,0.9971197989921862,2.3825,H,q6_b3,6,3,100,2,8
horizon_lyapunov_H,0.08,37,0.0056403567347937155,0.012903601191646796,0.999016748711192,2.3825,H,q6_b3,6,3,100,2,8
horizon_lyapunov_H,0.08,38,0.0010446646238365242,0.002313227068278745,0.9994306841220165,2.3825,H,q6_b3,6,3,100,2,8
horizon_lyapunov_H,0.08,39,0.0035206020547625355,0.009325661516140782,0.9959828974402575,2.3825,H,q6_b3,6,3,100,2,8
horizon_lyapunov_H,0.08,40,0.0061729261733641004,0.00789066757891288,0.9957228026475639,2.3825,H,q6_b3,6,3,100,2,8
horizon_lyapunov_H,0.08,41,0.005422728527810318,0.011263144981469186,0.997875706786638,2.3825,H,q6_b3,6,3,100,2,8
horizon_lyapunov_H,0.08,42,0.0012482308992756259,0.0024624889350590706,0.9978091879720449,2.3825,H,q6_b3,6,3,100,2,8
horizon_lyapunov_H,0.08,43,0.0039891711166500235,0.007924826325702461,0.9977086527478223,2.3825,H,q6_b3,6,3,100,2,8
horizon_lyapunov_H,0.08,44,0.0011020680557812007,0.002361531187637156,0.999469216512045,2.3825,H,q6_b3,6,3,100,2,8
horizon_lyapunov_H,0.08,45,0.0020965852583786095,0.0034635777827544123,0.9956881465615776,2.3825,H,q6_b3,6,3,100,2,8
horizon_lyapunov_H,0.08,46,0.00467387244566906,0.009672623777229994,0.9962077406055725,2.3825,H,q6_b3,6,3,100,2,8
horizon_lyapunov_H,0.08,47,0.00984343257877095,0.021076758055751266,0.9989337738277,2.3825,H,q6_b3,6,3,100,2,8
horizon_lyapunov_H,0.08,48,0.0038248446874360677,0.009288084713955702,0.9953818849188629,2.3825,H,q6_b3,6,3,100,2,8
horizon_lyapunov_H,0.08,49,0.0020971669914279074,0.0041124509438909,0.9956040596764484,2.3825,H,q6_b3,6,3,100,2,8
horizon_lyapunov_H,0.08,50,0.0019715222509693146,0.005276052104395967,0.9991858857880007,2.3825,H,q6_b3,6,3,100,2,8
horizon_lyapunov_H,0.08,51,0.0026626179649827148,0.0030470758860954295,0.9956938363490807,2.3825,H,q6_b3,6,3,100,2,8
horizon_lyapunov_H,0.08,52,0.005747569057856851,0.01190530735025308,0.9978981974250175,2.3825,H,q6_b3,6,3,100,2,8
horizon_lyapunov_H,0.08,53,0.0017475518198037468,0.0049289626460775615,0.998403073789211,2.3825,H,q6_b3,6,3,100,2,8
horizon_lyapunov_H,0.08,54,0.003267640962861632,0.011257799107317279,0.9988039822771663,2.3825,H,q6_b3,6,3,100,2,8
horizon_lyapunov_H,0.08,55,0.0020263965370513944,0.0037471126679686773,0.9956249105640871,2.3825,H,q6_b3,6,3,100,2,8
horizon_lyapunov_H,0.08,56,0.0041858300240177285,0.014198104152750801,0.9988910683780605,2.3825,H,q6_b3,6,3,100,2,8
horizon_lyapunov_H,0.08,57,0.004223464075200435,0.012763348121031859,0.9989301775867492,2.3825,H,q6_b3,6,3,100,2,8
horizon_lyapunov_H,0.08,58,0.00983393487565577,0.02122974613468087,0.9989972106091587,2.3825,H,q6_b3,6,3,100,2,8
horizon_lyapunov_H,0.08,59,0.004434958980767882,0.013716912122514247,0.9974293163708946,2.3825,H,q6_b3,6,3,100,2,8
horizon_lyapunov_H,0.08,10,0.0018444820937015246,0.00431276038821049,0.9970483877743278,4.4075,H,q6_b6,6,6,100,2,8
horizon_lyapunov_H,0.08,11,0.003452032395401906,0.0061483324244162585,0.9971740757725088,4.4075,H,q6_b6,6,6,100,2,8
horizon_lyapunov_H,0.08,12,0.003588993346049409,0.005879584306594077,0.9964460475976282,4.4075,H,q6_b6,6,6,100,2,8
horizon_lyapunov_H,0.08,13,0.002667495887912348,0.006803642779726227,0.9928951393261456,4.4075,H,q6_b6,6,6,100,2,8
horizon_lyapunov_H,0.08,14,0.0031695816766952162,0.005445214583997826,0.9956688443076369,4.4075,H,q6_b6,6,6,100,2,8
horizon_lyapunov_H,0.08,15,0.004459544673724415,0.0075876754195012275,0.9956465131085699,4.4075,H,q6_b6,6,6,100,2,8
horizon_lyapunov_H,0.08,16,0.00526607258585929,0.007531138696251327,0.9978476433430807,4.4075,H,q6_b6,6,6,100,2,8
horizon_lyapunov_H,0.08,17,0.0033840546651935526,0.005491527901166471,0.9946276464668963,4.4075,H,q6_b6,6,6,100,2,8
horizon_lyapunov_H,0.08,18,0.004102382206803569,0.00783274098488096,0.9948620000999578,4.4075,H,q6_b6,6,6,100,2,8
horizon_lyapunov_H,0.08,19,0.004657479018794526,0.006693821237412023,0.9950220069265879,4.4075,H,q6_b6,6,6,100,2,8
horizon_lyapunov_H,0.08,20,0.004281264140077737,0.00662241811604436,0.9976502051867078,4.4075,H,q6_b6,6,6,100,2,8
horizon_lyapunov_H,0.08,21,0.003463593312891155,0.004630865165351494,0.996276727679587,4.4075,H,q6_b6,6,6,100,2,8
horizon_lyapunov_H,0.08,22,0.0016751121524959337,0.0036961299993718555,0.9970381062141385,4.4075,H,q6_b6,6,6,100,2,8
horizon_lyapunov_H,0.08,23,0.0024164585118398875,0.0046708055752054944,0.9946452726734485,4.4075,H,q6_b6,6,6,100,2,8
horizon_lyapunov_H,0.08,24,0.00380846077689323,0.006105344725835127,0.995323460085583,4.4075,H,q6_b6,6,6,100,2,8
horizon_lyapunov_H,0.08,25,0.003750195127907609,0.006180108960381014,0.9965024816862742,4.4075,H,q6_b6,6,6,100,2,8
horizon_lyapunov_H,0.08,26,0.004086508931393787,0.007877149608840228,0.9946589946732951,4.4075,H,q6_b6,6,6,100,2,8
horizon_lyapunov_H,0.08,27,0.001159463710333158,0.002483730764717418,0.9971733831621115,4.4075,H,q6_b6,6,6,100,2,8
horizon_lyapunov_H,0.08,28,0.0037222225569518283,0.00720392520160229,0.9964385060035934,4.4075,H,q6_b6,6,6,100,2,8
horizon_lyapunov_H,0.08,29,0.002875885383174356,0.006377466497158091,0.9970427091229188,4.4075,H,q6_b6,6,6,100,2,8
horizon_lyapunov_H,0.08,30,0.0035406852838871213,0.005514252370074413,0.9947976141926881,4.4075,H,q6_b6,6,6,100,2,8
horizon_lyapunov_H,0.08,31,0.00554457687575186,0.007647762465268215,0.9980283694481235,4.4075,H,q6_b6,6,6,100,2,8
horizon_lyapunov_H,0.08,32,0.0024007584314852393,0.004271892751089634,0.9946107117033117,4.4075,H,q6_b6,6,6,100,2,8
horizon_lyapunov_H,0.08,33,0.0023811713347065477,0.005566221327065635,0.995623249567227,4.4075,H,q6_b6,6,6,100,2,8
horizon_lyapunov_H,0.08,34,0.003719251871534234,0.005745460418459913,0.9979670368559935,4.4075,H,q6_b6,6,6,100,2,8
horizon_lyapunov_H,0.08,35,0.005803553000558358,0.008020101958608583,0.9970816371986974,4.4075,H,q6_b6,6,6,100,2,8
horizon_lyapunov_H,0.08,36,0.0031310807230460944,0.0062751373581381165,0.9965862769705015,4.4075,H,q6_b6,6,6,100,2,8
horizon_lyapunov_H,0.08,37,0.0036221097893740454,0.005622757316759874,0.9957864512455619,4.4075,H,q6_b6,6,6,100,2,8
horizon_lyapunov_H,0.08,38,0.0015859238888415793,0.004445334014327673,0.9951801311257175,4.4075,H,q6_b6,6,6,100,2,8
horizon_lyapunov_H,0.08,39,0.0033344907529637598,0.005427158294065593,0.9961314192431594,4.4075,H,q6_b6,6,6,100,2,8
horizon_lyapunov_H,0.08,40,0.002064314147272473,0.004691981147576851,0.9962179056502041,4.4075,H,q6_b6,6,6,100,2,8
horizon_lyapunov_H,0.08,41,0.004594673254338145,0.007946930104473227,0.9960004767045942,4.4075,H,q6_b6,6,6,100,2,8
horizon_lyapunov_H,0.08,42,0.0029998232543561095,0.006712020439742616,0.9946941587327597,4.4075,H,q6_b6,6,6,100,2,8
horizon_lyapunov_H,0.08,43,0.0036608962048868755,0.005096457836137547,0.9952063909743911,4.4075,H,q6_b6,6,6,100,2,8
horizon_lyapunov_H,0.08,44,0.0014991852459952805,0.004373353053317652,0.9952858175960009,4.4075,H,q6_b6,6,6,100,2,8
horizon_lyapunov_H,0.08,45,0.0038344311003510666,0.007668257767044606,0.9945874584192878,4.4075,H,q6_b6,6,6,100,2,8
horizon_lyapunov_H,0.08,46,0.004167132146158672,0.008355054264073902,0.9939594454848031,4.4075,H,q6_b6,6,6,100,2,8
horizon_lyapunov_H,0.08,47,0.0016127146736000242,0.0043414576226291635,0.9996697802114775,4.4075,H,q6_b6,6,6,100,2,8
horizon_lyapunov_H,0.08,48,0.004298240941878346,0.0076521984801015686,0.9939957681023147,4.4075,H,q6_b6,6,6,100,2,8
horizon_lyapunov_H,0.08,49,0.0028507610703686244,0.005127556149560286,0.9944280115252503,4.4075,H,q6_b6,6,6,100,2,8
horizon_lyapunov_H,0.08,50,0.0020726624898786115,0.004774492412697118,0.9963387689021361,4.4075,H,q6_b6,6,6,100,2,8
horizon_lyapunov_H,0.08,51,0.0037313145802405157,0.0073558224750192025,0.9948841269672024,4.4075,H,q6_b6,6,6,100,2,8
horizon_lyapunov_H,0.08,52,0.004388374541648638,0.007993975698073585,0.9959539490522521,4.4075,H,q6_b6,6,6,100,2,8
horizon_lyapunov_H,0.08,53,0.0033747266561694783,0.006360491261233614,0.9962011639810012,4.4075,H,q6_b6,6,6,100,2,8
horizon_lyapunov_H,0.08,54,0.005727547299924915,0.009077352389172733,0.9979156173939122,4.4075,H,q6_b6,6,6,100,2,8
horizon_lyapunov_H,0.08,55,0.003005045694287051,0.007397941470588254,0.9920138624316948,4.4075,H,q6_b6,6,6,100,2,8
horizon_lyapunov_H,0.08,56,0.005279901545995336,0.007733708603368528,0.9987665076381508,4.4075,H,q6_b6,6,6,100,2,8
horizon_lyapunov_H,0.08,57,0.0026382425348908506,0.005771891724125289,0.9995073019947835,4.4075,H,q6_b6,6,6,100,2,8
horizon_lyapunov_H,0.08,58,0.001729104886224004,0.004690635429649981,0.999684423776134,4.4075,H,q6_b6,6,6,100,2,8
horizon_lyapunov_H,0.08,59,0.004984566767671915,0.007267322919364827,0.9973901352311041,4.4075,H,q6_b6,6,6,100,2,8
horizon_lyapunov_H,0.08,10,0.0013608393847571573,0.002759357995469447,0.99943208680442,5.6075,H,q6_b8,6,8,100,2,8
horizon_lyapunov_H,0.08,11,0.0010710727468171328,0.0023824706103309223,0.9985291504125984,5.6075,H,q6_b8,6,8,100,2,8
horizon_lyapunov_H,0.08,12,0.0010361368617673053,0.002611612632479665,0.9987339275722656,5.6075,H,q6_b8,6,8,100,2,8
horizon_lyapunov_H,0.08,13,0.00152674627711703,0.004119462022928233,0.9954087159235616,5.6075,H,q6_b8,6,8,100,2,8
horizon_lyapunov_H,0.08,14,0.0009035499245163452,0.0025051793557130386,0.9994548323188015,5.6075,H,q6_b8,6,8,100,2,8
horizon_lyapunov_H,0.08,15,0.0013757079915067113,0.0018115549176181966,0.9982371683127734,5.6075,H,q6_b8,6,8,100,2,8
horizon_lyapunov_H,0.08,16,0.0014695122945223914,0.003613005236885347,0.9981552764870563,5.6075,H,q6_b8,6,8,100,2,8
horizon_lyapunov_H,0.08,17,0.0009669074362896403,0.0029972273301969166,0.999208171019767,5.6075,H,q6_b8,6,8,100,2,8
horizon_lyapunov_H,0.08,18,0.0014832148131417417,0.003978320527246115,0.9959199358455049,5.6075,H,q6_b8,6,8,100,2,8
horizon_lyapunov_H,0.08,19,0.001234940440888502,0.004051496867974347,0.9990908867188845,5.6075,H,q6_b8,6,8,100,2,8
horizon_lyapunov_H,0.08,20,0.0012508865762139085,0.0030134496289494495,0.9983506765509156,5.6075,H,q6_b8,6,8,100,2,8
horizon_lyapunov_H,0.08,21,0.0015951732943590927,0.006085138239379839,0.9985344468697511,5.6075,H,q6_b8,6,8,100,2,8
horizon_lyapunov_H,0.08,22,0.0012623506366873055,0.0028331475519574045,0.9993730358541939,5.6075,H,q6_b8,6,8,100,2,8
horizon_lyapunov_H,0.08,23,0.0008806308795592415,0.0020498571736075055,0.9988819762345384,5.6075,H,q6_b8,6,8,100,2,8
horizon_lyapunov_H,0.08,24,0.001062008480055443,0.0037124180938827855,0.9993813941847911,5.6075,H,q6_b8,6,8,100,2,8
horizon_lyapunov_H,0.08,25,0.0011098989211660013,0.003967763304084437,0.9995913586827176,5.6075,H,q6_b8,6,8,100,2,8
horizon_lyapunov_H,0.08,26,0.0013078128065188471,0.0028867731778787764,0.9969186014076269,5.6075,H,q6_b8,6,8,100,2,8
horizon_lyapunov_H,0.08,27,0.0009561196131985408,0.00154322410748986,0.9980513664605477,5.6075,H,q6_b8,6,8,100,2,8
horizon_lyapunov_H,0.08,28,0.0019117731113943808,0.0038827093233635424,0.9996290335805658,5.6075,H,q6_b8,6,8,100,2,8
horizon_lyapunov_H,0.08,29,0.0019498449247479762,0.0036366816969701787,0.9996553993120154,5.6075,H,q6_b8,6,8,100,2,8
horizon_lyapunov_H,0.08,30,0.001047103613198898,0.00368030474076253,0.9991445710276692,5.6075,H,q6_b8,6,8,100,2,8
horizon_lyapunov_H,0.08,31,0.0015496621864025699,0.0036234357429606456,0.9979555540123916,5.6075,H,q6_b8,6,8,100,2,8
horizon_lyapunov_H,0.08,32,0.0008892917011212335,0.002574080050018135,0.9988146556980801,5.6075,H,q6_b8,6,8,100,2,8
horizon_lyapunov_H,0.08,33,0.001760153348938896,0.004748048424074169,0.9948252866692595,5.6075,H,q6_b8,6,8,100,2,8
horizon_lyapunov_H,0.08,34,0.0017978822015865194,0.004848370417153802,0.9951858221222258,5.6075,H,q6_b8,6,8,100,2,8
horizon_lyapunov_H,0.08,35,0.0015755850402661936,0.004226890634490221,0.998486296368457,5.6075,H,q6_b8,6,8,100,2,8
horizon_lyapunov_H,0.08,36,0.0016411834218838333,0.0028034078278756924,0.9995043729753939,5.6075,H,q6_b8,6,8,100,2,8
horizon_lyapunov_H,0.08,37,0.000949236492534475,0.002832414668428651,0.9996345975085495,5.6075,H,q6_b8,6,8,100,2,8
horizon_lyapunov_H,0.08,38,0.0009402029326946158,0.0012310005871644103,0.998149827579746,5.6075,H,q6_b8,6,8,100,2,8
horizon_lyapunov_H,0.08,39,0.0009781719641985768,0.002391489308653183,0.9987842847089689,5.6075,H,q6_b8,6,8,100,2,8
horizon_lyapunov_H,0.08,40,0.0012034131956233267,0.002195642679602483,0.9991553705143645,5.6075,H,q6_b8,6,8,100,2,8
horizon_lyapunov_H,0.08,41,0.001900707338017293,0.004315863245321294,0.9995202984149465,5.6075,H,q6_b8,6,8,100,2,8
horizon_lyapunov_H,0.08,42,0.0017415850233185222,0.004866490169286974,0.9947492407544565,5.6075,H,q6_b8,6,8,100,2,8
horizon_lyapunov_H,0.08,43,0.0014560647657963948,0.005729136720387218,0.9985034739613049,5.6075,H,q6_b8,6,8,100,2,8
horizon_lyapunov_H,0.08,44,0.0009635977255483581,0.001339067387093329,0.9980188913761455,5.6075,H,q6_b8,6,8,100,2,8
horizon_lyapunov_H,0.08,45,0.001230099430456631,0.0022788567200355825,0.9974595474131921,5.6075,H,q6_b8,6,8,100,2,8
horizon_lyapunov_H,0.08,46,0.0015189695852674903,0.004328711816402153,0.9990430515338169,5.6075,H,q6_b8,6,8,100,2,8
horizon_lyapunov_H,0.08,47,0.001710083290454401,0.0055537924988837695,0.9993001190210611,5.6075,H,q6_b8,6,8,100,2,8
horizon_lyapunov_H,0.08,48,0.0011953478273778514,0.003865246085326235,0.9991028666790766,5.6075,H,q6_b8,6,8,100,2,8
horizon_lyapunov_H,0.08,49,0.0008888579328206959,0.0023361320340568037,0.9988344831897554,5.6075,H,q6_b8,6,8,100,2,8
horizon_lyapunov_H,0.08,50,0.0017260425131892018,0.004516077717476641,0.9950348712865118,5.6075,H,q6_b8,6,8,100,2,8
horizon_lyapunov_H,0.08,51,0.0012221470994796958,0.001802798687974727,0.9979612095081951,5.6075,H,q6_b8,6,8,100,2,8
horizon_lyapunov_H,0.08,52,0.0019383867840616683,0.004457563609605475,0.9995717021612385,5.6075,H,q6_b8,6,8,100,2,8
horizon_lyapunov_H,0.08,53,0.0017933117648941041,0.004975325874389647,0.9948059855754544,5.6075,H,q6_b8,6,8,100,2,8
horizon_lyapunov_H,0.08,54,0.0016346370153061845,0.0031225732274133833,0.9971969851561481,5.6075,H,q6_b8,6,8,100,2,8
horizon_lyapunov_H,0.08,55,0.0012065642048993488,0.0030717296323452548,0.996509831689802,5.6075,H,q6_b8,6,8,100,2,8
horizon_lyapunov_H,0.08,56,0.0015989129485033551,0.0030984053660991773,0.9972768489461914,5.6075,H,q6_b8,6,8,100,2,8
horizon_lyapunov_H,0.08,57,0.0013885874304357313,0.0031801842069099084,0.9970024510337383,5.6075,H,q6_b8,6,8,100,2,8
horizon_lyapunov_H,0.08,58,0.0016683905827454826,0.0055815952198334795,0.9992961061761172,5.6075,H,q6_b8,6,8,100,2,8
horizon_lyapunov_H,0.08,59,0.0013720750762210418,0.003625884920959832,0.998422145072567,5.6075,H,q6_b8,6,8,100,2,8
