task,baseline,train_noise_case,eval_noise_case,disorder_strength,gamma_phi,gamma_relax,seed,final_fidelity,final_infidelity,final_purity,pulse_energy,segments,training_objective,best_restart_seed,optimizer_iterations,optimizer_success,optimization_seconds
Z,open_system_grape,combined,static_only,0.08,0.0,0.0,10,0.9788876740387851,0.02111232596121493,0.9667793847913975,0.6396797321823602,40,0.005128298185613343,17,100,False,31.47841468406841
Z,open_system_grape,combined,static_only,0.08,0.0,0.0,11,0.9821695127812895,0.0178304872187105,0.9653822665046695,0.6396797321823602,40,0.005128298185613343,17,100,False,31.47841468406841
Z,open_system_grape,combined,static_only,0.08,0.0,0.0,12,0.9818498426178841,0.018150157382115895,0.9652500307189266,0.6396797321823602,40,0.005128298185613343,17,100,False,31.47841468406841
Z,open_system_grape,combined,static_only,0.08,0.0,0.0,13,0.9816023647947232,0.01839763520527682,0.9676213127660565,0.6396797321823602,40,0.005128298185613343,17,100,False,31.47841468406841
Z,open_system_grape,combined,static_only,0.08,0.0,0.0,14,0.9832292752232026,0.01677072477679742,0.9671395082218603,0.6396797321823602,40,0.005128298185613343,17,100,False,31.47841468406841
Z,open_system_grape,combined,static_only,0.08,0.0,0.0,15,0.9788590802440766,0.02114091975592336,0.9670862676625271,0.6396797321823602,40,0.005128298185613343,17,100,False,31.47841468406841
Z,open_system_grape,combined,static_only,0.08,0.0,0.0,16,0.9819548758361527,0.018045124163847293,0.9657284241458217,0.6396797321823602,40,0.005128298185613343,17,100,False,31.47841468406841
Z,open_system_grape,combined,static_only,0.08,0.0,0.0,17,0.9792283618600592,0.020771638139940762,0.9664507614349435,0.6396797321823602,40,0.005128298185613343,17,100,False,31.47841468406841
Z,open_system_grape,combined,static_only,0.08,0.0,0.0,18,0.9809189880924309,0.019081011907569057,0.9674859157151849,0.6396797321823602,40,0.005128298185613343,17,100,False,31.47841468406841
Z,open_system_grape,combined,static_only,0.08,0.0,0.0,19,0.9804963213333884,0.019503678666611624,0.9650466141030768,0.6396797321823602,40,0.005128298185613343,17,100,False,31.47841468406841
Z,open_system_grape,combined,static_only,0.08,0.0,0.0,20,0.9822165047671342,0.01778349523286582,0.9654979979691887,0.6396797321823602,40,0.005128298185613343,17,100,False,31.47841468406841
Z,open_system_grape,combined,static_only,0.08,0.0,0.0,21,0.9767051869338333,0.023294813066166653,0.9656936994020606,0.6396797321823602,40,0.005128298185613343,17,100,False,31.47841468406841
Z,open_system_grape,combined,static_only,0.08,0.0,0.0,22,0.9796669997152279,0.02033300028477214,0.9668665161810668,0.6396797321823602,40,0.005128298185613343,17,100,False,31.47841468406841
Z,open_system_grape,combined,static_only,0.08,0.0,0.0,23,0.9794039256469802,0.0205960743530198,0.9663361491455135,0.6396797321823602,40,0.005128298185613343,17,100,False,31.47841468406841
Z,open_system_grape,combined,static_only,0.08,0.0,0.0,24,0.9796879328464871,0.02031206715351286,0.9665020293396838,0.6396797321823602,40,0.005128298185613343,17,100,False,31.47841468406841
Z,open_system_grape,combined,static_only,0.08,0.0,0.0,25,0.9810831336816224,0.018916866318377634,0.9666647375412869,0.6396797321823602,40,0.005128298185613343,17,100,False,31.47841468406841
Z,open_system_grape,combined,static_only,0.08,0.0,0.0,26,0.9799979307412515,0.02000206925874848,0.9674644052641552,0.6396797321823602,40,0.005128298185613343,17,100,False,31.47841468406841
Z,open_system_grape,combined,static_only,0.08,0.0,0.0,27,0.981710741933144,0.018289258066855996,0.9660992954148624,0.6396797321823602,40,0.005128298185613343,17,100,False,31.47841468406841
Z,open_system_grape,combined,static_only,0.08,0.0,0.0,28,0.9766375895311363,0.02336241046886367,0.9660103014243954,0.6396797321823602,40,0.005128298185613343,17,100,False,31.47841468406841
Z,open_system_grape,combined,static_only,0.08,0.0,0.0,29,0.9764729543842878,0.023527045615712172,0.965962107758146,0.6396797321823602,40,0.005128298185613343,17,100,False,31.47841468406841
Z,open_system_grape,combined,static_only,0.08,0.0,0.0,30,0.9787365659639166,0.02126343403608344,0.9662873240245948,0.6396797321823602,40,0.005128298185613343,17,100,False,31.47841468406841
Z,open_system_grape,combined,static_only,0.08,0.0,0.0,31,0.9818605460095474,0.01813945399045258,0.9659100317675879,0.6396797321823602,40,0.005128298185613343,17,100,False,31.47841468406841
Z,open_system_grape,combined,static_only,0.08,0.0,0.0,32,0.9791740266804299,0.020825973319570146,0.9658815326095018,0.6396797321823602,40,0.005128298185613343,17,100,False,31.47841468406841
Z,open_system_grape,combined,static_only,0.08,0.0,0.0,33,0.9821027178928126,0.01789728210718744,0.9673582060232923,0.6396797321823602,40,0.005128298185613343,17,100,False,31.47841468406841
Z,open_system_grape,combined,static_only,0.08,0.0,0.0,34,0.9823906818582206,0.01760931814177935,0.9670433497176207,0.6396797321823602,40,0.005128298185613343,17,100,False,31.47841468406841
Z,open_system_grape,combined,static_only,0.08,0.0,0.0,35,0.9811970905381765,0.018802909461823503,0.9657452021133861,0.6396797321823602,40,0.005128298185613343,17,100,False,31.47841468406841
Z,open_system_grape,combined,static_only,0.08,0.0,0.0,36,0.9772366611083056,0.02276333889169435,0.9665143001324221,0.6396797321823602,40,0.005128298185613343,17,100,False,31.47841468406841
Z,open_system_grape,combined,static_only,0.08,0.0,0.0,37,0.9824270350351022,0.017572964964897797,0.9669680880903954,0.6396797321823602,40,0.005128298185613343,17,100,False,31.47841468406841
Z,open_system_grape,combined,static_only,0.08,0.0,0.0,38,0.9805734738630456,0.019426526136954392,0.966697882933742,0.6396797321823602,40,0.005128298185613343,17,100,False,31.47841468406841
Z,open_system_grape,combined,static_only,0.08,0.0,0.0,39,0.9816844961121078,0.01831550388789216,0.9652208739381761,0.6396797321823602,40,0.005128298185613343,17,100,False,31.47841468406841
Z,open_system_grape,combined,static_only,0.08,0.0,0.0,40,0.9792640339645591,0.020735966035440923,0.9670030519661815,0.6396797321823602,40,0.005128298185613343,17,100,False,31.47841468406841
Z,open_system_grape,combined,static_only,0.08,0.0,0.0,41,0.9771606880410304,0.0228393119589696,0.9659042576448216,0.6396797321823602,40,0.005128298185613343,17,100,False,31.47841468406841
Z,open_system_grape,combined,static_only,0.08,0.0,0.0,42,0.9818530434925035,0.018146956507496537,0.9675054496819946,0.6396797321823602,40,0.005128298185613343,17,100,False,31.47841468406841
Z,open_system_grape,combined,static_only,0.08,0.0,0.0,43,0.9765087590185542,0.023491240981445838,0.9655978949191854,0.6396797321823602,40,0.005128298185613343,17,100,False,31.47841468406841
Z,open_system_grape,combined,static_only,0.08,0.0,0.0,44,0.9807002533886116,0.019299746611388446,0.9667254167700602,0.6396797321823602,40,0.005128298185613343,17,100,False,31.47841468406841
Z,open_system_grape,combined,static_only,0.08,0.0,0.0,45,0.9795035367659571,0.02049646323404286,0.9674362429663479,0.6396797321823602,40,0.005128298185613343,17,100,False,31.47841468406841
Z,open_system_grape,combined,static_only,0.08,0.0,0.0,46,0.9767808349132578,0.023219165086742155,0.9649723430270406,0.6396797321823602,40,0.005128298185613343,17,100,False,31.47841468406841
Z,open_system_grape,combined,static_only,0.08,0.0,0.0,47,0.9794600704696252,0.020539929530374756,0.9662542859585371,0.6396797321823602,40,0.005128298185613343,17,100,False,31.47841468406841
Z,open_system_grape,combined,static_only,0.08,0.0,0.0,48,0.9791989416421427,0.020801058357857283,0.964913893381081,0.6396797321823602,40,0.005128298185613343,17,100,False,31.47841468406841
Z,open_system_grape,combined,static_only,0.08,0.0,0.0,49,0.9798170759720424,0.020182924027957627,0.9652495291389043,0.6396797321823602,40,0.005128298185613343,17,100,False,31.47841468406841
Z,open_system_grape,combined,static_only,0.08,0.0,0.0,50,0.9822023751818465,0.0177976248181535,0.9672397617537085,0.6396797321823602,40,0.005128298185613343,17,100,False,31.47841468406841
Z,open_system_grape,combined,static_only,0.08,0.0,0.0,51,0.9790560474301883,0.02094395256981174,0.9673324156906926,0.6396797321823602,40,0.005128298185613343,17,100,False,31.47841468406841
Z,open_system_grape,combined,static_only,0.08,0.0,0.0,52,0.9768710255046351,0.023128974495364885,0.9657813435211815,0.6396797321823602,40,0.005128298185613343,17,100,False,31.47841468406841
Z,open_system_grape,combined,static_only,0.08,0.0,0.0,53,0.9821028082737757,0.017897191726224282,0.9673342356876395,0.6396797321823602,40,0.005128298185613343,17,100,False,31.47841468406841
Z,open_system_grape,combined,static_only,0.08,0.0,0.0,54,0.9814889126180197,0.018511087381980262,0.9665741449446085,0.6396797321823602,40,0.005128298185613343,17,100,False,31.47841468406841
Z,open_system_grape,combined,static_only,0.08,0.0,0.0,55,0.9816738473333918,0.018326152666608198,0.9677245786936794,0.6396797321823602,40,0.005128298185613343,17,100,False,31.47841468406841
Z,open_system_grape,combined,static_only,0.08,0.0,0.0,56,0.9821681294419785,0.01783187055802149,0.9661948956400576,0.6396797321823602,40,0.005128298185613343,17,100,False,31.47841468406841
Z,open_system_grape,combined,static_only,0.08,0.0,0.0,57,0.9826784885395867,0.017321511460413275,0.9661600365389181,0.6396797321823602,40,0.005128298185613343,17,100,False,31.47841468406841
Z,open_system_grape,combined,static_only,0.08,0.0,0.0,58,0.9797395582323073,0.020260441767692705,0.9662905995232024,0.6396797321823602,40,0.005128298185613343,17,100,False,31.47841468406841
Z,open_system_grape,combined,static_only,0.08,0.0,0.0,59,0.981918403073631,0.018081596926369015,0.9655321510282596,0.6396797321823602,40,0.005128298185613343,17,100,False,31.47841468406841
Z,open_system_grape,combined,deph_0.005,0.08,0.005,0.0,10,0.9759100416010693,0.02408995839893069,0.9600910667026639,0.6396797321823602,40,0.005128298185613343,17,100,False,31.47841468406841
Z,open_system_grape,combined,deph_0.005,0.08,0.005,0.0,11,0.9790820847536453,0.020917915246354668,0.9594512624643237,0.6396797321823602,40,0.005128298185613343,17,100,False,31.47841468406841
Z,open_system_grape,combined,deph_0.005,0.08,0.005,0.0,12,0.978700320206755,0.021299679793244986,0.959174022100794,0.6396797321823602,40,0.005128298185613343,17,100,False,31.47841468406841
Z,open_system_grape,combined,deph_0.005,0.08,0.005,0.0,13,0.9790337636846822,0.0209662363153178,0.9623994975848207,0.6396797321823602,40,0.005128298185613343,17,100,False,31.47841468406841
Z,open_system_grape,combined,deph_0.005,0.08,0.005,0.0,14,0.9803791728226057,0.01962082717739433,0.9616867370340119,0.6396797321823602,40,0.005128298185613343,17,100,False,31.47841468406841
Z,open_system_grape,combined,deph_0.005,0.08,0.005,0.0,15,0.9759433423420905,0.02405665765790954,0.9605316443054814,0.6396797321823602,40,0.005128298185613343,17,100,False,31.47841468406841
Z,open_system_grape,combined,deph_0.005,0.08,0.005,0.0,16,0.9788876332535308,0.021112366746469213,0.9595848993930556,0.6396797321823602,40,0.005128298185613343,17,100,False,31.47841468406841
Z,open_system_grape,combined,deph_0.005,0.08,0.005,0.0,17,0.9764323561978243,0.023567643802175686,0.9609645396306244,0.6396797321823602,40,0.005128298185613343,17,100,False,31.47841468406841
Z,open_system_grape,combined,deph_0.005,0.08,0.005,0.0,18,0.9782068097367833,0.02179319026321669,0.9616938948685283,0.6396797321823602,40,0.005128298185613343,17,100,False,31.47841468406841
Z,open_system_grape,combined,deph_0.005,0.08,0.005,0.0,19,0.9772253258721675,0.022774674127832517,0.9584520978422894,0.6396797321823602,40,0.005128298185613343,17,100,False,31.47841468406841
Z,open_system_grape,combined,deph_0.005,0.08,0.005,0.0,20,0.9791412762850042,0.020858723714995753,0.9594920055368092,0.6396797321823602,40,0.005128298185613343,17,100,False,31.47841468406841
Z,open_system_grape,combined,deph_0.005,0.08,0.005,0.0,21,0.9738278926803131,0.026172107319686888,0.9593639295397359,0.6396797321823602,40,0.005128298185613343,17,100,False,31.47841468406841
Z,open_system_grape,combined,deph_0.005,0.08,0.005,0.0,22,0.9766967919824694,0.023303208017530608,0.9603182769791313,0.6396797321823602,40,0.005128298185613343,17,100,False,31.47841468406841
Z,open_system_grape,combined,deph_0.005,0.08,0.005,0.0,23,0.9765823080687713,0.023417691931228668,0.9608636990261442,0.6396797321823602,40,0.005128298185613343,17,100,False,31.47841468406841
Z,open_system_grape,combined,deph_0.005,0.08,0.005,0.0,24,0.9768969083852166,0.02310309161478341,0.9610022953015738,0.6396797321823602,40,0.005128298185613343,17,100,False,31.47841468406841
Z,open_system_grape,combined,deph_0.005,0.08,0.005,0.0,25,0.978281303592658,0.02171869640734203,0.961180734831935,0.6396797321823602,40,0.005128298185613343,17,100,False,31.47841468406841
Z,open_system_grape,combined,deph_0.005,0.08,0.005,0.0,26,0.9772136026118398,0.02278639738816024,0.9613572740145345,0.6396797321823602,40,0.005128298185613343,17,100,False,31.47841468406841
Z,open_system_grape,combined,deph_0.005,0.08,0.005,0.0,27,0.9788809804186024,0.021119019581397613,0.9607796916983715,0.6396797321823602,40,0.005128298185613343,17,100,False,31.47841468406841
Z,open_system_grape,combined,deph_0.005,0.08,0.005,0.0,28,0.9735496719951486,0.026450328004851364,0.9588319410057794,0.6396797321823602,40,0.005128298185613343,17,100,False,31.47841468406841
Z,open_system_grape,combined,deph_0.005,0.08,0.005,0.0,29,0.9734065657980074,0.02659343420199256,0.9587936626774842,0.6396797321823602,40,0.005128298185613343,17,100,False,31.47841468406841
Z,open_system_grape,combined,deph_0.005,0.08,0.005,0.0,30,0.9759208400817723,0.024079159918227733,0.9606818883052011,0.6396797321823602,40,0.005128298185613343,17,100,False,31.47841468406841
Z,open_system_grape,combined,deph_0.005,0.08,0.005,0.0,31,0.9788240773097778,0.02117592269022217,0.9597680248072259,0.6396797321823602,40,0.005128298185613343,17,100,False,31.47841468406841
Z,open_system_grape,combined,deph_0.005,0.08,0.005,0.0,32,0.9762379417504928,0.023762058249507167,0.9601609569812475,0.6396797321823602,40,0.005128298185613343,17,100,False,31.47841468406841
Z,open_system_grape,combined,deph_0.005,0.08,0.005,0.0,33,0.9795737139243978,0.02042628607560215,0.9622766339294642,0.6396797321823602,40,0.005128298185613343,17,100,False,31.47841468406841
Z,open_system_grape,combined,deph_0.005,0.08,0.005,0.0,34,0.9797777347910355,0.02022226520896453,0.9617660132839264,0.6396797321823602,40,0.005128298185613343,17,100,False,31.47841468406841
Z,open_system_grape,combined,deph_0.005,0.08,0.005,0.0,35,0.9780576598792592,0.02194234012074081,0.9592967274214734,0.6396797321823602,40,0.005128298185613343,17,100,False,31.47841468406841
Z,open_system_grape,combined,deph_0.005,0.08,0.005,0.0,36,0.9742235889310081,0.025776411068991867,0.9595213378218321,0.6396797321823602,40,0.005128298185613343,17,100,False,31.47841468406841
Z,open_system_grape,combined,deph_0.005,0.08,0.005,0.0,37,0.9796129962929621,0.020387003707037943,0.9616002244184744,0.6396797321823602,40,0.005128298185613343,17,100,False,31.47841468406841
Z,open_system_grape,combined,deph_0.005,0.08,0.005,0.0,38,0.9778570485803952,0.02214295141960476,0.9614880403418512,0.6396797321823602,40,0.005128298185613343,17,100,False,31.47841468406841
Z,open_system_grape,combined,deph_0.005,0.08,0.005,0.0,39,0.9785291604210458,0.021470839578954237,0.9591538112323857,0.6396797321823602,40,0.005128298185613343,17,100,False,31.47841468406841
Z,open_system_grape,combined,deph_0.005,0.08,0.005,0.0,40,0.9763218199884063,0.02367818001159372,0.9604453644800514,0.6396797321823602,40,0.005128298185613343,17,100,False,31.47841468406841
Z,open_system_grape,combined,deph_0.005,0.08,0.005,0.0,41,0.9740279413139514,0.02597205868604857,0.9587463096988014,0.6396797321823602,40,0.005128298185613343,17,100,False,31.47841468406841
Z,open_system_grape,combined,deph_0.005,0.08,0.005,0.0,42,0.9792871762249613,0.02071282377503869,0.9622428079480545,0.6396797321823602,40,0.005128298185613343,17,100,False,31.47841468406841
Z,open_system_grape,combined,deph_0.005,0.08,0.005,0.0,43,0.973605461768352,0.026394538231647946,0.9592950739979328,0.6396797321823602,40,0.005128298185613343,17,100,False,31.47841468406841
Z,open_system_grape,combined,deph_0.005,0.08,0.005,0.0,44,0.9779956365906832,0.022004363409316774,0.9615389045842534,0.6396797321823602,40,0.005128298185613343,17,100,False,31.47841468406841
Z,open_system_grape,combined,deph_0.005,0.08,0.005,0.0,45,0.9766888492350617,0.023311150764938282,0.9611805402861587,0.6396797321823602,40,0.005128298185613343,17,100,False,31.47841468406841
Z,open_system_grape,combined,deph_0.005,0.08,0.005,0.0,46,0.9735981936120797,0.026401806387920335,0.9579852691545612,0.6396797321823602,40,0.005128298185613343,17,100,False,31.47841468406841
Z,open_system_grape,combined,deph_0.005,0.08,0.005,0.0,47,0.9765165733690233,0.02348342663097669,0.9598188539887511,0.6396797321823602,40,0.005128298185613343,17,100,False,31.47841468406841
Z,open_system_grape,combined,deph_0.005,0.08,0.005,0.0,48,0.9759319859538211,0.024068014046178865,0.9582095472790861,0.6396797321823602,40,0.005128298185613343,17,100,False,31.47841468406841
Z,open_system_grape,combined,deph_0.005,0.08,0.005,0.0,49,0.9766851576042304,0.02331484239576964,0.9591357057121042,0.6396797321823602,40,0.005128298185613343,17,100,False,31.47841468406841
Z,open_system_grape,combined,deph_0.005,0.08,0.005,0.0,50,0.9796782523489638,0.020321747651036226,0.9622202074556181,0.6396797321823602,40,0.005128298185613343,17,100,False,31.47841468406841
Z,open_system_grape,combined,deph_0.005,0.08,0.005,0.0,51,0.9762032777199279,0.023796722280072125,0.9609246357864804,0.6396797321823602,40,0.005128298185613343,17,100,False,31.47841468406841
Z,open_system_grape,combined,deph_0.005,0.08,0.005,0.0,52,0.9737321067740771,0.026267893225922934,0.958581619075463,0.6396797321823602,40,0.005128298185613343,17,100,False,31.47841468406841
Z,open_system_grape,combined,deph_0.005,0.08,0.005,0.0,53,0.9795182413517344,0.020481758648265624,0.962056204930031,0.6396797321823602,40,0.005128298185613343,17,100,False,31.47841468406841
Z,open_system_grape,combined,deph_0.005,0.08,0.005,0.0,54,0.9785748977050786,0.02142510229492145,0.9605188186477576,0.6396797321823602,40,0.005128298185613343,17,100,False,31.47841468406841
Z,open_system_grape,combined,deph_0.005,0.08,0.005,0.0,55,0.9789999622458487,0.02100003775415127,0.9622490010971371,0.6396797321823602,40,0.005128298185613343,17,100,False,31.47841468406841
Z,open_system_grape,combined,deph_0.005,0.08,0.005,0.0,56,0.9792572696760141,0.02074273032398588,0.9603260971950438,0.6396797321823602,40,0.005128298185613343,17,100,False,31.47841468406841
Z,open_system_grape,combined,deph_0.005,0.08,0.005,0.0,57,0.9799370039083837,0.020062996091616325,0.9608725533502862,0.6396797321823602,40,0.005128298185613343,17,100,False,31.47841468406841
Z,open_system_grape,combined,deph_0.005,0.08,0.005,0.0,58,0.9768113355959979,0.023188664404002135,0.9599473841029376,0.6396797321823602,40,0.005128298185613343,17,100,False,31.47841468406841
Z,open_system_grape,combined,deph_0.005,0.08,0.005,0.0,59,0.978802698149752,0.02119730185024804,0.9593394406434186,0.6396797321823602,40,0.005128298185613343,17,100,False,31.47841468406841
Z,open_system_grape,combined,relax_0.002,0.08,0.0,0.002,10,0.9790355404978559,0.020964459502144095,0.966938510051392,0.6396797321823602,40,0.005128298185613343,17,100,False,31.47841468406841
Z,open_system_grape,combined,relax_0.002,0.08,0.0,0.002,11,0.9822953962257012,0.017704603774298833,0.9656188079027517,0.6396797321823602,40,0.005128298185613343,17,100,False,31.47841468406841
Z,open_system_grape,combined,relax_0.002,0.08,0.0,0.002,12,0.9819784893924475,0.018021510607552527,0.965486277709479,0.6396797321823602,40,0.005128298185613343,17,100,False,31.47841468406841
Z,open_system_grape,combined,relax_0.002,0.08,0.0,0.002,13,0.9817112472300868,0.018288752769913152,0.9678134761109027,0.6396797321823602,40,0.005128298185613343,17,100,False,31.47841468406841
Z,open_system_grape,combined,relax_0.002,0.08,0.0,0.002,14,0.9833273966915899,0.01667260330841014,0.967335010478396,0.6396797321823602,40,0.005128298185613343,17,100,False,31.47841468406841
Z,open_system_grape,combined,relax_0.002,0.08,0.0,0.002,15,0.9790023904510524,0.020997609548947582,0.9672512097819033,0.6396797321823602,40,0.005128298185613343,17,100,False,31.47841468406841
Z,open_system_grape,combined,relax_0.002,0.08,0.0,0.002,16,0.9820867360615868,0.017913263938413193,0.9659483569733592,0.6396797321823602,40,0.005128298185613343,17,100,False,31.47841468406841
Z,open_system_grape,combined,relax_0.002,0.08,0.0,0.002,17,0.9793522093992629,0.02064779060073707,0.9666881503505749,0.6396797321823602,40,0.005128298185613343,17,100,False,31.47841468406841
Z,open_system_grape,combined,relax_0.002,0.08,0.0,0.002,18,0.9810383608369604,0.018961639163039612,0.9676626622322912,0.6396797321823602,40,0.005128298185613343,17,100,False,31.47841468406841
Z,open_system_grape,combined,relax_0.002,0.08,0.0,0.002,19,0.9806403299757755,0.01935967002422445,0.9652711156096238,0.6396797321823602,40,0.005128298185613343,17,100,False,31.47841468406841
Z,open_system_grape,combined,relax_0.002,0.08,0.0,0.002,20,0.9823448909752155,0.01765510902478451,0.9657283354809679,0.6396797321823602,40,0.005128298185613343,17,100,False,31.47841468406841
Z,open_system_grape,combined,relax_0.002,0.08,0.0,0.002,21,0.9768677965131392,0.023132203486860847,0.9659233668849595,0.6396797321823602,40,0.005128298185613343,17,100,False,31.47841468406841
Z,open_system_grape,combined,relax_0.002,0.08,0.0,0.002,22,0.9798071809755964,0.02019281902440362,0.9670271457861654,0.6396797321823602,40,0.005128298185613343,17,100,False,31.47841468406841
Z,open_system_grape,combined,relax_0.002,0.08,0.0,0.002,23,0.9795275499821713,0.020472450017828714,0.9665771089549542,0.6396797321823602,40,0.005128298185613343,17,100,False,31.47841468406841
Z,open_system_grape,combined,relax_0.002,0.08,0.0,0.002,24,0.9798099013947025,0.020190098605297524,0.9667346007307179,0.6396797321823602,40,0.005128298185613343,17,100,False,31.47841468406841
Z,open_system_grape,combined,relax_0.002,0.08,0.0,0.002,25,0.9811975826519136,0.01880241734808641,0.9668857726609598,0.6396797321823602,40,0.005128298185613343,17,100,False,31.47841468406841
Z,open_system_grape,combined,relax_0.002,0.08,0.0,0.002,26,0.980125754097972,0.01987424590202802,0.9676322059433454,0.6396797321823602,40,0.005128298185613343,17,100,False,31.47841468406841
Z,open_system_grape,combined,relax_0.002,0.08,0.0,0.002,27,0.9818262086259827,0.018173791374017312,0.9663395608813437,0.6396797321823602,40,0.005128298185613343,17,100,False,31.47841468406841
Z,open_system_grape,combined,relax_0.002,0.08,0.0,0.002,28,0.9768124323471102,0.023187567652889762,0.9661802065391535,0.6396797321823602,40,0.005128298185613343,17,100,False,31.47841468406841
Z,open_system_grape,combined,relax_0.002,0.08,0.0,0.002,29,0.9766499141532365,0.023350085846763458,0.9661328874710052,0.6396797321823602,40,0.005128298185613343,17,100,False,31.47841468406841
Z,open_system_grape,combined,relax_0.002,0.08,0.0,0.002,30,0.9788659787168443,0.02113402128315567,0.9665265494919884,0.6396797321823602,40,0.005128298185613343,17,100,False,31.47841468406841
Z,open_system_grape,combined,relax_0.002,0.08,0.0,0.002,31,0.9819924309601455,0.018007569039854454,0.9661250154460417,0.6396797321823602,40,0.005128298185613343,17,100,False,31.47841468406841
Z,open_system_grape,combined,relax_0.002,0.08,0.0,0.002,32,0.9793036455692234,0.020696354430776553,0.9661267899957506,0.6396797321823602,40,0.005128298185613343,17,100,False,31.47841468406841
Z,open_system_grape,combined,relax_0.002,0.08,0.0,0.002,33,0.9822121904596828,0.017787809540317223,0.9675598540845097,0.6396797321823602,40,0.005128298185613343,17,100,False,31.47841468406841
Z,open_system_grape,combined,relax_0.002,0.08,0.0,0.002,34,0.9825042206552725,0.017495779344727458,0.9672459507541193,0.6396797321823602,40,0.005128298185613343,17,100,False,31.47841468406841
Z,open_system_grape,combined,relax_0.002,0.08,0.0,0.002,35,0.9813360457773747,0.018663954222625345,0.965955587017401,0.6396797321823602,40,0.005128298185613343,17,100,False,31.47841468406841
Z,open_system_grape,combined,relax_0.002,0.08,0.0,0.002,36,0.9774011816805577,0.022598818319442326,0.9666745101319207,0.6396797321823602,40,0.005128298185613343,17,100,False,31.47841468406841
Z,open_system_grape,combined,relax_0.002,0.08,0.0,0.002,37,0.9825293108646588,0.017470689135341222,0.9671780709184905,0.6396797321823602,40,0.005128298185613343,17,100,False,31.47841468406841
Z,open_system_grape,combined,relax_0.002,0.08,0.0,0.002,38,0.9806891889732083,0.019310811026791663,0.9669311960296766,0.6396797321823602,40,0.005128298185613343,17,100,False,31.47841468406841
Z,open_system_grape,combined,relax_0.002,0.08,0.0,0.002,39,0.9818129007110192,0.018187099288980768,0.9654589547362056,0.6396797321823602,40,0.005128298185613343,17,100,False,31.47841468406841
Z,open_system_grape,combined,relax_0.002,0.08,0.0,0.002,40,0.9794054712228308,0.020594528777169163,0.9671599065262592,0.6396797321823602,40,0.005128298185613343,17,100,False,31.47841468406841
Z,open_system_grape,combined,relax_0.002,0.08,0.0,0.002,41,0.977332060201736,0.02266793979826398,0.9660802335079915,0.6396797321823602,40,0.005128298185613343,17,100,False,31.47841468406841
Z,open_system_grape,combined,relax_0.002,0.08,0.0,0.002,42,0.9819633141250635,0.018036685874936453,0.9676967402245585,0.6396797321823602,40,0.005128298185613343,17,100,False,31.47841468406841
Z,open_system_grape,combined,relax_0.002,0.08,0.0,0.002,43,0.9766700371125803,0.02332996288741973,0.9658329822244416,0.6396797321823602,40,0.005128298185613343,17,100,False,31.47841468406841
Z,open_system_grape,combined,relax_0.002,0.08,0.0,0.002,44,0.9808153957785575,0.019184604221442525,0.9669578478196286,0.6396797321823602,40,0.005128298185613343,17,100,False,31.47841468406841
Z,open_system_grape,combined,relax_0.002,0.08,0.0,0.002,45,0.9796361437489944,0.020363856251005563,0.9675990828772374,0.6396797321823602,40,0.005128298185613343,17,100,False,31.47841468406841
Z,open_system_grape,combined,relax_0.002,0.08,0.0,0.002,46,0.9769544911823328,0.023045508817667204,0.9651876032293303,0.6396797321823602,40,0.005128298185613343,17,100,False,31.47841468406841
Z,open_system_grape,combined,relax_0.002,0.08,0.0,0.002,47,0.9796082420859086,0.020391757914091424,0.9664487807114854,0.6396797321823602,40,0.005128298185613343,17,100,False,31.47841468406841
Z,open_system_grape,combined,relax_0.002,0.08,0.0,0.002,48,0.9793512149901735,0.020648785009826476,0.965139908577445,0.6396797321823602,40,0.005128298185613343,17,100,False,31.47841468406841
Z,open_system_grape,combined,relax_0.002,0.08,0.0,0.002,49,0.9799520105150401,0.020047989484959894,0.9654926105711676,0.6396797321823602,40,0.005128298185613343,17,100,False,31.47841468406841
Z,open_system_grape,combined,relax_0.002,0.08,0.0,0.002,50,0.9823121086166883,0.017687891383311727,0.9674470591749967,0.6396797321823602,40,0.005128298185613343,17,100,False,31.47841468406841
Z,open_system_grape,combined,relax_0.002,0.08,0.0,0.002,51,0.9791940885490489,0.02080591145095112,0.9674925820828344,0.6396797321823602,40,0.005128298185613343,17,100,False,31.47841468406841
Z,open_system_grape,combined,relax_0.002,0.08,0.0,0.002,52,0.9770457819926531,0.02295421800734687,0.9659587371292043,0.6396797321823602,40,0.005128298185613343,17,100,False,31.47841468406841
Z,open_system_grape,combined,relax_0.002,0.08,0.0,0.002,53,0.9822141165977194,0.0177858834022806,0.9675288603427576,0.6396797321823602,40,0.005128298185613343,17,100,False,31.47841468406841
Z,open_system_grape,combined,relax_0.002,0.08,0.0,0.002,54,0.9816173989818695,0.018382601018130496,0.9667723704429526,0.6396797321823602,40,0.005128298185613343,17,100,False,31.47841468406841
Z,open_system_grape,combined,relax_0.002,0.08,0.0,0.002,55,0.9817815498922252,0.018218450107774786,0.9679028205817772,0.6396797321823602,40,0.005128298185613343,17,100,False,31.47841468406841
Z,open_system_grape,combined,relax_0.002,0.08,0.0,0.002,56,0.9822947762995884,0.01770522370041161,0.9664089369632161,0.6396797321823602,40,0.005128298185613343,17,100,False,31.47841468406841
Z,open_system_grape,combined,relax_0.002,0.08,0.0,0.002,57,0.9827963468979726,0.017203653102027427,0.9663905517709377,0.6396797321823602,40,0.005128298185613343,17,100,False,31.47841468406841
Z,open_system_grape,combined,relax_0.002,0.08,0.0,0.002,58,0.9798842997231791,0.020115700276820858,0.9664876484486952,0.6396797321823602,40,0.005128298185613343,17,100,False,31.47841468406841
Z,open_system_grape,combined,relax_0.002,0.08,0.0,0.002,59,0.9820509294280859,0.017949070571914083,0.965756025372182,0.6396797321823602,40,0.005128298185613343,17,100,False,31.47841468406841
Z,open_system_grape,combined,combined,0.08,0.005,0.002,10,0.9760834259419225,0.023916574058077456,0.9603136007446087,0.6396797321823602,40,0.005128298185613343,17,100,False,31.47841468406841
Z,open_system_grape,combined,combined,0.08,0.005,0.002,11,0.979237265133587,0.020762734866413002,0.959746026379334,0.6396797321823602,40,0.005128298185613343,17,100,False,31.47841468406841
Z,open_system_grape,combined,combined,0.08,0.005,0.002,12,0.9788589654249145,0.021141034575085538,0.9594705798086289,0.6396797321823602,40,0.005128298185613343,17,100,False,31.47841468406841
Z,open_system_grape,combined,combined,0.08,0.005,0.002,13,0.9791632250086515,0.020836774991348506,0.962633613955751,0.6396797321823602,40,0.005128298185613343,17,100,False,31.47841468406841
Z,open_system_grape,combined,combined,0.08,0.005,0.002,14,0.9805016646675084,0.019498335332491568,0.9619291000890775,0.6396797321823602,40,0.005128298185613343,17,100,False,31.47841468406841
Z,open_system_grape,combined,combined,0.08,0.005,0.002,15,0.9761114637419919,0.02388853625800813,0.9607573893317036,0.6396797321823602,40,0.005128298185613343,17,100,False,31.47841468406841
Z,open_system_grape,combined,combined,0.08,0.005,0.002,16,0.979048025981073,0.02095197401892701,0.9598648347608155,0.6396797321823602,40,0.005128298185613343,17,100,False,31.47841468406841
Z,open_system_grape,combined,combined,0.08,0.005,0.002,17,0.9765820284211808,0.023417971578819197,0.9612512677635175,0.6396797321823602,40,0.005128298185613343,17,100,False,31.47841468406841
Z,open_system_grape,combined,combined,0.08,0.005,0.002,18,0.9783483970272531,0.02165160297274693,0.9619203274661626,0.6396797321823602,40,0.005128298185613343,17,100,False,31.47841468406841
Z,open_system_grape,combined,combined,0.08,0.005,0.002,19,0.9774005499595395,0.02259945004046049,0.9587438541764586,0.6396797321823602,40,0.005128298185613343,17,100,False,31.47841468406841
Z,open_system_grape,combined,combined,0.08,0.005,0.002,20,0.9792986502707349,0.020701349729265073,0.9597812561358459,0.6396797321823602,40,0.005128298185613343,17,100,False,31.47841468406841
Z,open_system_grape,combined,combined,0.08,0.005,0.002,21,0.9740185467033315,0.025981453296668455,0.9596564283439699,0.6396797321823602,40,0.005128298185613343,17,100,False,31.47841468406841
Z,open_system_grape,combined,combined,0.08,0.005,0.002,22,0.9768622544508221,0.023137745549177913,0.9605402544970656,0.6396797321823602,40,0.005128298185613343,17,100,False,31.47841468406841
Z,open_system_grape,combined,combined,0.08,0.005,0.002,23,0.9767319640109431,0.023268035989056912,0.9611540658283437,0.6396797321823602,40,0.005128298185613343,17,100,False,31.47841468406841
Z,open_system_grape,combined,combined,0.08,0.005,0.002,24,0.977044680919118,0.022955319080881997,0.9612844200036601,0.6396797321823602,40,0.005128298185613343,17,100,False,31.47841468406841
Z,open_system_grape,combined,combined,0.08,0.005,0.002,25,0.9784212807093291,0.0215787192906709,0.961450833316265,0.6396797321823602,40,0.005128298185613343,17,100,False,31.47841468406841
Z,open_system_grape,combined,combined,0.08,0.005,0.002,26,0.9773643425965395,0.02263565740346052,0.9615788476958127,0.6396797321823602,40,0.005128298185613343,17,100,False,31.47841468406841
Z,open_system_grape,combined,combined,0.08,0.005,0.002,27,0.9790226014117469,0.020977398588253093,0.96106846834733,0.6396797321823602,40,0.005128298185613343,17,100,False,31.47841468406841
Z,open_system_grape,combined,combined,0.08,0.005,0.002,28,0.9737524980501429,0.026247501949857144,0.9590739198811244,0.6396797321823602,40,0.005128298185613343,17,100,False,31.47841468406841
Z,open_system_grape,combined,combined,0.08,0.005,0.002,29,0.9736114239381921,0.02638857606180789,0.9590365887866986,0.6396797321823602,40,0.005128298185613343,17,100,False,31.47841468406841
Z,open_system_grape,combined,combined,0.08,0.005,0.002,30,0.9760766379302304,0.023923362069769638,0.9609725291714535,0.6396797321823602,40,0.005128298185613343,17,100,False,31.47841468406841
Z,open_system_grape,combined,combined,0.08,0.005,0.002,31,0.9789839443212569,0.021016055678743095,0.9600424781448366,0.6396797321823602,40,0.005128298185613343,17,100,False,31.47841468406841
Z,open_system_grape,combined,combined,0.08,0.005,0.002,32,0.9763953014917031,0.02360469850829694,0.9604600721305907,0.6396797321823602,40,0.005128298185613343,17,100,False,31.47841468406841
Z,open_system_grape,combined,combined,0.08,0.005,0.002,33,0.9797040518807478,0.020295948119252172,0.9625197025983381,0.6396797321823602,40,0.005128298185613343,17,100,False,31.47841468406841
Z,open_system_grape,combined,combined,0.08,0.005,0.002,34,0.979913551920718,0.02008644807928195,0.9620137348750465,0.6396797321823602,40,0.005128298185613343,17,100,False,31.47841468406841
Z,open_system_grape,combined,combined,0.08,0.005,0.002,35,0.9782256827213063,0.021774317278693722,0.9595708054320434,0.6396797321823602,40,0.005128298185613343,17,100,False,31.47841468406841
Z,open_system_grape,combined,combined,0.08,0.005,0.002,36,0.9744145381821562,0.025585461817843824,0.9597497093833866,0.6396797321823602,40,0.005128298185613343,17,100,False,31.47841468406841
Z,open_system_grape,combined,combined,0.08,0.005,0.002,37,0.9797400088656743,0.02025999113432575,0.9618566604727108,0.6396797321823602,40,0.005128298185613343,17,100,False,31.47841468406841
Z,open_system_grape,combined,combined,0.08,0.005,0.002,38,0.9779969862135391,0.022003013786460857,0.9617664309188931,0.6396797321823602,40,0.005128298185613343,17,100,False,31.47841468406841
Z,open_system_grape,combined,combined,0.08,0.005,0.002,39,0.9786876757753524,0.021312324224647572,0.9594521234120996,0.6396797321823602,40,0.005128298185613343,17,100,False,31.47841468406841
Z,open_system_grape,combined,combined,0.08,0.005,0.002,40,0.9764880367298399,0.02351196327016014,0.9606632058235629,0.6396797321823602,40,0.005128298185613343,17,100,False,31.47841468406841
Z,open_system_grape,combined,combined,0.08,0.005,0.002,41,0.9742278941525307,0.02577210584746925,0.9589943919241897,0.6396797321823602,40,0.005128298185613343,17,100,False,31.47841468406841
Z,open_system_grape,combined,combined,0.08,0.005,0.002,42,0.9794182624368916,0.020581737563108438,0.9624770996213579,0.6396797321823602,40,0.005128298185613343,17,100,False,31.47841468406841
Z,open_system_grape,combined,combined,0.08,0.005,0.002,43,0.9737951140919792,0.026204885908020836,0.9595927199029687,0.6396797321823602,40,0.005128298185613343,17,100,False,31.47841468406841
Z,open_system_grape,combined,combined,0.08,0.005,0.002,44,0.9781348236977003,0.02186517630229967,0.9618160557929383,0.6396797321823602,40,0.005128298185613343,17,100,False,31.47841468406841
Z,open_system_grape,combined,combined,0.08,0.005,0.002,45,0.976844660924364,0.02315533907563605,0.9613991473042045,0.6396797321823602,40,0.005128298185613343,17,100,False,31.47841468406841
Z,open_system_grape,combined,combined,0.08,0.005,0.002,46,0.9738026566812974,0.026197343318702604,0.9582730505227777,0.6396797321823602,40,0.005128298185613343,17,100,False,31.47841468406841
Z,open_system_grape,combined,combined,0.08,0.005,0.002,47,0.9766917840441707,0.023308215955829326,0.9600759058082238,0.6396797321823602,40,0.005128298185613343,17,100,False,31.47841468406841
Z,open_system_grape,combined,combined,0.08,0.005,0.002,48,0.9761157200461119,0.023884279953888088,0.9585044934804486,0.6396797321823602,40,0.005128298185613343,17,100,False,31.47841468406841
Z,open_system_grape,combined,combined,0.08,0.005,0.002,49,0.9768501944804054,0.023149805519594557,0.959439338142275,0.6396797321823602,40,0.005128298185613343,17,100,False,31.47841468406841
Z,open_system_grape,combined,combined,0.08,0.005,0.002,50,0.9798091093544089,0.020190890645591097,0.9624686745350399,0.6396797321823602,40,0.005128298185613343,17,100,False,31.47841468406841
Z,open_system_grape,combined,combined,0.08,0.005,0.002,51,0.9763650319315988,0.023634968068401152,0.9611428695742025,0.6396797321823602,40,0.005128298185613343,17,100,False,31.47841468406841
Z,open_system_grape,combined,combined,0.08,0.005,0.002,52,0.9739356869915943,0.026064313008405726,0.9588320081053288,0.6396797321823602,40,0.005128298185613343,17,100,False,31.47841468406841
Z,open_system_grape,combined,combined,0.08,0.005,0.002,53,0.9796509259625463,0.020349074037453674,0.9622947595147728,0.6396797321823602,40,0.005128298185613343,17,100,False,31.47841468406841
Z,open_system_grape,combined,combined,0.08,0.005,0.002,54,0.9787291914881011,0.021270808511898887,0.9607733555228053,0.6396797321823602,40,0.005128298185613343,17,100,False,31.47841468406841
Z,open_system_grape,combined,combined,0.08,0.005,0.002,55,0.979128871575213,0.020871128424787,0.9624719890512875,0.6396797321823602,40,0.005128298185613343,17,100,False,31.47841468406841
Z,open_system_grape,combined,combined,0.08,0.005,0.002,56,0.9794103839031503,0.020589616096849728,0.9605954193647862,0.6396797321823602,40,0.005128298185613343,17,100,False,31.47841468406841
Z,open_system_grape,combined,combined,0.08,0.005,0.002,57,0.9800800538469436,0.019919946153056367,0.9611513690844018,0.6396797321823602,40,0.005128298185613343,17,100,False,31.47841468406841
Z,open_system_grape,combined,combined,0.08,0.005,0.002,58,0.9769829915941559,0.023017008405844086,0.9602057539135569,0.6396797321823602,40,0.005128298185613343,17,100,False,31.47841468406841
Z,open_system_grape,combined,combined,0.08,0.005,0.002,59,0.9789644626480096,0.021035537351990374,0.9596244415879995,0.6396797321823602,40,0.005128298185613343,17,100,False,31.47841468406841
H,open_system_grape,combined,static_only,0.08,0.0,0.0,10,0.99539214268528,0.004607857314720021,0.9981920173069925,0.32667855229428266,40,0.023514349344387786,17,100,False,34.809535461012274
H,open_system_grape,combined,static_only,0.08,0.0,0.0,11,0.9991362008181465,0.0008637991818535307,0.9987144996581665,0.32667855229428266,40,0.023514349344387786,17,100,False,34.809535461012274
H,open_system_grape,combined,static_only,0.08,0.0,0.0,12,0.9990401618015561,0.0009598381984439186,0.9987329350748139,0.32667855229428266,40,0.023514349344387786,17,100,False,34.809535461012274
H,open_system_grape,combined,static_only,0.08,0.0,0.0,13,0.9981860872066806,0.0018139127933194388,0.9981977955108554,0.32667855229428266,40,0.023514349344387786,17,100,False,34.809535461012274
H,open_system_grape,combined,static_only,0.08,0.0,0.0,14,0.9990871395750872,0.000912860424912787,0.9982900352865466,0.32667855229428266,40,0.023514349344387786,17,100,False,34.809535461012274
H,open_system_grape,combined,static_only,0.08,0.0,0.0,15,0.995962957232289,0.004037042767710997,0.9982118598834133,0.32667855229428266,40,0.023514349344387786,17,100,False,34.809535461012274
H,open_system_grape,combined,static_only,0.08,0.0,0.0,16,0.9984934316409113,0.0015065683590886891,0.9985952750908094,0.32667855229428266,40,0.023514349344387786,17,100,False,34.809535461012274
H,open_system_grape,combined,static_only,0.08,0.0,0.0,17,0.9960595778134749,0.003940422186525128,0.9986239233741573,0.32667855229428266,40,0.023514349344387786,17,100,False,34.809535461012274
H,open_system_grape,combined,static_only,0.08,0.0,0.0,18,0.9974136724361078,0.00258632756389221,0.9981367426078838,0.32667855229428266,40,0.023514349344387786,17,100,False,34.809535461012274
H,open_system_grape,combined,static_only,0.08,0.0,0.0,19,0.998251376523555,0.0017486234764449993,0.9987205041262373,0.32667855229428266,40,0.023514349344387786,17,100,False,34.809535461012274
H,open_system_grape,combined,static_only,0.08,0.0,0.0,20,0.9989052470071238,0.0010947529928762023,0.9986692023643102,0.32667855229428266,40,0.023514349344387786,17,100,False,34.809535461012274
H,open_system_grape,combined,static_only,0.08,0.0,0.0,21,0.9946953340694964,0.005304665930503605,0.9986638029222373,0.32667855229428266,40,0.023514349344387786,17,100,False,34.809535461012274
H,open_system_grape,combined,static_only,0.08,0.0,0.0,22,0.9959021598024653,0.0040978401975346745,0.9981746708880802,0.32667855229428266,40,0.023514349344387786,17,100,False,34.809535461012274
H,open_system_grape,combined,static_only,0.08,0.0,0.0,23,0.9966904270408194,0.003309572959180551,0.9986644108513874,0.32667855229428266,40,0.023514349344387786,17,100,False,34.809535461012274
H,open_system_grape,combined,static_only,0.08,0.0,0.0,24,0.9962535463312825,0.0037464536687175087,0.9985826827228601,0.32667855229428266,40,0.023514349344387786,17,100,False,34.809535461012274
H,open_system_grape,combined,static_only,0.08,0.0,0.0,25,0.997388717395936,0.002611282604063958,0.9984900207434656,0.32667855229428266,40,0.023514349344387786,17,100,False,34.809535461012274
H,open_system_grape,combined,static_only,0.08,0.0,0.0,26,0.9966692966630424,0.003330703336957619,0.9981307951388183,0.32667855229428266,40,0.023514349344387786,17,100,False,34.809535461012274
H,open_system_grape,combined,static_only,0.08,0.0,0.0,27,0.9990202004364396,0.000979799563560424,0.9986715068204043,0.32667855229428266,40,0.023514349344387786,17,100,False,34.809535461012274
H,open_system_grape,combined,static_only,0.08,0.0,0.0,28,0.9948427208422771,0.005157279157722905,0.9983968169761469,0.32667855229428266,40,0.023514349344387786,17,100,False,34.809535461012274
H,open_system_grape,combined,static_only,0.08,0.0,0.0,29,0.9945953633859899,0.005404636614010139,0.9983860457414038,0.32667855229428266,40,0.023514349344387786,17,100,False,34.809535461012274
H,open_system_grape,combined,static_only,0.08,0.0,0.0,30,0.995674129094036,0.0043258709059640355,0.9986514103327683,0.32667855229428266,40,0.023514349344387786,17,100,False,34.809535461012274
H,open_system_grape,combined,static_only,0.08,0.0,0.0,31,0.9983385813051738,0.0016614186948261667,0.9985482857764915,0.32667855229428266,40,0.023514349344387786,17,100,False,34.809535461012274
H,open_system_grape,combined,static_only,0.08,0.0,0.0,32,0.9968288059416769,0.0031711940583231124,0.9987359216095376,0.32667855229428266,40,0.023514349344387786,17,100,False,34.809535461012274
H,open_system_grape,combined,static_only,0.08,0.0,0.0,33,0.9985833139682406,0.0014166860317593732,0.998272610802779,0.32667855229428266,40,0.023514349344387786,17,100,False,34.809535461012274
H,open_system_grape,combined,static_only,0.08,0.0,0.0,34,0.9985788575812118,0.0014211424187882127,0.9983009332731071,0.32667855229428266,40,0.023514349344387786,17,100,False,34.809535461012274
H,open_system_grape,combined,static_only,0.08,0.0,0.0,35,0.9980297481359299,0.0019702518640700717,0.9985689746138644,0.32667855229428266,40,0.023514349344387786,17,100,False,34.809535461012274
H,open_system_grape,combined,static_only,0.08,0.0,0.0,36,0.9947254057152369,0.005274594284763068,0.9982786185465655,0.32667855229428266,40,0.023514349344387786,17,100,False,34.809535461012274
H,open_system_grape,combined,static_only,0.08,0.0,0.0,37,0.998448099274587,0.0015519007254130024,0.998392728649789,0.32667855229428266,40,0.023514349344387786,17,100,False,34.809535461012274
H,open_system_grape,combined,static_only,0.08,0.0,0.0,38,0.9978606223113663,0.0021393776886337035,0.9985796619466056,0.32667855229428266,40,0.023514349344387786,17,100,False,34.809535461012274
H,open_system_grape,combined,static_only,0.08,0.0,0.0,39,0.9990308886217837,0.0009691113782163141,0.9987466440646506,0.32667855229428266,40,0.023514349344387786,17,100,False,34.809535461012274
H,open_system_grape,combined,static_only,0.08,0.0,0.0,40,0.9955818037669295,0.004418196233070493,0.9981547113848994,0.32667855229428266,40,0.023514349344387786,17,100,False,34.809535461012274
H,open_system_grape,combined,static_only,0.08,0.0,0.0,41,0.995431271216372,0.004568728783628018,0.9984472512263638,0.32667855229428266,40,0.023514349344387786,17,100,False,34.809535461012274
H,open_system_grape,combined,static_only,0.08,0.0,0.0,42,0.9982554506857988,0.0017445493142012047,0.9981894103123881,0.32667855229428266,40,0.023514349344387786,17,100,False,34.809535461012274
H,open_system_grape,combined,static_only,0.08,0.0,0.0,43,0.9945889830954604,0.005411016904539601,0.998707608823194,0.32667855229428266,40,0.023514349344387786,17,100,False,34.809535461012274
H,open_system_grape,combined,static_only,0.08,0.0,0.0,44,0.9979843491875626,0.002015650812437375,0.9985708658792278,0.32667855229428266,40,0.023514349344387786,17,100,False,34.809535461012274
H,open_system_grape,combined,static_only,0.08,0.0,0.0,45,0.9962169115411224,0.003783088458877648,0.9981293856829161,0.32667855229428266,40,0.023514349344387786,17,100,False,34.809535461012274
H,open_system_grape,combined,static_only,0.08,0.0,0.0,46,0.995921319839558,0.004078680160441994,0.9986992874918332,0.32667855229428266,40,0.023514349344387786,17,100,False,34.809535461012274
H,open_system_grape,combined,static_only,0.08,0.0,0.0,47,0.9965057538473969,0.0034942461526030755,0.9983961858605207,0.32667855229428266,40,0.023514349344387786,17,100,False,34.809535461012274
H,open_system_grape,combined,static_only,0.08,0.0,0.0,48,0.9976104697744995,0.0023895302255004802,0.998745786731603,0.32667855229428266,40,0.023514349344387786,17,100,False,34.809535461012274
H,open_system_grape,combined,static_only,0.08,0.0,0.0,49,0.9978558977748746,0.0021441022251253994,0.9987822957369605,0.32667855229428266,40,0.023514349344387786,17,100,False,34.809535461012274
H,open_system_grape,combined,static_only,0.08,0.0,0.0,50,0.9987282859021568,0.0012717140978432129,0.9983250219444835,0.32667855229428266,40,0.023514349344387786,17,100,False,34.809535461012274
H,open_system_grape,combined,static_only,0.08,0.0,0.0,51,0.995856819485041,0.004143180514958988,0.9981453574868208,0.32667855229428266,40,0.023514349344387786,17,100,False,34.809535461012274
H,open_system_grape,combined,static_only,0.08,0.0,0.0,52,0.9953065377737536,0.004693462226246448,0.9984652280431181,0.32667855229428266,40,0.023514349344387786,17,100,False,34.809535461012274
H,open_system_grape,combined,static_only,0.08,0.0,0.0,53,0.9983866128482003,0.0016133871517997056,0.9982223843734809,0.32667855229428266,40,0.023514349344387786,17,100,False,34.809535461012274
H,open_system_grape,combined,static_only,0.08,0.0,0.0,54,0.9979510841064244,0.002048915893575587,0.998374282031974,0.32667855229428266,40,0.023514349344387786,17,100,False,34.809535461012274
H,open_system_grape,combined,static_only,0.08,0.0,0.0,55,0.9979231641198849,0.002076835880115091,0.9981290885001076,0.32667855229428266,40,0.023514349344387786,17,100,False,34.809535461012274
H,open_system_grape,combined,static_only,0.08,0.0,0.0,56,0.9984479185933368,0.001552081406663186,0.9984906061017707,0.32667855229428266,40,0.023514349344387786,17,100,False,34.809535461012274
H,open_system_grape,combined,static_only,0.08,0.0,0.0,57,0.9991311731225265,0.000868826877473472,0.9985800164446046,0.32667855229428266,40,0.023514349344387786,17,100,False,34.809535461012274
H,open_system_grape,combined,static_only,0.08,0.0,0.0,58,0.9967206247898872,0.0032793752101127893,0.9984024799576718,0.32667855229428266,40,0.023514349344387786,17,100,False,34.809535461012274
H,open_system_grape,combined,static_only,0.08,0.0,0.0,59,0.9986157667349864,0.0013842332650135791,0.9986412827224922,0.32667855229428266,40,0.023514349344387786,17,100,False,34.809535461012274
H,open_system_grape,combined,deph_0.005,0.08,0.005,0.0,10,0.9917471791948479,0.008252820805152106,0.9900743853808729,0.32667855229428266,40,0.023514349344387786,17,100,False,34.809535461012274
H,open_system_grape,combined,deph_0.005,0.08,0.005,0.0,11,0.995900595471638,0.004099404528361994,0.9921427383733243,0.32667855229428266,40,0.023514349344387786,17,100,False,34.809535461012274
H,open_system_grape,combined,deph_0.005,0.08,0.005,0.0,12,0.9957279551677372,0.004272044832262845,0.9919811032883847,0.32667855229428266,40,0.023514349344387786,17,100,False,34.809535461012274
H,open_system_grape,combined,deph_0.005,0.08,0.005,0.0,13,0.9952633515981094,0.004736648401890586,0.9922321264249538,0.32667855229428266,40,0.023514349344387786,17,100,False,34.809535461012274
H,open_system_grape,combined,deph_0.005,0.08,0.005,0.0,14,0.9958878835872887,0.004112116412711253,0.9919317064443666,0.32667855229428266,40,0.023514349344387786,17,100,False,34.809535461012274
H,open_system_grape,combined,deph_0.005,0.08,0.005,0.0,15,0.9923808660066699,0.0076191339933301405,0.9903580058572021,0.32667855229428266,40,0.023514349344387786,17,100,False,34.809535461012274
H,open_system_grape,combined,deph_0.005,0.08,0.005,0.0,16,0.9951575025196162,0.0048424974803837895,0.9916497726348092,0.32667855229428266,40,0.023514349344387786,17,100,False,34.809535461012274
H,open_system_grape,combined,deph_0.005,0.08,0.005,0.0,17,0.9931348180690445,0.006865181930955533,0.9924478380640661,0.32667855229428266,40,0.023514349344387786,17,100,False,34.809535461012274
H,open_system_grape,combined,deph_0.005,0.08,0.005,0.0,18,0.9941592335369909,0.005840766463009128,0.9912849603738345,0.32667855229428266,40,0.023514349344387786,17,100,False,34.809535461012274
H,open_system_grape,combined,deph_0.005,0.08,0.005,0.0,19,0.9946878539717479,0.0053121460282521404,0.9912538711315038,0.32667855229428266,40,0.023514349344387786,17,100,False,34.809535461012274
H,open_system_grape,combined,deph_0.005,0.08,0.005,0.0,20,0.9956408124109992,0.004359187589000779,0.9919658655822228,0.32667855229428266,40,0.023514349344387786,17,100,False,34.809535461012274
H,open_system_grape,combined,deph_0.005,0.08,0.005,0.0,21,0.9913844542766717,0.008615545723328344,0.9912010272592158,0.32667855229428266,40,0.023514349344387786,17,100,False,34.809535461012274
H,open_system_grape,combined,deph_0.005,0.08,0.005,0.0,22,0.9922963586620227,0.007703641337977296,0.990238982898513,0.32667855229428266,40,0.023514349344387786,17,100,False,34.809535461012274
H,open_system_grape,combined,deph_0.005,0.08,0.005,0.0,23,0.9937733438810662,0.006226656118933804,0.9926124483876303,0.32667855229428266,40,0.023514349344387786,17,100,False,34.809535461012274
H,open_system_grape,combined,deph_0.005,0.08,0.005,0.0,24,0.9932780159844927,0.006721984015507276,0.9922960455928689,0.32667855229428266,40,0.023514349344387786,17,100,False,34.809535461012274
H,open_system_grape,combined,deph_0.005,0.08,0.005,0.0,25,0.9943108660551122,0.005689133944887792,0.992126679671979,0.32667855229428266,40,0.023514349344387786,17,100,False,34.809535461012274
H,open_system_grape,combined,deph_0.005,0.08,0.005,0.0,26,0.9932763448968405,0.0067236551031595315,0.9908415217569392,0.32667855229428266,40,0.023514349344387786,17,100,False,34.809535461012274
H,open_system_grape,combined,deph_0.005,0.08,0.005,0.0,27,0.9960969459338409,0.003903054066159095,0.9928778739112495,0.32667855229428266,40,0.023514349344387786,17,100,False,34.809535461012274
H,open_system_grape,combined,deph_0.005,0.08,0.005,0.0,28,0.9910283263702635,0.008971673629736499,0.9897757756930535,0.32667855229428266,40,0.023514349344387786,17,100,False,34.809535461012274
H,open_system_grape,combined,deph_0.005,0.08,0.005,0.0,29,0.9907896750552074,0.00921032494479257,0.9897353841514946,0.32667855229428266,40,0.023514349344387786,17,100,False,34.809535461012274
H,open_system_grape,combined,deph_0.005,0.08,0.005,0.0,30,0.9927081192616451,0.00729188073835485,0.9923008512222679,0.32667855229428266,40,0.023514349344387786,17,100,False,34.809535461012274
H,open_system_grape,combined,deph_0.005,0.08,0.005,0.0,31,0.9949954294763436,0.0050045705236564375,0.9915638637660487,0.32667855229428266,40,0.023514349344387786,17,100,False,34.809535461012274
H,open_system_grape,combined,deph_0.005,0.08,0.005,0.0,32,0.9937855581760263,0.006214441823973682,0.9924004392087582,0.32667855229428266,40,0.023514349344387786,17,100,False,34.809535461012274
H,open_system_grape,combined,deph_0.005,0.08,0.005,0.0,33,0.9957366279053833,0.004263372094616691,0.9925097722103344,0.32667855229428266,40,0.023514349344387786,17,100,False,34.809535461012274
H,open_system_grape,combined,deph_0.005,0.08,0.005,0.0,34,0.995607138328518,0.004392861671482007,0.9922419819411221,0.32667855229428266,40,0.023514349344387786,17,100,False,34.809535461012274
H,open_system_grape,combined,deph_0.005,0.08,0.005,0.0,35,0.9945363794105279,0.00546362058947214,0.9911909841612219,0.32667855229428266,40,0.023514349344387786,17,100,False,34.809535461012274
H,open_system_grape,combined,deph_0.005,0.08,0.005,0.0,36,0.9909841613258227,0.009015838674177323,0.9898213564332445,0.32667855229428266,40,0.023514349344387786,17,100,False,34.809535461012274
H,open_system_grape,combined,deph_0.005,0.08,0.005,0.0,37,0.9953529428691094,0.004647057130890642,0.9921844855436492,0.32667855229428266,40,0.023514349344387786,17,100,False,34.809535461012274
H,open_system_grape,combined,deph_0.005,0.08,0.005,0.0,38,0.9950315120018893,0.004968487998110671,0.992877970384086,0.32667855229428266,40,0.023514349344387786,17,100,False,34.809535461012274
H,open_system_grape,combined,deph_0.005,0.08,0.005,0.0,39,0.9957203906795937,0.004279609320406275,0.9920140871437044,0.32667855229428266,40,0.023514349344387786,17,100,False,34.809535461012274
H,open_system_grape,combined,deph_0.005,0.08,0.005,0.0,40,0.9919922096120283,0.008007790387971725,0.9902077899250524,0.32667855229428266,40,0.023514349344387786,17,100,False,34.809535461012274
H,open_system_grape,combined,deph_0.005,0.08,0.005,0.0,41,0.9916176165872206,0.008382383412779415,0.9899251688534935,0.32667855229428266,40,0.023514349344387786,17,100,False,34.809535461012274
H,open_system_grape,combined,deph_0.005,0.08,0.005,0.0,42,0.995292433233343,0.0047075667666569565,0.9921187926925088,0.32667855229428266,40,0.023514349344387786,17,100,False,34.809535461012274
H,open_system_grape,combined,deph_0.005,0.08,0.005,0.0,43,0.9913208678354837,0.008679132164516323,0.9913606110368013,0.32667855229428266,40,0.023514349344387786,17,100,False,34.809535461012274
H,open_system_grape,combined,deph_0.005,0.08,0.005,0.0,44,0.9951628534018195,0.004837146598180464,0.9928981263332914,0.32667855229428266,40,0.023514349344387786,17,100,False,34.809535461012274
H,open_system_grape,combined,deph_0.005,0.08,0.005,0.0,45,0.9927664606024513,0.007233539397548672,0.9906300373748099,0.32667855229428266,40,0.023514349344387786,17,100,False,34.809535461012274
H,open_system_grape,combined,deph_0.005,0.08,0.005,0.0,46,0.9922351530317223,0.007764846968277728,0.9905776390418921,0.32667855229428266,40,0.023514349344387786,17,100,False,34.809535461012274
H,open_system_grape,combined,deph_0.005,0.08,0.005,0.0,47,0.9929476996278759,0.007052300372124121,0.9906271384482978,0.32667855229428266,40,0.023514349344387786,17,100,False,34.809535461012274
H,open_system_grape,combined,deph_0.005,0.08,0.005,0.0,48,0.9940108873807167,0.0059891126192832544,0.9911211461921003,0.32667855229428266,40,0.023514349344387786,17,100,False,34.809535461012274
H,open_system_grape,combined,deph_0.005,0.08,0.005,0.0,49,0.9945612838481226,0.00543871615187741,0.9919783040674686,0.32667855229428266,40,0.023514349344387786,17,100,False,34.809535461012274
H,open_system_grape,combined,deph_0.005,0.08,0.005,0.0,50,0.9959249633530012,0.00407503664699882,0.9926801380150321,0.32667855229428266,40,0.023514349344387786,17,100,False,34.809535461012274
H,open_system_grape,combined,deph_0.005,0.08,0.005,0.0,51,0.9923450408027579,0.007654959197242128,0.9904406794450369,0.32667855229428266,40,0.023514349344387786,17,100,False,34.809535461012274
H,open_system_grape,combined,deph_0.005,0.08,0.005,0.0,52,0.9914796125121376,0.008520387487862435,0.9898892697956008,0.32667855229428266,40,0.023514349344387786,17,100,False,34.809535461012274
H,open_system_grape,combined,deph_0.005,0.08,0.005,0.0,53,0.9954055893649091,0.0045944106350909175,0.9921251614666308,0.32667855229428266,40,0.023514349344387786,17,100,False,34.809535461012274
H,open_system_grape,combined,deph_0.005,0.08,0.005,0.0,54,0.9946008439741276,0.005399156025872376,0.9913468981923177,0.32667855229428266,40,0.023514349344387786,17,100,False,34.809535461012274
H,open_system_grape,combined,deph_0.005,0.08,0.005,0.0,55,0.9948311793399544,0.005168820660045648,0.9917543817687327,0.32667855229428266,40,0.023514349344387786,17,100,False,34.809535461012274
H,open_system_grape,combined,deph_0.005,0.08,0.005,0.0,56,0.9952285131636692,0.004771486836330774,0.9918137646487,0.32667855229428266,40,0.023514349344387786,17,100,False,34.809535461012274
H,open_system_grape,combined,deph_0.005,0.08,0.005,0.0,57,0.9962269812078182,0.003773018792181837,0.9927399895831346,0.32667855229428266,40,0.023514349344387786,17,100,False,34.809535461012274
H,open_system_grape,combined,deph_0.005,0.08,0.005,0.0,58,0.9931975936008826,0.006802406399117444,0.9907570929015662,0.32667855229428266,40,0.023514349344387786,17,100,False,34.809535461012274
H,open_system_grape,combined,deph_0.005,0.08,0.005,0.0,59,0.9952576395664194,0.004742360433580561,0.991668438476486,0.32667855229428266,40,0.023514349344387786,17,100,False,34.809535461012274
H,open_system_grape,combined,relax_0.002,0.08,0.0,0.002,10,0.9804070490364089,0.01959295096359115,0.9688043501421527,0.32667855229428266,40,0.023514349344387786,17,100,False,34.809535461012274
H,open_system_grape,combined,relax_0.002,0.08,0.0,0.002,11,0.9839860100670206,0.016013989932979422,0.9689508684091448,0.32667855229428266,40,0.023514349344387786,17,100,False,34.809535461012274
H,open_system_grape,combined,relax_0.002,0.08,0.0,0.002,12,0.9839074515030228,0.016092548496977166,0.9690082895208287,0.32667855229428266,40,0.023514349344387786,17,100,False,34.809535461012274
H,open_system_grape,combined,relax_0.002,0.08,0.0,0.002,13,0.9830003939786237,0.01699960602137629,0.968325299232622,0.32667855229428266,40,0.023514349344387786,17,100,False,34.809535461012274
H,open_system_grape,combined,relax_0.002,0.08,0.0,0.002,14,0.9839398464396771,0.016060153560322865,0.9684995484537506,0.32667855229428266,40,0.023514349344387786,17,100,False,34.809535461012274
H,open_system_grape,combined,relax_0.002,0.08,0.0,0.002,15,0.9809548686743979,0.01904513132560215,0.9687538446452617,0.32667855229428266,40,0.023514349344387786,17,100,False,34.809535461012274
H,open_system_grape,combined,relax_0.002,0.08,0.0,0.002,16,0.9833750627532691,0.016624937246730864,0.9689155183432221,0.32667855229428266,40,0.023514349344387786,17,100,False,34.809535461012274
H,open_system_grape,combined,relax_0.002,0.08,0.0,0.002,17,0.9809301893968954,0.019069810603104642,0.9687625488199889,0.32667855229428266,40,0.023514349344387786,17,100,False,34.809535461012274
H,open_system_grape,combined,relax_0.002,0.08,0.0,0.002,18,0.9823104040157001,0.017689595984299866,0.9684610869719416,0.32667855229428266,40,0.023514349344387786,17,100,False,34.809535461012274
H,open_system_grape,combined,relax_0.002,0.08,0.0,0.002,19,0.9831840433680279,0.016815956631972107,0.9691543984799983,0.32667855229428266,40,0.023514349344387786,17,100,False,34.809535461012274
H,open_system_grape,combined,relax_0.002,0.08,0.0,0.002,20,0.9837643007955783,0.016235699204421694,0.9689348747633533,0.32667855229428266,40,0.023514349344387786,17,100,False,34.809535461012274
H,open_system_grape,combined,relax_0.002,0.08,0.0,0.002,21,0.9796624204076297,0.02033757959237026,0.9690824051826661,0.32667855229428266,40,0.023514349344387786,17,100,False,34.809535461012274
H,open_system_grape,combined,relax_0.002,0.08,0.0,0.002,22,0.980898693894992,0.019101306105008042,0.9687477098354638,0.32667855229428266,40,0.023514349344387786,17,100,False,34.809535461012274
H,open_system_grape,combined,relax_0.002,0.08,0.0,0.002,23,0.981545452757596,0.01845454724240403,0.9687779400979988,0.32667855229428266,40,0.023514349344387786,17,100,False,34.809535461012274
H,open_system_grape,combined,relax_0.002,0.08,0.0,0.002,24,0.9811281811981372,0.01887181880186284,0.9687472625052911,0.32667855229428266,40,0.023514349344387786,17,100,False,34.809535461012274
H,open_system_grape,combined,relax_0.002,0.08,0.0,0.002,25,0.9822559752302897,0.017744024769710265,0.9686800002297576,0.32667855229428266,40,0.023514349344387786,17,100,False,34.809535461012274
H,open_system_grape,combined,relax_0.002,0.08,0.0,0.002,26,0.9816099790182131,0.01839002098178688,0.968551901591145,0.32667855229428266,40,0.023514349344387786,17,100,False,34.809535461012274
H,open_system_grape,combined,relax_0.002,0.08,0.0,0.002,27,0.9838172859751956,0.016182714024804423,0.968739794457518,0.32667855229428266,40,0.023514349344387786,17,100,False,34.809535461012274
H,open_system_grape,combined,relax_0.002,0.08,0.0,0.002,28,0.979899779009383,0.020100220990617035,0.9691072178079222,0.32667855229428266,40,0.023514349344387786,17,100,False,34.809535461012274
H,open_system_grape,combined,relax_0.002,0.08,0.0,0.002,29,0.979655783574051,0.02034421642594897,0.9691049457271912,0.32667855229428266,40,0.023514349344387786,17,100,False,34.809535461012274
H,open_system_grape,combined,relax_0.002,0.08,0.0,0.002,30,0.9805607788228334,0.019439221177166566,0.968825757758554,0.32667855229428266,40,0.023514349344387786,17,100,False,34.809535461012274
H,open_system_grape,combined,relax_0.002,0.08,0.0,0.002,31,0.9832254028080127,0.01677459719198726,0.9688786393942896,0.32667855229428266,40,0.023514349344387786,17,100,False,34.809535461012274
H,open_system_grape,combined,relax_0.002,0.08,0.0,0.002,32,0.9817044349069433,0.018295565093056743,0.9689104021086103,0.32667855229428266,40,0.023514349344387786,17,100,False,34.809535461012274
H,open_system_grape,combined,relax_0.002,0.08,0.0,0.002,33,0.9833719635667784,0.016628036433221638,0.9683547959945948,0.32667855229428266,40,0.023514349344387786,17,100,False,34.809535461012274
H,open_system_grape,combined,relax_0.002,0.08,0.0,0.002,34,0.9833914810753881,0.016608518924611904,0.9684462736170522,0.32667855229428266,40,0.023514349344387786,17,100,False,34.809535461012274
H,open_system_grape,combined,relax_0.002,0.08,0.0,0.002,35,0.9829523860739611,0.01704761392603893,0.9689851947362219,0.32667855229428266,40,0.023514349344387786,17,100,False,34.809535461012274
H,open_system_grape,combined,relax_0.002,0.08,0.0,0.002,36,0.9797727847962887,0.02022721520371129,0.968959033323779,0.32667855229428266,40,0.023514349344387786,17,100,False,34.809535461012274
H,open_system_grape,combined,relax_0.002,0.08,0.0,0.002,37,0.9832957360482317,0.016704263951768272,0.9685584819605061,0.32667855229428266,40,0.023514349344387786,17,100,False,34.809535461012274
H,open_system_grape,combined,relax_0.002,0.08,0.0,0.002,38,0.9826693099644808,0.017330690035519236,0.968625811192362,0.32667855229428266,40,0.023514349344387786,17,100,False,34.809535461012274
H,open_system_grape,combined,relax_0.002,0.08,0.0,0.002,39,0.983899038622929,0.016100961377070955,0.9690175272048793,0.32667855229428266,40,0.023514349344387786,17,100,False,34.809535461012274
H,open_system_grape,combined,relax_0.002,0.08,0.0,0.002,40,0.980582847950257,0.019417152049743036,0.9687305007526918,0.32667855229428266,40,0.023514349344387786,17,100,False,34.809535461012274
H,open_system_grape,combined,relax_0.002,0.08,0.0,0.002,41,0.9804749161709884,0.019525083829011636,0.9691306110719804,0.32667855229428266,40,0.023514349344387786,17,100,False,34.809535461012274
H,open_system_grape,combined,relax_0.002,0.08,0.0,0.002,42,0.9830749584575221,0.01692504154247787,0.9683419499797209,0.32667855229428266,40,0.023514349344387786,17,100,False,34.809535461012274
H,open_system_grape,combined,relax_0.002,0.08,0.0,0.002,43,0.9795521798724394,0.020447820127560634,0.9690986112188797,0.32667855229428266,40,0.023514349344387786,17,100,False,34.809535461012274
H,open_system_grape,combined,relax_0.002,0.08,0.0,0.002,44,0.9827882612411931,0.017211738758806883,0.968611797874926,0.32667855229428266,40,0.023514349344387786,17,100,False,34.809535461012274
H,open_system_grape,combined,relax_0.002,0.08,0.0,0.002,45,0.9811787906611338,0.01882120933886622,0.9685981794844754,0.32667855229428266,40,0.023514349344387786,17,100,False,34.809535461012274
H,open_system_grape,combined,relax_0.002,0.08,0.0,0.002,46,0.9809308934732142,0.01906910652678584,0.969279039593732,0.32667855229428266,40,0.023514349344387786,17,100,False,34.809535461012274
H,open_system_grape,combined,relax_0.002,0.08,0.0,0.002,47,0.9814774348473321,0.018522565152667925,0.9689090864291117,0.32667855229428266,40,0.023514349344387786,17,100,False,34.809535461012274
H,open_system_grape,combined,relax_0.002,0.08,0.0,0.002,48,0.9825663335944219,0.017433666405578085,0.969214255812583,0.32667855229428266,40,0.023514349344387786,17,100,False,34.809535461012274
H,open_system_grape,combined,relax_0.002,0.08,0.0,0.002,49,0.9827529346870002,0.0172470653129998,0.9690643960407193,0.32667855229428266,40,0.023514349344387786,17,100,False,34.809535461012274
H,open_system_grape,combined,relax_0.002,0.08,0.0,0.002,50,0.9835049113114177,0.016495088688582293,0.9683794692734207,0.32667855229428266,40,0.023514349344387786,17,100,False,34.809535461012274
H,open_system_grape,combined,relax_0.002,0.08,0.0,0.002,51,0.9808382722295116,0.019161727770488413,0.968659738674792,0.32667855229428266,40,0.023514349344387786,17,100,False,34.809535461012274
H,open_system_grape,combined,relax_0.002,0.08,0.0,0.002,52,0.9803551507719181,0.01964484922808185,0.9691607788327693,0.32667855229428266,40,0.023514349344387786,17,100,False,34.809535461012274
H,open_system_grape,combined,relax_0.002,0.08,0.0,0.002,53,0.9832062878856376,0.016793712114362425,0.9683797045242621,0.32667855229428266,40,0.023514349344387786,17,100,False,34.809535461012274
H,open_system_grape,combined,relax_0.002,0.08,0.0,0.002,54,0.9828506849038764,0.017149315096123607,0.968722324632519,0.32667855229428266,40,0.023514349344387786,17,100,False,34.809535461012274
H,open_system_grape,combined,relax_0.002,0.08,0.0,0.002,55,0.9827779237228278,0.017222076277172205,0.968351084280773,0.32667855229428266,40,0.023514349344387786,17,100,False,34.809535461012274
H,open_system_grape,combined,relax_0.002,0.08,0.0,0.002,56,0.9833090181690585,0.01669098183094153,0.9687569302815324,0.32667855229428266,40,0.023514349344387786,17,100,False,34.809535461012274
H,open_system_grape,combined,relax_0.002,0.08,0.0,0.002,57,0.9839162483505586,0.016083751649441425,0.9686640909831328,0.32667855229428266,40,0.023514349344387786,17,100,False,34.809535461012274
H,open_system_grape,combined,relax_0.002,0.08,0.0,0.002,58,0.9816812388284751,0.018318761171524867,0.9688867455669964,0.32667855229428266,40,0.023514349344387786,17,100,False,34.809535461012274
H,open_system_grape,combined,relax_0.002,0.08,0.0,0.002,59,0.9834989661254393,0.0165010338745607,0.9689663134852682,0.32667855229428266,40,0.023514349344387786,17,100,False,34.809535461012274
H,open_system_grape,combined,combined,0.08,0.005,0.002,10,0.9768619258684764,0.02313807413152358,0.9611090437707276,0.32667855229428266,40,0.023514349344387786,17,100,False,34.809535461012274
H,open_system_grape,combined,combined,0.08,0.005,0.002,11,0.9808340925540132,0.019165907445986785,0.9627318695571847,0.32667855229428266,40,0.023514349344387786,17,100,False,34.809535461012274
H,open_system_grape,combined,combined,0.08,0.005,0.002,12,0.9806800611240913,0.01931993887590866,0.9626153330049456,0.32667855229428266,40,0.023514349344387786,17,100,False,34.809535461012274
H,open_system_grape,combined,combined,0.08,0.005,0.002,13,0.9801604707148925,0.01983952928510746,0.9626996314882355,0.32667855229428266,40,0.023514349344387786,17,100,False,34.809535461012274
H,open_system_grape,combined,combined,0.08,0.005,0.002,14,0.9808277006102288,0.019172299389771164,0.9625007683575704,0.32667855229428266,40,0.023514349344387786,17,100,False,34.809535461012274
H,open_system_grape,combined,combined,0.08,0.005,0.002,15,0.9774697677230436,0.022530232276956386,0.9613099630079306,0.32667855229428266,40,0.023514349344387786,17,100,False,34.809535461012274
H,open_system_grape,combined,combined,0.08,0.005,0.002,16,0.9801267610701418,0.01987323892985815,0.962339625652241,0.32667855229428266,40,0.023514349344387786,17,100,False,34.809535461012274
H,open_system_grape,combined,combined,0.08,0.005,0.002,17,0.9780836800739267,0.021916319926073347,0.9629257046715124,0.32667855229428266,40,0.023514349344387786,17,100,False,34.809535461012274
H,open_system_grape,combined,combined,0.08,0.005,0.002,18,0.9791459247651229,0.020854075234877145,0.9619825849293737,0.32667855229428266,40,0.023514349344387786,17,100,False,34.809535461012274
H,open_system_grape,combined,combined,0.08,0.005,0.002,19,0.9797107525362755,0.020289247463724513,0.9620733807647123,0.32667855229428266,40,0.023514349344387786,17,100,False,34.809535461012274
H,open_system_grape,combined,combined,0.08,0.005,0.002,20,0.9805850702432869,0.019414929756713106,0.9625905807093449,0.32667855229428266,40,0.023514349344387786,17,100,False,34.809535461012274
H,open_system_grape,combined,combined,0.08,0.005,0.002,21,0.976439387633544,0.023560612366456013,0.9620057353710156,0.32667855229428266,40,0.023514349344387786,17,100,False,34.809535461012274
H,open_system_grape,combined,combined,0.08,0.005,0.002,22,0.9773918778090862,0.022608122190913793,0.9612286139700608,0.32667855229428266,40,0.023514349344387786,17,100,False,34.809535461012274
H,open_system_grape,combined,combined,0.08,0.005,0.002,23,0.978705416742512,0.02129458325748801,0.9630580986240408,0.32667855229428266,40,0.023514349344387786,17,100,False,34.809535461012274
H,open_system_grape,combined,combined,0.08,0.005,0.002,24,0.9782327000812625,0.021767299918737493,0.9628065180357503,0.32667855229428266,40,0.023514349344387786,17,100,False,34.809535461012274
H,open_system_grape,combined,combined,0.08,0.005,0.002,25,0.9792611774755303,0.02073882252446968,0.9626698488527201,0.32667855229428266,40,0.023514349344387786,17,100,False,34.809535461012274
H,open_system_grape,combined,combined,0.08,0.005,0.002,26,0.978310441628267,0.02168955837173303,0.96165297930326,0.32667855229428266,40,0.023514349344387786,17,100,False,34.809535461012274
H,open_system_grape,combined,combined,0.08,0.005,0.002,27,0.9809710684536609,0.019028931546339112,0.9632687631011986,0.32667855229428266,40,0.023514349344387786,17,100,False,34.809535461012274
H,open_system_grape,combined,combined,0.08,0.005,0.002,28,0.9761864854823188,0.02381351451768121,0.9609213029860548,0.32667855229428266,40,0.023514349344387786,17,100,False,34.809535461012274
H,open_system_grape,combined,combined,0.08,0.005,0.002,29,0.9759514550009913,0.02404854499900866,0.9608908814032251,0.32667855229428266,40,0.023514349344387786,17,100,False,34.809535461012274
H,open_system_grape,combined,combined,0.08,0.005,0.002,30,0.9776738784513048,0.022326121548695177,0.9628201937377707,0.32667855229428266,40,0.023514349344387786,17,100,False,34.809535461012274
H,open_system_grape,combined,combined,0.08,0.005,0.002,31,0.9799704870865085,0.02002951291349153,0.962266071488876,0.32667855229428266,40,0.023514349344387786,17,100,False,34.809535461012274
H,open_system_grape,combined,combined,0.08,0.005,0.002,32,0.9787398908264571,0.02126010917354293,0.9629155669647989,0.32667855229428266,40,0.023514349344387786,17,100,False,34.809535461012274
H,open_system_grape,combined,combined,0.08,0.005,0.002,33,0.980605588449003,0.01939441155099697,0.9629211258656063,0.32667855229428266,40,0.023514349344387786,17,100,False,34.809535461012274
H,open_system_grape,combined,combined,0.08,0.005,0.002,34,0.9805022175779183,0.019497782422081666,0.9627271409859612,0.32667855229428266,40,0.023514349344387786,17,100,False,34.809535461012274
H,open_system_grape,combined,combined,0.08,0.005,0.002,35,0.97955009709938,0.020449902900619987,0.9619932605398918,0.32667855229428266,40,0.023514349344387786,17,100,False,34.809535461012274
H,open_system_grape,combined,combined,0.08,0.005,0.002,36,0.9761324984900457,0.023867501509954314,0.9609335039808902,0.32667855229428266,40,0.023514349344387786,17,100,False,34.809535461012274
H,open_system_grape,combined,combined,0.08,0.005,0.002,37,0.9802844957302417,0.01971550426975832,0.9627010961839337,0.32667855229428266,40,0.023514349344387786,17,100,False,34.809535461012274
H,open_system_grape,combined,combined,0.08,0.005,0.002,38,0.9799162365402262,0.020083763459773807,0.9632449133005029,0.32667855229428266,40,0.023514349344387786,17,100,False,34.809535461012274
H,open_system_grape,combined,combined,0.08,0.005,0.002,39,0.9806729376146832,0.019327062385316784,0.9626425322752739,0.32667855229428266,40,0.023514349344387786,17,100,False,34.809535461012274
H,open_system_grape,combined,combined,0.08,0.005,0.002,40,0.977092192556142,0.022907807443858008,0.9612004633102462,0.32667855229428266,40,0.023514349344387786,17,100,False,34.809535461012274
H,open_system_grape,combined,combined,0.08,0.005,0.002,41,0.9767613380160942,0.023238661983905784,0.9610388936823955,0.32667855229428266,40,0.023514349344387786,17,100,False,34.809535461012274
H,open_system_grape,combined,combined,0.08,0.005,0.002,42,0.9801954024057554,0.019804597594244577,0.9626139515860797,0.32667855229428266,40,0.023514349344387786,17,100,False,34.809535461012274
H,open_system_grape,combined,combined,0.08,0.005,0.002,43,0.9763702164545631,0.023629783545436878,0.9621317642403788,0.32667855229428266,40,0.023514349344387786,17,100,False,34.809535461012274
H,open_system_grape,combined,combined,0.08,0.005,0.002,44,0.9800427653722266,0.019957234627773435,0.9632589301892494,0.32667855229428266,40,0.023514349344387786,17,100,False,34.809535461012274
H,open_system_grape,combined,combined,0.08,0.005,0.002,45,0.9778234168028923,0.02217658319710769,0.9614974812946515,0.32667855229428266,40,0.023514349344387786,17,100,False,34.809535461012274
H,open_system_grape,combined,combined,0.08,0.005,0.002,46,0.9773387379336365,0.02266126206636354,0.9615667859160749,0.32667855229428266,40,0.023514349344387786,17,100,False,34.809535461012274
H,open_system_grape,combined,combined,0.08,0.005,0.002,47,0.97801484210017,0.02198515789983002,0.961546067034971,0.32667855229428266,40,0.023514349344387786,17,100,False,34.809535461012274
H,open_system_grape,combined,combined,0.08,0.005,0.002,48,0.9790573226082591,0.020942677391740938,0.9619798390136665,0.32667855229428266,40,0.023514349344387786,17,100,False,34.809535461012274
H,open_system_grape,combined,combined,0.08,0.005,0.002,49,0.9795414516708135,0.020458548329186477,0.9626181678212798,0.32667855229428266,40,0.023514349344387786,17,100,False,34.809535461012274
H,open_system_grape,combined,combined,0.08,0.005,0.002,50,0.9807805349235927,0.01921946507640726,0.9630582217333246,0.32667855229428266,40,0.023514349344387786,17,100,False,34.809535461012274
H,open_system_grape,combined,combined,0.08,0.005,0.002,51,0.9774229928233232,0.022577007176676767,0.9613612238893425,0.32667855229428266,40,0.023514349344387786,17,100,False,34.809535461012274
H,open_system_grape,combined,combined,0.08,0.005,0.002,52,0.9766284928748232,0.02337150712517677,0.9610168037999464,0.32667855229428266,40,0.023514349344387786,17,100,False,34.809535461012274
H,open_system_grape,combined,combined,0.08,0.005,0.002,53,0.980308596080069,0.01969140391993096,0.9626250570814177,0.32667855229428266,40,0.023514349344387786,17,100,False,34.809535461012274
H,open_system_grape,combined,combined,0.08,0.005,0.002,54,0.9795900749074555,0.020409925092544468,0.9620708092182677,0.32667855229428266,40,0.023514349344387786,17,100,False,34.809535461012274
H,open_system_grape,combined,combined,0.08,0.005,0.002,55,0.9797733043422632,0.020226695657736826,0.9623355396585083,0.32667855229428266,40,0.023514349344387786,17,100,False,34.809535461012274
H,open_system_grape,combined,combined,0.08,0.005,0.002,56,0.9801758245838872,0.01982417541611281,0.9624412744319604,0.32667855229428266,40,0.023514349344387786,17,100,False,34.809535461012274
H,open_system_grape,combined,combined,0.08,0.005,0.002,57,0.9810910780250255,0.018908921974974513,0.9631519375101627,0.32667855229428266,40,0.023514349344387786,17,100,False,34.809535461012274
H,open_system_grape,combined,combined,0.08,0.005,0.002,58,0.9782527381579076,0.021747261842092414,0.9616429762606632,0.32667855229428266,40,0.023514349344387786,17,100,False,34.809535461012274
H,open_system_grape,combined,combined,0.08,0.005,0.002,59,0.9802283361502657,0.019771663849734278,0.9623631735452745,0.32667855229428266,40,0.023514349344387786,17,100,False,34.809535461012274
