task,pulse_type,training_strength,eval_strength,seed,final_fidelity,final_infidelity,pulse_energy,training_objective
Z,polished_open_loop,0.08,0.05,10,0.9999819515246503,1.804847534969678e-05,0.19052792956931994,2.504765485985131e-05
Z,polished_open_loop,0.08,0.05,11,0.9999982863066978,1.7136933021522083e-06,0.19052792956931994,2.504765485985131e-05
Z,polished_open_loop,0.08,0.05,12,0.99999875963411,1.2403658899984293e-06,0.19052792956931994,2.504765485985131e-05
Z,polished_open_loop,0.08,0.05,13,0.9999976370182933,2.362981706749423e-06,0.19052792956931994,2.504765485985131e-05
Z,polished_open_loop,0.08,0.05,14,0.9999952871099835,4.712890016467242e-06,0.19052792956931994,2.504765485985131e-05
Z,polished_open_loop,0.08,0.05,15,0.9999862651249127,1.3734875087267895e-05,0.19052792956931994,2.504765485985131e-05
Z,polished_open_loop,0.08,0.05,16,0.9999910559846705,8.944015329470645e-06,0.19052792956931994,2.504765485985131e-05
Z,polished_open_loop,0.08,0.05,17,0.999951897068106,4.810293189394521e-05,0.19052792956931994,2.504765485985131e-05
Z,polished_open_loop,0.08,0.05,18,0.9999931566371223,6.8433628777064825e-06,0.19052792956931994,2.504765485985131e-05
Z,polished_open_loop,0.08,0.05,19,0.999997820900184,2.179099816035368e-06,0.19052792956931994,2.504765485985131e-05
Z,polished_open_loop,0.08,0.05,20,0.9999953999556327,4.600044367308875e-06,0.19052792956931994,2.504765485985131e-05
Z,polished_open_loop,0.08,0.05,21,0.9999931379487267,6.862051273315295e-06,0.19052792956931994,2.504765485985131e-05
Z,polished_open_loop,0.08,0.05,22,0.9999839139386466,1.6086061353393077e-05,0.19052792956931994,2.504765485985131e-05
Z,polished_open_loop,0.08,0.05,23,0.9999658904361806,3.410956381943997e-05,0.19052792956931994,2.504765485985131e-05
Z,polished_open_loop,0.08,0.05,24,0.9999594865245138,4.0513475486170236e-05,0.19052792956931994,2.504765485985131e-05
Z,polished_open_loop,0.08,0.05,25,0.9999822797302541,1.7720269745891137e-05,0.19052792956931994,2.504765485985131e-05
Z,polished_open_loop,0.08,0.05,26,0.9999919596502551,8.040349744886655e-06,0.19052792956931994,2.504765485985131e-05
Z,polished_open_loop,0.08,0.05,27,0.9999980693075241,1.930692475893281e-06,0.19052792956931994,2.504765485985131e-05
Z,polished_open_loop,0.08,0.05,28,0.9999831736041241,1.6826395875857436e-05,0.19052792956931994,2.504765485985131e-05
Z,polished_open_loop,0.08,0.05,29,0.999981077727587,1.8922272412957852e-05,0.19052792956931994,2.504765485985131e-05
Z,polished_open_loop,0.08,0.05,30,0.9999546344590282,4.53655409717868e-05,0.19052792956931994,2.504765485985131e-05
Z,polished_open_loop,0.08,0.05,31,0.9999893159735258,1.0684026474194752e-05,0.19052792956931994,2.504765485985131e-05
Z,polished_open_loop,0.08,0.05,32,0.9999767332416547,2.3266758345297234e-05,0.19052792956931994,2.504765485985131e-05
Z,polished_open_loop,0.08,0.05,33,0.9999991154771696,8.845228304243946e-07,0.19052792956931994,2.504765485985131e-05
Z,polished_open_loop,0.08,0.05,34,0.9999959976561388,4.0023438612202256e-06,0.19052792956931994,2.504765485985131e-05
Z,polished_open_loop,0.08,0.05,35,0.9999882374866669,1.1762513333124502e-05,0.19052792956931994,2.504765485985131e-05
Z,polished_open_loop,0.08,0.05,36,0.9999815561435615,1.844385643845481e-05,0.19052792956931994,2.504765485985131e-05
Z,polished_open_loop,0.08,0.05,37,0.999984610798069,1.5389201931004237e-05,0.19052792956931994,2.504765485985131e-05
Z,polished_open_loop,0.08,0.05,38,0.9999823367280487,1.766327195129591e-05,0.19052792956931994,2.504765485985131e-05
Z,polished_open_loop,0.08,0.05,39,0.9999995323463859,4.67653614055763e-07,0.19052792956931994,2.504765485985131e-05
Z,polished_open_loop,0.08,0.05,40,0.9999865645688495,1.3435431150510269e-05,0.19052792956931994,2.504765485985131e-05
Z,polished_open_loop,0.08,0.05,41,0.9999855574057726,1.4442594227448424e-05,0.19052792956931994,2.504765485985131e-05
Z,polished_open_loop,0.08,0.05,42,0.9999982015381702,1.7984618297939292e-06,0.19052792956931994,2.504765485985131e-05
Z,polished_open_loop,0.08,0.05,43,0.9999855174055665,1.4482594433484763e-05,0.19052792956931994,2.504765485985131e-05
Z,polished_open_loop,0.08,0.05,44,0.9999845121190977,1.5487880902331774e-05,0.19052792956931994,2.504765485985131e-05
Z,polished_open_loop,0.08,0.05,45,0.9999920077887984,7.992211201623967e-06,0.19052792956931994,2.504765485985131e-05
Z,polished_open_loop,0.08,0.05,46,0.9999983644715708,1.635528429244637e-06,0.19052792956931994,2.504765485985131e-05
Z,polished_open_loop,0.08,0.05,47,0.9999849825384177,1.5017461582278457e-05,0.19052792956931994,2.504765485985131e-05
Z,polished_open_loop,0.08,0.05,48,0.9999996617974896,3.3820251044147653e-07,0.19052792956931994,2.504765485985131e-05
Z,polished_open_loop,0.08,0.05,49,0.9999950030517425,4.996948257507405e-06,0.19052792956931994,2.504765485985131e-05
Z,polished_open_loop,0.08,0.05,50,0.9999994469442971,5.530557029009842e-07,0.19052792956931994,2.504765485985131e-05
Z,polished_open_loop,0.08,0.05,51,0.9999905302803938,9.46971960624765e-06,0.19052792956931994,2.504765485985131e-05
Z,polished_open_loop,0.08,0.05,52,0.9999863173733413,1.368262665868425e-05,0.19052792956931994,2.504765485985131e-05
Z,polished_open_loop,0.08,0.05,53,0.9999966601998416,3.339800158430606e-06,0.19052792956931994,2.504765485985131e-05
Z,polished_open_loop,0.08,0.05,54,0.9999863129494182,1.3687050581800975e-05,0.19052792956931994,2.504765485985131e-05
Z,polished_open_loop,0.08,0.05,55,0.9999976291713254,2.3708286746026985e-06,0.19052792956931994,2.504765485985131e-05
Z,polished_open_loop,0.08,0.05,56,0.9999905410962472,9.458903752812553e-06,0.19052792956931994,2.504765485985131e-05
Z,polished_open_loop,0.08,0.05,57,0.9999985902386516,1.4097613484365112e-06,0.19052792956931994,2.504765485985131e-05
Z,polished_open_loop,0.08,0.05,58,0.9999874577834323,1.2542216567656972e-05,0.19052792956931994,2.504765485985131e-05
Z,polished_open_loop,0.08,0.05,59,0.9999928547217891,7.145278210884953e-06,0.19052792956931994,2.504765485985131e-05
Z,polished_open_loop,0.08,0.08,10,0.99991038561548,8.961438452004256e-05,0.19052792956931994,2.504765485985131e-05
Z,polished_open_loop,0.08,0.08,11,0.999994766613586,5.233386414005281e-06,0.19052792956931994,2.504765485985131e-05
Z,polished_open_loop,0.08,0.08,12,0.9999939765622556,6.023437744362425e-06,0.19052792956931994,2.504765485985131e-05
Z,polished_open_loop,0.08,0.08,13,0.999993333322363,6.666677637046092e-06,0.19052792956931994,2.504765485985131e-05
Z,polished_open_loop,0.08,0.08,14,0.9999943347616698,5.665238330232469e-06,0.19052792956931994,2.504765485985131e-05
Z,polished_open_loop,0.08,0.08,15,0.9999584083165203,4.159168347972475e-05,0.19052792956931994,2.504765485985131e-05
Z,polished_open_loop,0.08,0.08,16,0.9999848921181902,1.5107881809806045e-05,0.19052792956931994,2.504765485985131e-05
Z,polished_open_loop,0.08,0.08,17,0.999880440965891,0.00011955903410898472,0.19052792956931994,2.504765485985131e-05
Z,polished_open_loop,0.08,0.08,18,0.9999766300474944,2.3369952505625236e-05,0.19052792956931994,2.504765485985131e-05
Z,polished_open_loop,0.08,0.08,19,0.9999883424070967,1.165759290333579e-05,0.19052792956931994,2.504765485985131e-05
Z,polished_open_loop,0.08,0.08,20,0.9999914037078657,8.596292134344097e-06,0.19052792956931994,2.504765485985131e-05
Z,polished_open_loop,0.08,0.08,21,0.9999991867971628,8.132028371798938e-07,0.19052792956931994,2.504765485985131e-05
Z,polished_open_loop,0.08,0.08,22,0.9999064568738654,9.3543126134632e-05,0.19052792956931994,2.504765485985131e-05
Z,polished_open_loop,0.08,0.08,23,0.9999278917565018,7.210824349823675e-05,0.19052792956931994,2.504765485985131e-05
Z,polished_open_loop,0.08,0.08,24,0.9999157940989312,8.420590106883452e-05,0.19052792956931994,2.504765485985131e-05
Z,polished_open_loop,0.08,0.08,25,0.9999848392307457,1.5160769254340956e-05,0.19052792956931994,2.504765485985131e-05
Z,polished_open_loop,0.08,0.08,26,0.9999713473961211,2.865260387885371e-05,0.19052792956931994,2.504765485985131e-05
Z,polished_open_loop,0.08,0.08,27,0.9999985072306884,1.4927693116062457e-06,0.19052792956931994,2.504765485985131e-05
Z,polished_open_loop,0.08,0.08,28,0.9999473674393184,5.263256068155364e-05,0.19052792956931994,2.504765485985131e-05
Z,polished_open_loop,0.08,0.08,29,0.9999273747118902,7.262528810980662e-05,0.19052792956931994,2.504765485985131e-05
Z,polished_open_loop,0.08,0.08,30,0.9998909211426052,0.00010907885739475098,0.19052792956931994,2.504765485985131e-05
Z,polished_open_loop,0.08,0.08,31,0.9999831256919143,1.6874308085723655e-05,0.19052792956931994,2.504765485985131e-05
Z,polished_open_loop,0.08,0.08,32,0.9999573748924054,4.262510759456273e-05,0.19052792956931994,2.504765485985131e-05
Z,polished_open_loop,0.08,0.08,33,0.9999969158111339,3.0841888660759764e-06,0.19052792956931994,2.504765485985131e-05
Z,polished_open_loop,0.08,0.08,34,0.9999996406838848,3.593161151949076e-07,0.19052792956931994,2.504765485985131e-05
Z,polished_open_loop,0.08,0.08,35,0.9999717147557166,2.828524428344359e-05,0.19052792956931994,2.504765485985131e-05
Z,polished_open_loop,0.08,0.08,36,0.9999385917953251,6.140820467492869e-05,0.19052792956931994,2.504765485985131e-05
Z,polished_open_loop,0.08,0.08,37,0.9999869776320734,1.3022367926551759e-05,0.19052792956931994,2.504765485985131e-05
Z,polished_open_loop,0.08,0.08,38,0.9999746347711548,2.5365228845219967e-05,0.19052792956931994,2.504765485985131e-05
Z,polished_open_loop,0.08,0.08,39,0.9999958608521031,4.139147896875528e-06,0.19052792956931994,2.504765485985131e-05
Z,polished_open_loop,0.08,0.08,40,0.9999377736922141,6.222630778585092e-05,0.19052792956931994,2.504765485985131e-05
Z,polished_open_loop,0.08,0.08,41,0.999958995232478,4.100476752200155e-05,0.19052792956931994,2.504765485985131e-05
Z,polished_open_loop,0.08,0.08,42,0.9999915395625801,8.460437419866018e-06,0.19052792956931994,2.504765485985131e-05
Z,polished_open_loop,0.08,0.08,43,0.999985356379637,1.4643620362964072e-05,0.19052792956931994,2.504765485985131e-05
Z,polished_open_loop,0.08,0.08,44,0.9999793398622184,2.066013778156961e-05,0.19052792956931994,2.504765485985131e-05
Z,polished_open_loop,0.08,0.08,45,0.9999721225624914,2.7877437508649905e-05,0.19052792956931994,2.504765485985131e-05
Z,polished_open_loop,0.08,0.08,46,0.9999986719777796,1.3280222204148373e-06,0.19052792956931994,2.504765485985131e-05
Z,polished_open_loop,0.08,0.08,47,0.9997591275845916,0.00024087241540837745,0.19052792956931994,2.504765485985131e-05
Z,polished_open_loop,0.08,0.08,48,0.9999979378794293,2.062120570744952e-06,0.19052792956931994,2.504765485985131e-05
Z,polished_open_loop,0.08,0.08,49,0.9999962193866436,3.7806133563744737e-06,0.19052792956931994,2.504765485985131e-05
Z,polished_open_loop,0.08,0.08,50,0.9999988046554288,1.1953445712142852e-06,0.19052792956931994,2.504765485985131e-05
Z,polished_open_loop,0.08,0.08,51,0.999969051490404,3.0948509595951634e-05,0.19052792956931994,2.504765485985131e-05
Z,polished_open_loop,0.08,0.08,52,0.9999605206189212,3.947938107884408e-05,0.19052792956931994,2.504765485985131e-05
Z,polished_open_loop,0.08,0.08,53,0.9999951422524705,4.857747529452006e-06,0.19052792956931994,2.504765485985131e-05
Z,polished_open_loop,0.08,0.08,54,0.9999786870295838,2.1312970416187405e-05,0.19052792956931994,2.504765485985131e-05
Z,polished_open_loop,0.08,0.08,55,0.9999950860329996,4.913967000419461e-06,0.19052792956931994,2.504765485985131e-05
Z,polished_open_loop,0.08,0.08,56,0.999991146246129,8.853753871052028e-06,0.19052792956931994,2.504765485985131e-05
Z,polished_open_loop,0.08,0.08,57,0.9999940933446505,5.906655349496859e-06,0.19052792956931994,2.504765485985131e-05
Z,polished_open_loop,0.08,0.08,58,0.9997612913601348,0.00023870863986519275,0.19052792956931994,2.504765485985131e-05
Z,polished_open_loop,0.08,0.08,59,0.9999851678199164,1.4832180083579338e-05,0.19052792956931994,2.504765485985131e-05
H,polished_open_loop,0.08,0.05,10,0.9999807374890537,1.9262510946305156e-05,0.43935843152488097,5.1291345236599055e-05
H,polished_open_loop,0.08,0.05,11,0.999996707055953,3.2929440469953164e-06,0.43935843152488097,5.1291345236599055e-05
H,polished_open_loop,0.08,0.05,12,0.9999967165243935,3.283475606519204e-06,0.43935843152488097,5.1291345236599055e-05
H,polished_open_loop,0.08,0.05,13,0.9999966008001296,3.3991998703575277e-06,0.43935843152488097,5.1291345236599055e-05
H,polished_open_loop,0.08,0.05,14,0.9999991985464624,8.014535376466014e-07,0.43935843152488097,5.1291345236599055e-05
H,polished_open_loop,0.08,0.05,15,0.9999959361330244,4.063866975601016e-06,0.43935843152488097,5.1291345236599055e-05
H,polished_open_loop,0.08,0.05,16,0.9999917159561652,8.284043834794197e-06,0.43935843152488097,5.1291345236599055e-05
H,polished_open_loop,0.08,0.05,17,0.9999912665780951,8.73342190488291e-06,0.43935843152488097,5.1291345236599055e-05
H,polished_open_loop,0.08,0.05,18,0.999997401251231,2.5987487689560496e-06,0.43935843152488097,5.1291345236599055e-05
H,polished_open_loop,0.08,0.05,19,0.999994586751262,5.413248738039833e-06,0.43935843152488097,5.1291345236599055e-05
H,polished_open_loop,0.08,0.05,20,0.9999945073878005,5.492612199509139e-06,0.43935843152488097,5.1291345236599055e-05
H,polished_open_loop,0.08,0.05,21,0.9999868356229389,1.3164377061114507e-05,0.43935843152488097,5.1291345236599055e-05
H,polished_open_loop,0.08,0.05,22,0.9999813001771072,1.869982289282035e-05,0.43935843152488097,5.1291345236599055e-05
H,polished_open_loop,0.08,0.05,23,0.9999923675714424,7.63242855761348e-06,0.43935843152488097,5.1291345236599055e-05
H,polished_open_loop,0.08,0.05,24,0.9999947390328557,5.260967144260498e-06,0.43935843152488097,5.1291345236599055e-05
H,polished_open_loop,0.08,0.05,25,0.9999993837278567,6.162721433167206e-07,0.43935843152488097,5.1291345236599055e-05
H,polished_open_loop,0.08,0.05,26,0.999996250550008,3.749449992040965e-06,0.43935843152488097,5.1291345236599055e-05
H,polished_open_loop,0.08,0.05,27,0.999999187978791,8.120212090512169e-07,0.43935843152488097,5.1291345236599055e-05
H,polished_open_loop,0.08,0.05,28,0.9999905860907456,9.413909254352149e-06,0.43935843152488097,5.1291345236599055e-05
H,polished_open_loop,0.08,0.05,29,0.9999857327506373,1.42672493627094e-05,0.43935843152488097,5.1291345236599055e-05
H,polished_open_loop,0.08,0.05,30,0.9999900728339327,9.927166067291715e-06,0.43935843152488097,5.1291345236599055e-05
H,polished_open_loop,0.08,0.05,31,0.9999911696969361,8.830303063867007e-06,0.43935843152488097,5.1291345236599055e-05
H,polished_open_loop,0.08,0.05,32,0.9999918175329991,8.182467000850124e-06,0.43935843152488097,5.1291345236599055e-05
H,polished_open_loop,0.08,0.05,33,0.999997500118552,2.499881447959318e-06,0.43935843152488097,5.1291345236599055e-05
H,polished_open_loop,0.08,0.05,34,0.9999968985021305,3.1014978695287354e-06,0.43935843152488097,5.1291345236599055e-05
H,polished_open_loop,0.08,0.05,35,0.9999901778945717,9.8221054283254e-06,0.43935843152488097,5.1291345236599055e-05
H,polished_open_loop,0.08,0.05,36,0.9999878710978918,1.2128902108221595e-05,0.43935843152488097,5.1291345236599055e-05
H,polished_open_loop,0.08,0.05,37,0.9999998210613019,1.7893869808105478e-07,0.43935843152488097,5.1291345236599055e-05
H,polished_open_loop,0.08,0.05,38,0.9999967928389405,3.2071610595041378e-06,0.43935843152488097,5.1291345236599055e-05
H,polished_open_loop,0.08,0.05,39,0.9999973508641761,2.6491358239288942e-06,0.43935843152488097,5.1291345236599055e-05
H,polished_open_loop,0.08,0.05,40,0.9999815549966751,1.8445003324929488e-05,0.43935843152488097,5.1291345236599055e-05
H,polished_open_loop,0.08,0.05,41,0.9999937122329687,6.287767031265545e-06,0.43935843152488097,5.1291345236599055e-05
H,polished_open_loop,0.08,0.05,42,0.9999975020669867,2.497933013323461e-06,0.43935843152488097,5.1291345236599055e-05
H,polished_open_loop,0.08,0.05,43,0.9999834898593852,1.6510140614767188e-05,0.43935843152488097,5.1291345236599055e-05
H,polished_open_loop,0.08,0.05,44,0.9999971396951283,2.8603048717323887e-06,0.43935843152488097,5.1291345236599055e-05
H,polished_open_loop,0.08,0.05,45,0.999994329653803,5.670346197028664e-06,0.43935843152488097,5.1291345236599055e-05
H,polished_open_loop,0.08,0.05,46,0.9999878308827921,1.2169117207916358e-05,0.43935843152488097,5.1291345236599055e-05
H,polished_open_loop,0.08,0.05,47,0.9999903466859822,9.65331401781011e-06,0.43935843152488097,5.1291345236599055e-05
H,polished_open_loop,0.08,0.05,48,0.9999941048566946,5.895143305401085e-06,0.43935843152488097,5.1291345236599055e-05
H,polished_open_loop,0.08,0.05,49,0.9999948498186917,5.150181308311019e-06,0.43935843152488097,5.1291345236599055e-05
H,polished_open_loop,0.08,0.05,50,0.9999976031079573,2.3968920427330787e-06,0.43935843152488097,5.1291345236599055e-05
H,polished_open_loop,0.08,0.05,51,0.9999930104605104,6.989539489632435e-06,0.43935843152488097,5.1291345236599055e-05
H,polished_open_loop,0.08,0.05,52,0.9999927756150958,7.224384904191972e-06,0.43935843152488097,5.1291345236599055e-05
H,polished_open_loop,0.08,0.05,53,0.9999973595673547,2.6404326453066673e-06,0.43935843152488097,5.1291345236599055e-05
H,polished_open_loop,0.08,0.05,54,0.9999928287054645,7.171294535535111e-06,0.43935843152488097,5.1291345236599055e-05
H,polished_open_loop,0.08,0.05,55,0.9999942534377397,5.746562260267041e-06,0.43935843152488097,5.1291345236599055e-05
H,polished_open_loop,0.08,0.05,56,0.9999928721810744,7.12781892564518e-06,0.43935843152488097,5.1291345236599055e-05
H,polished_open_loop,0.08,0.05,57,0.9999978171677241,2.1828322759320784e-06,0.43935843152488097,5.1291345236599055e-05
H,polished_open_loop,0.08,0.05,58,0.9999916592988283,8.34070117172736e-06,0.43935843152488097,5.1291345236599055e-05
H,polished_open_loop,0.08,0.05,59,0.9999924602515946,7.5397484053940644e-06,0.43935843152488097,5.1291345236599055e-05
H,polished_open_loop,0.08,0.08,10,0.9999622795864876,3.7720413512354334e-05,0.43935843152488097,5.1291345236599055e-05
H,polished_open_loop,0.08,0.08,11,0.9999964710381564,3.528961843635159e-06,0.43935843152488097,5.1291345236599055e-05
H,polished_open_loop,0.08,0.08,12,0.999994463675412,5.5363245879958e-06,0.43935843152488097,5.1291345236599055e-05
H,polished_open_loop,0.08,0.08,13,0.9999945187442062,5.481255793804429e-06,0.43935843152488097,5.1291345236599055e-05
H,polished_open_loop,0.08,0.08,14,0.9999247733946606,7.522660533942904e-05,0.43935843152488097,5.1291345236599055e-05
H,polished_open_loop,0.08,0.08,15,0.9999972751447648,2.7248552352254762e-06,0.43935843152488097,5.1291345236599055e-05
H,polished_open_loop,0.08,0.08,16,0.9999867460213456,1.3253978654370613e-05,0.43935843152488097,5.1291345236599055e-05
H,polished_open_loop,0.08,0.08,17,0.9999938647734494,6.135226550574302e-06,0.43935843152488097,5.1291345236599055e-05
H,polished_open_loop,0.08,0.08,18,0.9999971337275494,2.8662724506078874e-06,0.43935843152488097,5.1291345236599055e-05
H,polished_open_loop,0.08,0.08,19,0.9999825541216176,1.744587838237166e-05,0.43935843152488097,5.1291345236599055e-05
H,polished_open_loop,0.08,0.08,20,0.9999938254925147,6.1745074853014614e-06,0.43935843152488097,5.1291345236599055e-05
H,polished_open_loop,0.08,0.08,21,0.9999966246722748,3.3753277252079883e-06,0.43935843152488097,5.1291345236599055e-05
H,polished_open_loop,0.08,0.08,22,0.9999620003412651,3.7999658734855224e-05,0.43935843152488097,5.1291345236599055e-05
H,polished_open_loop,0.08,0.08,23,0.9999926644809558,7.335519044193717e-06,0.43935843152488097,5.1291345236599055e-05
H,polished_open_loop,0.08,0.08,24,0.999996736467209,3.263532791009105e-06,0.43935843152488097,5.1291345236599055e-05
H,polished_open_loop,0.08,0.08,25,0.9999447959266091,5.520407339087985e-05,0.43935843152488097,5.1291345236599055e-05
H,polished_open_loop,0.08,0.08,26,0.9999977245399126,2.2754600873531317e-06,0.43935843152488097,5.1291345236599055e-05
H,polished_open_loop,0.08,0.08,27,0.9999992636606136,7.36339386353535e-07,0.43935843152488097,5.1291345236599055e-05
H,polished_open_loop,0.08,0.08,28,0.9999927165858015,7.2834141985334e-06,0.43935843152488097,5.1291345236599055e-05
H,polished_open_loop,0.08,0.08,29,0.9999839284845,1.6071515499982425e-05,0.43935843152488097,5.1291345236599055e-05
H,polished_open_loop,0.08,0.08,30,0.9999936911990062,6.308800993837238e-06,0.43935843152488097,5.1291345236599055e-05
H,polished_open_loop,0.08,0.08,31,0.9999857250092843,1.4274990715712477e-05,0.43935843152488097,5.1291345236599055e-05
H,polished_open_loop,0.08,0.08,32,0.999990908994693,9.091005306993694e-06,0.43935843152488097,5.1291345236599055e-05
H,polished_open_loop,0.08,0.08,33,0.9999954110851782,4.58891482180146e-06,0.43935843152488097,5.1291345236599055e-05
H,polished_open_loop,0.08,0.08,34,0.999999056876259,9.431237409929238e-07,0.43935843152488097,5.1291345236599055e-05
H,polished_open_loop,0.08,0.08,35,0.9999695896587681,3.041034123185682e-05,0.43935843152488097,5.1291345236599055e-05
H,polished_open_loop,0.08,0.08,36,0.9999854363801952,1.4563619804786043e-05,0.43935843152488097,5.1291345236599055e-05
H,polished_open_loop,0.08,0.08,37,0.999933012176534,6.698782346603593e-05,0.43935843152488097,5.1291345236599055e-05
H,polished_open_loop,0.08,0.08,38,0.999998303839501,1.696160499053967e-06,0.43935843152488097,5.1291345236599055e-05
H,polished_open_loop,0.08,0.08,39,0.9999959404801669,4.059519833066183e-06,0.43935843152488097,5.1291345236599055e-05
H,polished_open_loop,0.08,0.08,40,0.999963267533276,3.6732466723976565e-05,0.43935843152488097,5.1291345236599055e-05
H,polished_open_loop,0.08,0.08,41,0.9999908730201463,9.126979853668615e-06,0.43935843152488097,5.1291345236599055e-05
H,polished_open_loop,0.08,0.08,42,0.999995616182239,4.383817761022257e-06,0.43935843152488097,5.1291345236599055e-05
H,polished_open_loop,0.08,0.08,43,0.9999859997186611,1.4000281338910625e-05,0.43935843152488097,5.1291345236599055e-05
H,polished_open_loop,0.08,0.08,44,0.9999983123492582,1.6876507418217557e-06,0.43935843152488097,5.1291345236599055e-05
H,polished_open_loop,0.08,0.08,45,0.9999954488150196,4.55118498043916e-06,0.43935843152488097,5.1291345236599055e-05
H,polished_open_loop,0.08,0.08,46,0.9999850919045202,1.49080954797709e-05,0.43935843152488097,5.1291345236599055e-05
H,polished_open_loop,0.08,0.08,47,0.9999266007421393,7.339925786065127e-05,0.43935843152488097,5.1291345236599055e-05
H,polished_open_loop,0.08,0.08,48,0.9999915147045904,8.485295409643712e-06,0.43935843152488097,5.1291345236599055e-05
H,polished_open_loop,0.08,0.08,49,0.9999973353098988,2.6646901012394864e-06,0.43935843152488097,5.1291345236599055e-05
H,polished_open_loop,0.08,0.08,50,0.9999964453050089,3.5546949911369197e-06,0.43935843152488097,5.1291345236599055e-05
H,polished_open_loop,0.08,0.08,51,0.999993328708684,6.671291316040495e-06,0.43935843152488097,5.1291345236599055e-05
H,polished_open_loop,0.08,0.08,52,0.9999918184833105,8.181516689464985e-06,0.43935843152488097,5.1291345236599055e-05
H,polished_open_loop,0.08,0.08,53,0.9999970476784905,2.952321509486211e-06,0.43935843152488097,5.1291345236599055e-05
H,polished_open_loop,0.08,0.08,54,0.9999870179642758,1.2982035724196095e-05,0.43935843152488097,5.1291345236599055e-05
H,polished_open_loop,0.08,0.08,55,0.9999962656204325,3.7343795674660285e-06,0.43935843152488097,5.1291345236599055e-05
H,polished_open_loop,0.08,0.08,56,0.9999955974494004,4.4025505996359016e-06,0.43935843152488097,5.1291345236599055e-05
H,polished_open_loop,0.08,0.08,57,0.9999982114497263,1.788550273662537e-06,0.43935843152488097,5.1291345236599055e-05
H,polished_open_loop,0.08,0.08,58,0.9999105122493872,8.948775061279335e-05,0.43935843152488097,5.1291345236599055e-05
H,polished_open_loop,0.08,0.08,59,0.999985736059563,1.4263940437020395e-05,0.43935843152488097,5.1291345236599055e-05
