system,controller,disorder_strength,seed,tail_infidelity_mean,tail_infidelity_std,tail_stability_range,final_fidelity,response_time,control_energy
qubit_X,nominal,0.0,0,5.937640100595054e-06,0.0,0.0,0.9999940623598994,2.7300000000000004,2.0103426863712732
qubit_X,nominal,0.0,1,5.937640100595054e-06,0.0,0.0,0.9999940623598994,2.7300000000000004,2.0103426863712732
qubit_X,nominal,0.0,2,5.937640100595054e-06,0.0,0.0,0.9999940623598994,2.7300000000000004,2.0103426863712732
qubit_X,nominal,0.0,3,5.937640100595054e-06,0.0,0.0,0.9999940623598994,2.7300000000000004,2.0103426863712732
qubit_X,nominal,0.0,4,5.937640100595054e-06,0.0,0.0,0.9999940623598994,2.7300000000000004,2.0103426863712732
qubit_X,nominal,0.0,5,5.937640100595054e-06,0.0,0.0,0.9999940623598994,2.7300000000000004,2.0103426863712732
qubit_X,nominal,0.02,0,4.1762523152910624e-05,0.0,0.0,0.9999582374768471,2.7300000000000004,2.0189701046980395
qubit_X,nominal,0.02,1,1.9277988405841384e-05,0.0,0.0,0.9999807220115942,2.5200000000000005,2.0319891855850907
qubit_X,nominal,0.02,2,0.00018929130374945036,0.0,0.0,0.9998107086962505,2.9400000000000004,2.0243829064909624
qubit_X,nominal,0.02,3,0.00044514148325069947,0.0,0.0,0.9995548585167493,2.87,2.0531405859548344
qubit_X,nominal,0.02,4,5.9118431860571974e-05,0.0,0.0,0.9999408815681394,2.8000000000000003,2.008392083630206
qubit_X,nominal,0.02,5,3.888005581642595e-05,0.0,0.0,0.9999611199441836,3.7100000000000004,2.036587872029735
qubit_X,nominal,0.05,0,0.00020700636010262397,0.0,0.0,0.9997929936398974,2.8000000000000003,2.0351025838676002
qubit_X,nominal,0.05,1,9.716671163295665e-05,0.0,0.0,0.999902833288367,2.31,2.0904113179934174
qubit_X,nominal,0.05,2,0.001204078278369303,7.331140260411629e-17,4.440892098500626e-16,0.9987959217216307,4.62,2.0178714542555127
qubit_X,nominal,0.05,3,0.0026852887396174863,0.0,0.0,0.9973147112603825,3.08,2.190730416954871
qubit_X,nominal,0.05,4,0.00028913396780538836,0.0,0.0,0.9997108660321946,3.43,2.0646420414966213
qubit_X,nominal,0.05,5,0.00019184164700114525,0.0,0.0,0.9998081583529989,2.8000000000000003,2.1503387726929755
qubit_X,disorder_dressed,0.0,0,3.704648821933887e-06,0.0,0.0,0.9999962953511781,3.7800000000000002,2.013796931306312
qubit_X,disorder_dressed,0.0,1,3.704648821933887e-06,0.0,0.0,0.9999962953511781,3.7800000000000002,2.013796931306312
qubit_X,disorder_dressed,0.0,2,3.704648821933887e-06,0.0,0.0,0.9999962953511781,3.7800000000000002,2.013796931306312
qubit_X,disorder_dressed,0.0,3,3.704648821933887e-06,0.0,0.0,0.9999962953511781,3.7800000000000002,2.013796931306312
qubit_X,disorder_dressed,0.0,4,3.704648821933887e-06,0.0,0.0,0.9999962953511781,3.7800000000000002,2.013796931306312
qubit_X,disorder_dressed,0.0,5,3.704648821933887e-06,0.0,0.0,0.9999962953511781,3.7800000000000002,2.013796931306312
qubit_X,disorder_dressed,0.02,0,6.184694100343705e-05,1.0347417887674148e-13,4.154454558147336e-13,0.9999381530589204,3.7800000000000002,2.0057382522075575
qubit_X,disorder_dressed,0.02,1,2.6064039062825043e-05,1.6641551850623984e-12,6.649236716782525e-12,0.9999739359596942,2.9400000000000004,2.029414586116529
qubit_X,disorder_dressed,0.02,2,0.0002682600731031411,9.359648558397447e-12,3.705225015693259e-11,0.9997317399340792,3.99,2.0027218964910514
qubit_X,disorder_dressed,0.02,3,0.0007230550531701234,1.564397933588767e-11,6.265876706379458e-11,0.9992769449584329,4.2700000000000005,2.027437260664176
qubit_X,disorder_dressed,0.02,4,0.00010711005401379445,3.2394084116504237e-13,1.3020695632803836e-12,0.9998928899457484,3.5700000000000003,2.0397099910585132
qubit_X,disorder_dressed,0.02,5,7.764934260804786e-05,9.80293459938916e-13,3.903655176884513e-12,0.9999223506566528,3.3600000000000003,2.0599245807254474
qubit_X,disorder_dressed,0.05,0,0.0003348413047112424,1.463311472617172e-12,5.9816596120754184e-12,0.9996651586963149,3.99,2.014834848823444
qubit_X,disorder_dressed,0.05,1,0.00010730781692122962,3.696896595560902e-13,1.4966916594971735e-12,0.9998926921828127,2.5200000000000005,2.131129524190386
qubit_X,disorder_dressed,0.05,2,0.001728346509191658,8.107804097029842e-11,3.206617193995953e-10,0.9982716535532007,4.550000000000001,2.090036922836126
qubit_X,disorder_dressed,0.05,3,0.004195065398161122,3.010864541444513e-12,1.2477019417644897e-11,0.9958049345998017,4.2,2.2984051134206354
qubit_X,disorder_dressed,0.05,4,0.0005743183362276013,4.1358288631176453e-13,1.7023049636577525e-12,0.9994256816634877,3.2900000000000005,2.1245043990848065
qubit_X,disorder_dressed,0.05,5,0.00045246163866699085,2.266132645080324e-13,9.151568391985165e-13,0.9995475383611687,2.87,2.2492249646082008
qubit_Z,nominal,0.0,0,0.5417377618660636,0.3557612645904237,0.9998151193501457,0.37639824658779664,1.2600000000000002,0.5028894406375823
qubit_Z,nominal,0.0,1,0.5417377618660636,0.3557612645904237,0.9998151193501457,0.37639824658779664,1.2600000000000002,0.5028894406375823
qubit_Z,nominal,0.0,2,0.5417377618660636,0.3557612645904237,0.9998151193501457,0.37639824658779664,1.2600000000000002,0.5028894406375823
qubit_Z,nominal,0.0,3,0.5417377618660636,0.3557612645904237,0.9998151193501457,0.37639824658779664,1.2600000000000002,0.5028894406375823
qubit_Z,nominal,0.0,4,0.5417377618660636,0.3557612645904237,0.9998151193501457,0.37639824658779664,1.2600000000000002,0.5028894406375823
qubit_Z,nominal,0.0,5,0.5417377618660636,0.3557612645904237,0.9998151193501457,0.37639824658779664,1.2600000000000002,0.5028894406375823
qubit_Z,nominal,0.02,0,0.439913915108371,0.35877195111126875,0.9986315761685776,0.8327386945377617,1.2600000000000002,2.0491523347170144
qubit_Z,nominal,0.02,1,0.48687322496028324,0.35099500529393224,0.9963245655066703,0.06364716064526532,1.2600000000000002,4.80154397918697
qubit_Z,nominal,0.02,2,0.44193768794656035,0.3587658234044148,0.9971652488599905,0.878425574257209,1.2600000000000002,4.455952205137788
qubit_Z,nominal,0.02,3,0.4442243746626694,0.34296164223471104,0.9867440456496666,0.3066773189065948,1.2600000000000002,11.45850223533322
qubit_Z,nominal,0.02,4,0.5435991832950219,0.3526272253038186,0.9964330914623164,0.0593741997094967,1.2600000000000002,5.14764505541354
qubit_Z,nominal,0.02,5,0.5342330843651676,0.3603134436992376,0.9926080109029641,0.9715691131032999,1.2600000000000002,9.075877062707836
qubit_Z,nominal,0.05,0,0.45557631109353647,0.35476100091300056,0.9923901330670977,0.7195354069107869,1.1900000000000002,7.221473290786765
qubit_Z,nominal,0.05,1,0.4881901148719459,0.35887083630028926,0.9791720795864892,0.5542612657862924,1.1900000000000002,15.112148397072955
qubit_Z,nominal,0.05,2,0.44629009280400306,0.3402945556427804,0.9782457891100497,0.26455971723740535,1.33,14.085210767630866
qubit_Z,nominal,0.05,3,0.5189537416097038,0.328563055911498,0.9120016084091224,0.2902832676897795,1.2600000000000002,25.23769656135495
qubit_Z,nominal,0.05,4,0.4811777452866422,0.35034173228367693,0.9778327647338139,0.28099017401883086,1.1900000000000002,14.502318210688536
qubit_Z,nominal,0.05,5,0.4898315983709714,0.3415698602661022,0.9492430184226313,0.9561444291314015,1.2600000000000002,21.020688263219125
qubit_Z,disorder_dressed,0.0,0,0.5003319988579539,0.16940581277452407,0.5232337265160745,0.6353783657322885,1.54,124.2229933423894
qubit_Z,disorder_dressed,0.0,1,0.5003319988579539,0.16940581277452407,0.5232337265160745,0.6353783657322885,1.54,124.2229933423894
qubit_Z,disorder_dressed,0.0,2,0.5003319988579539,0.16940581277452407,0.5232337265160745,0.6353783657322885,1.54,124.2229933423894
qubit_Z,disorder_dressed,0.0,3,0.5003319988579539,0.16940581277452407,0.5232337265160745,0.6353783657322885,1.54,124.2229933423894
qubit_Z,disorder_dressed,0.0,4,0.5003319988579539,0.16940581277452407,0.5232337265160745,0.6353783657322885,1.54,124.2229933423894
qubit_Z,disorder_dressed,0.0,5,0.5003319988579539,0.16940581277452407,0.5232337265160745,0.6353783657322885,1.54,124.2229933423894
qubit_Z,disorder_dressed,0.02,0,0.5028377281936358,0.1881500642470465,0.6349219278122822,0.7344050647556419,1.54,118.55631248022175
qubit_Z,disorder_dressed,0.02,1,0.5002392383205132,0.1668880734683148,0.5048986719421277,0.381030737801405,1.54,121.97269249382015
qubit_Z,disorder_dressed,0.02,2,0.5025878279789338,0.168969248344149,0.5268974982604576,0.7352760467717369,1.54,121.67139703914722
qubit_Z,disorder_dressed,0.02,3,0.49992967471348804,0.16987403014998384,0.5511012802407259,0.6744165812909766,1.54,121.37082075885203
qubit_Z,disorder_dressed,0.02,4,0.4992779417581132,0.16764272770412195,0.5093742757945807,0.7364369485667849,1.54,120.2176196722944
qubit_Z,disorder_dressed,0.02,5,0.49931090601752603,0.16687746755973024,0.5011807604374404,0.7264775589694836,1.54,118.82133711836943
qubit_Z,disorder_dressed,0.05,0,0.5009533455492853,0.16095398888718054,0.4533147879313506,0.2745949450057033,1.4700000000000002,124.69424553209677
qubit_Z,disorder_dressed,0.05,1,0.4975045198898611,0.18130557791192334,0.5673337253128076,0.28565666410359647,1.54,119.85994489869023
qubit_Z,disorder_dressed,0.05,2,0.49142211913562184,0.18235451472664985,0.5633829583707836,0.29539497232019307,1.61,122.99191321554497
qubit_Z,disorder_dressed,0.05,3,0.49451694276110064,0.1541645858152943,0.4712173773809103,0.718631618707615,1.54,125.5609849941902
qubit_Z,disorder_dressed,0.05,4,0.501560825908894,0.1740450336326778,0.518217752193035,0.2502418785689161,1.4700000000000002,123.04007176676944
qubit_Z,disorder_dressed,0.05,5,0.4992188314461679,0.15623458563841322,0.46888391902802473,0.33344768472236186,1.54,123.20482447812407
qubit_H,nominal,0.0,0,0.4697339225973756,0.3488021002125502,0.9994895088002262,0.989428654183813,4.62,6.526144104154431
qubit_H,nominal,0.0,1,0.4697339225973756,0.3488021002125502,0.9994895088002262,0.989428654183813,4.62,6.526144104154431
qubit_H,nominal,0.0,2,0.4697339225973756,0.3488021002125502,0.9994895088002262,0.989428654183813,4.62,6.526144104154431
qubit_H,nominal,0.0,3,0.4697339225973756,0.3488021002125502,0.9994895088002262,0.989428654183813,4.62,6.526144104154431
qubit_H,nominal,0.0,4,0.4697339225973756,0.3488021002125502,0.9994895088002262,0.989428654183813,4.62,6.526144104154431
qubit_H,nominal,0.0,5,0.4697339225973756,0.3488021002125502,0.9994895088002262,0.989428654183813,4.62,6.526144104154431
qubit_H,nominal,0.02,0,0.5506940430751772,0.35487589401313385,0.9988685744374535,0.04671121999163333,4.48,9.26099271079426
qubit_H,nominal,0.02,1,0.48819965034693924,0.35825091929287367,0.9960419570096042,0.9975058373246775,4.48,12.777384046413932
qubit_H,nominal,0.02,2,0.5462237123650244,0.35402866184615905,0.99656353780653,0.022720842090439952,4.550000000000001,11.538966284199326
qubit_H,nominal,0.02,3,0.5519672592048483,0.34351946087377894,0.9860315091270588,0.5455069689120505,4.48,18.445997152565447
qubit_H,nominal,0.02,4,0.4942324553586104,0.35171191491909665,0.9948133358639023,0.030098820151759326,2.3800000000000003,8.652596141487644
qubit_H,nominal,0.02,5,0.5306963520934143,0.35419419884899317,0.9927929289277985,0.049582748710373964,2.45,10.97287623198801
qubit_H,nominal,0.05,0,0.5394272834485565,0.3531909693413647,0.9937429922155725,0.15835630007634183,4.340000000000001,14.400818642073832
qubit_H,nominal,0.05,1,0.4908722544427296,0.35813686937012446,0.9790274624142143,0.07862238461836085,4.340000000000001,20.85617980041135
qubit_H,nominal,0.05,2,0.5478799776024387,0.34178274676341547,0.9792930606171325,0.4975834144651817,4.62,20.808933313593016
qubit_H,nominal,0.05,3,0.46715096948835183,0.33025183735439245,0.9104263411219239,0.8338486916833343,10.64,31.76370239233376
qubit_H,nominal,0.05,4,0.517966706634111,0.3463962528293191,0.9770693887193844,0.7897888552302949,2.3800000000000003,15.999651076394972
qubit_H,nominal,0.05,5,0.49737649768550024,0.3376788060851998,0.949498607632626,0.408457619827567,2.45,20.905660523536532
qubit_H,disorder_dressed,0.0,0,0.501387022354536,0.18382954741956842,0.5668771108560757,0.6681734640359964,nan,122.54461787555049
qubit_H,disorder_dressed,0.0,1,0.501387022354536,0.18382954741956842,0.5668771108560757,0.6681734640359964,nan,122.54461787555049
qubit_H,disorder_dressed,0.0,2,0.501387022354536,0.18382954741956842,0.5668771108560757,0.6681734640359964,nan,122.54461787555049
qubit_H,disorder_dressed,0.0,3,0.501387022354536,0.18382954741956842,0.5668771108560757,0.6681734640359964,nan,122.54461787555049
qubit_H,disorder_dressed,0.0,4,0.501387022354536,0.18382954741956842,0.5668771108560757,0.6681734640359964,nan,122.54461787555049
qubit_H,disorder_dressed,0.0,5,0.501387022354536,0.18382954741956842,0.5668771108560757,0.6681734640359964,nan,122.54461787555049
qubit_H,disorder_dressed,0.02,0,0.5003879167950745,0.16528330813703054,0.4953807708835336,0.3279193117445472,nan,125.63241753066582
qubit_H,disorder_dressed,0.02,1,0.4999458120268596,0.17348516110272397,0.5710809045498071,0.6076951457672335,nan,123.91559356454522
qubit_H,disorder_dressed,0.02,2,0.5049947269695743,0.18421070705892004,0.6325641043045273,0.7933205143632229,nan,123.35617240770407
qubit_H,disorder_dressed,0.02,3,0.49951181740246564,0.16733436266963142,0.5036414879698793,0.4590193083246159,nan,125.0552329953808
qubit_H,disorder_dressed,0.02,4,0.4980840829431612,0.19471797594789084,0.7644487801488353,0.5690990173195378,nan,124.98199282492759
qubit_H,disorder_dressed,0.02,5,0.5017322166132147,0.180502018816632,0.6419649684993083,0.6641486386291562,nan,124.18039888666522
qubit_H,disorder_dressed,0.05,0,0.5008107780230776,0.15950090445444323,0.44589282802670793,0.2812672819846257,nan,129.56723378689483
qubit_H,disorder_dressed,0.05,1,0.5005783028760302,0.17132941513351824,0.5139039457271792,0.2647183948721091,nan,124.8186255094514
qubit_H,disorder_dressed,0.05,2,0.5001794103000619,0.15864583391192655,0.4596372648158715,0.6573860136478311,nan,123.45625421764063
qubit_H,disorder_dressed,0.05,3,0.4971051561614744,0.17037755440954344,0.531549755789926,0.7358718534907742,nan,125.20495457850129
qubit_H,disorder_dressed,0.05,4,0.5006992840693906,0.17641250806828615,0.569572256110538,0.31239988119214795,nan,130.5345601125207
qubit_H,disorder_dressed,0.05,5,0.499301058690141,0.16780511897348852,0.5278625463569482,0.25373311868786824,nan,123.83313276992436
five_level_X,nominal,0.0,0,0.37843493605492645,0.010311930429807428,0.03662784876390335,0.6405371631216261,nan,1.2961695027386728
five_level_X,nominal,0.0,1,0.37843493605492645,0.010311930429807428,0.03662784876390335,0.6405371631216261,nan,1.2961695027386728
five_level_X,nominal,0.0,2,0.37843493605492645,0.010311930429807428,0.03662784876390335,0.6405371631216261,nan,1.2961695027386728
five_level_X,nominal,0.0,3,0.37843493605492645,0.010311930429807428,0.03662784876390335,0.6405371631216261,nan,1.2961695027386728
five_level_X,nominal,0.0,4,0.37843493605492645,0.010311930429807428,0.03662784876390335,0.6405371631216261,nan,1.2961695027386728
five_level_X,nominal,0.0,5,0.37843493605492645,0.010311930429807428,0.03662784876390335,0.6405371631216261,nan,1.2961695027386728
five_level_X,nominal,0.02,0,0.36382038653963933,0.010595441169338993,0.04123991478676914,0.6559573256284363,nan,1.2572902856564558
five_level_X,nominal,0.02,1,0.37981944698579734,0.010138109473598195,0.03841129074073424,0.6379113872455889,nan,1.2492307912786533
five_level_X,nominal,0.02,2,0.3897598098890427,0.009762758993724339,0.03691894051675382,0.6309471484762044,nan,1.4074373118470502
five_level_X,nominal,0.02,3,0.38986421704519436,0.010846484858915062,0.03776951480547952,0.6238659078494883,nan,1.3028988026730701
five_level_X,nominal,0.02,4,0.35553439935438264,0.011116908041259175,0.03600651250819409,0.6618643098449546,nan,1.2857824390848138
five_level_X,nominal,0.02,5,0.3692226622676132,0.011157380903992943,0.038569897675098774,0.6497402654460519,nan,1.314920767500999
five_level_X,nominal,0.05,0,0.3497659133427514,0.011781810117677316,0.05050205795369922,0.674670192583561,nan,1.2092186138548886
five_level_X,nominal,0.05,1,0.38601439685923217,0.01273996367875185,0.04908374854062514,0.6368031935897486,nan,1.212309615124066
five_level_X,nominal,0.05,2,0.42468126098107994,0.011391172569929019,0.04209218907846979,0.5824676527847008,nan,1.9197585209061896
five_level_X,nominal,0.05,3,0.4099536549180138,0.013924339117135694,0.05124936688098525,0.5934394569707772,nan,1.3392018937708774
five_level_X,nominal,0.05,4,0.3242795210720256,0.013426706355640056,0.04577952901400928,0.6960023182107707,nan,1.2770266630343783
five_level_X,nominal,0.05,5,0.356765118077477,0.012665358453663574,0.04404153308004766,0.6627981491719478,nan,1.3440868703694406
five_level_X,disorder_dressed,0.0,0,0.44298473022447676,0.011532476963868079,0.04213372421870809,0.5785703837271784,nan,3.4213006883155117
five_level_X,disorder_dressed,0.0,1,0.44298473022447676,0.011532476963868079,0.04213372421870809,0.5785703837271784,nan,3.4213006883155117
five_level_X,disorder_dressed,0.0,2,0.44298473022447676,0.011532476963868079,0.04213372421870809,0.5785703837271784,nan,3.4213006883155117
five_level_X,disorder_dressed,0.0,3,0.44298473022447676,0.011532476963868079,0.04213372421870809,0.5785703837271784,nan,3.4213006883155117
five_level_X,disorder_dressed,0.0,4,0.44298473022447676,0.011532476963868079,0.04213372421870809,0.5785703837271784,nan,3.4213006883155117
five_level_X,disorder_dressed,0.0,5,0.44298473022447676,0.011532476963868079,0.04213372421870809,0.5785703837271784,nan,3.4213006883155117
five_level_X,disorder_dressed,0.02,0,0.41938225640307414,0.013947031497352392,0.05455256362477667,0.6090912853030049,nan,5.01662032091418
five_level_X,disorder_dressed,0.02,1,0.4416328434404551,0.010517591977544937,0.038999888304127595,0.5768267139021532,nan,3.482489029569834
five_level_X,disorder_dressed,0.02,2,0.4477752771532648,0.012540947968717709,0.04398780275188885,0.5741841170105398,nan,3.641678498365963
five_level_X,disorder_dressed,0.02,3,0.455867517974834,0.011267628344698227,0.0408243351617571,0.5633182212436105,nan,2.9058481322564793
five_level_X,disorder_dressed,0.02,4,0.41117428772058306,0.014629622000527344,0.04866097990071483,0.6121212289164063,nan,4.473660419608877
five_level_X,disorder_dressed,0.02,5,0.43176222758795,0.013251630490070306,0.047384744449712746,0.5908951280359453,nan,3.4195472455956253
five_level_X,disorder_dressed,0.05,0,0.3934806004237201,0.016997518450988063,0.0679247912258818,0.6407141800520174,nan,7.355299293531329
five_level_X,disorder_dressed,0.05,1,0.43379821470327096,0.01228922895632888,0.05169010746247127,0.5889185774024032,nan,4.354828639637318
five_level_X,disorder_dressed,0.05,2,0.5154301907495182,0.01164917480000513,0.04362008874361856,0.4942107250517824,nan,3.6032481864248638
five_level_X,disorder_dressed,0.05,3,0.47713366192608253,0.012573727784874615,0.04618116452498233,0.5286739768465806,nan,2.2833172726115807
five_level_X,disorder_dressed,0.05,4,0.36810986992803485,0.016964348912955948,0.0598978999187616,0.6550158423071654,nan,5.7779848223205255
five_level_X,disorder_dressed,0.05,5,0.4156204851389911,0.014187407953590808,0.05129218269731106,0.6060158486490016,nan,3.3678083003855854
