task,controller,slew_weight,eval_strength,seed,final_fidelity,tail_infidelity_mean,tail_stability_range,segments,horizon_steps,beam_width,design_seconds,pulse_energy,rms_slew,max_step,total_variation,high_frequency_fraction
Z,slew_constrained_beam_horizon,0.0,0.08,10,0.9916908252715608,0.01206504188948641,0.009030209219007768,60,4,6,36.546568776946515,4.433333333333334,2.4810312118206275,4.5,126.41963431698633,0.2503816836242056
Z,slew_constrained_beam_horizon,0.0,0.08,11,0.98998960339918,0.01398564561253849,0.010903378134533792,60,4,6,36.546568776946515,4.433333333333334,2.4810312118206275,4.5,126.41963431698633,0.2503816836242056
Z,slew_constrained_beam_horizon,0.0,0.08,12,0.989859704192898,0.01324448952864906,0.010177675554914667,60,4,6,36.546568776946515,4.433333333333334,2.4810312118206275,4.5,126.41963431698633,0.2503816836242056
Z,slew_constrained_beam_horizon,0.0,0.08,13,0.9904575715895647,0.008270369446235075,0.0031970618119497862,60,4,6,36.546568776946515,4.433333333333334,2.4810312118206275,4.5,126.41963431698633,0.2503816836242056
Z,slew_constrained_beam_horizon,0.0,0.08,14,0.9887894637015407,0.018477795953550813,0.014632661117176426,60,4,6,36.546568776946515,4.433333333333334,2.4810312118206275,4.5,126.41963431698633,0.2503816836242056
Z,slew_constrained_beam_horizon,0.0,0.08,15,0.9912174635330608,0.011800236361187637,0.00580341153773134,60,4,6,36.546568776946515,4.433333333333334,2.4810312118206275,4.5,126.41963431698633,0.2503816836242056
Z,slew_constrained_beam_horizon,0.0,0.08,16,0.9875603000387709,0.017724761285548136,0.012910576506127702,60,4,6,36.546568776946515,4.433333333333334,2.4810312118206275,4.5,126.41963431698633,0.2503816836242056
Z,slew_constrained_beam_horizon,0.0,0.08,17,0.991876643874644,0.012233179105800103,0.00781275188419528,60,4,6,36.546568776946515,4.433333333333334,2.4810312118206275,4.5,126.41963431698633,0.2503816836242056
Z,slew_constrained_beam_horizon,0.0,0.08,18,0.9922248450985848,0.00930232706977288,0.004063694963826192,60,4,6,36.546568776946515,4.433333333333334,2.4810312118206275,4.5,126.41963431698633,0.2503816836242056
Z,slew_constrained_beam_horizon,0.0,0.08,19,0.9878327615688065,0.013075139272953784,0.009461125501334156,60,4,6,36.546568776946515,4.433333333333334,2.4810312118206275,4.5,126.41963431698633,0.2503816836242056
Z,slew_constrained_beam_horizon,0.0,0.08,20,0.9887055258478652,0.016050224571202684,0.012406251300312032,60,4,6,36.546568776946515,4.433333333333334,2.4810312118206275,4.5,126.41963431698633,0.2503816836242056
Z,slew_constrained_beam_horizon,0.0,0.08,21,0.9920464328850014,0.009257425188002792,0.007318106579443429,60,4,6,36.546568776946515,4.433333333333334,2.4810312118206275,4.5,126.41963431698633,0.2503816836242056
Z,slew_constrained_beam_horizon,0.0,0.08,22,0.9917992768308913,0.012532849802586031,0.0099295220110035,60,4,6,36.546568776946515,4.433333333333334,2.4810312118206275,4.5,126.41963431698633,0.2503816836242056
Z,slew_constrained_beam_horizon,0.0,0.08,23,0.9928880200978002,0.009785915203676946,0.005722916163171776,60,4,6,36.546568776946515,4.433333333333334,2.4810312118206275,4.5,126.41963431698633,0.2503816836242056
Z,slew_constrained_beam_horizon,0.0,0.08,24,0.9911617526752677,0.014356555605420084,0.010857314178190358,60,4,6,36.546568776946515,4.433333333333334,2.4810312118206275,4.5,126.41963431698633,0.2503816836242056
Z,slew_constrained_beam_horizon,0.0,0.08,25,0.9901198018172334,0.017154753941412835,0.014586301180237515,60,4,6,36.546568776946515,4.433333333333334,2.4810312118206275,4.5,126.41963431698633,0.2503816836242056
Z,slew_constrained_beam_horizon,0.0,0.08,26,0.9923182559817674,0.009702353506088014,0.004928698917647578,60,4,6,36.546568776946515,4.433333333333334,2.4810312118206275,4.5,126.41963431698633,0.2503816836242056
Z,slew_constrained_beam_horizon,0.0,0.08,27,0.993146268491641,0.009983698623543024,0.007744329067791655,60,4,6,36.546568776946515,4.433333333333334,2.4810312118206275,4.5,126.41963431698633,0.2503816836242056
Z,slew_constrained_beam_horizon,0.0,0.08,28,0.9885211350742751,0.012276250227654498,0.005019714723819901,60,4,6,36.546568776946515,4.433333333333334,2.4810312118206275,4.5,126.41963431698633,0.2503816836242056
Z,slew_constrained_beam_horizon,0.0,0.08,29,0.989077538090761,0.01153619924064634,0.005436505463412344,60,4,6,36.546568776946515,4.433333333333334,2.4810312118206275,4.5,126.41963431698633,0.2503816836242056
Z,slew_constrained_beam_horizon,0.0,0.08,30,0.9923176751849387,0.011683561855624563,0.008571690963539824,60,4,6,36.546568776946515,4.433333333333334,2.4810312118206275,4.5,126.41963431698633,0.2503816836242056
Z,slew_constrained_beam_horizon,0.0,0.08,31,0.9875137183134123,0.018099880001488638,0.013326725580040999,60,4,6,36.546568776946515,4.433333333333334,2.4810312118206275,4.5,126.41963431698633,0.2503816836242056
Z,slew_constrained_beam_horizon,0.0,0.08,32,0.9936765510281018,0.008233729586327664,0.004492470126525316,60,4,6,36.546568776946515,4.433333333333334,2.4810312118206275,4.5,126.41963431698633,0.2503816836242056
Z,slew_constrained_beam_horizon,0.0,0.08,33,0.991496377952187,0.008440205661199527,0.003148187046270401,60,4,6,36.546568776946515,4.433333333333334,2.4810312118206275,4.5,126.41963431698633,0.2503816836242056
Z,slew_constrained_beam_horizon,0.0,0.08,34,0.9912883247162695,0.012240555308681204,0.008757797744250007,60,4,6,36.546568776946515,4.433333333333334,2.4810312118206275,4.5,126.41963431698633,0.2503816836242056
Z,slew_constrained_beam_horizon,0.0,0.08,35,0.9867486547756941,0.017590716120829034,0.011831868794289657,60,4,6,36.546568776946515,4.433333333333334,2.4810312118206275,4.5,126.41963431698633,0.2503816836242056
Z,slew_constrained_beam_horizon,0.0,0.08,36,0.990384465552118,0.011876605383709373,0.005853162670955481,60,4,6,36.546568776946515,4.433333333333334,2.4810312118206275,4.5,126.41963431698633,0.2503816836242056
Z,slew_constrained_beam_horizon,0.0,0.08,37,0.9888791290319107,0.018555414211612005,0.014762748780547175,60,4,6,36.546568776946515,4.433333333333334,2.4810312118206275,4.5,126.41963431698633,0.2503816836242056
Z,slew_constrained_beam_horizon,0.0,0.08,38,0.9921795519333954,0.009740912826854306,0.005608760617741848,60,4,6,36.546568776946515,4.433333333333334,2.4810312118206275,4.5,126.41963431698633,0.2503816836242056
Z,slew_constrained_beam_horizon,0.0,0.08,39,0.9904013004480865,0.012279544584829938,0.009162242306706592,60,4,6,36.546568776946515,4.433333333333334,2.4810312118206275,4.5,126.41963431698633,0.2503816836242056
Z,slew_constrained_beam_horizon,0.0,0.08,40,0.9920196770894381,0.011773720321306028,0.008375090793559248,60,4,6,36.546568776946515,4.433333333333334,2.4810312118206275,4.5,126.41963431698633,0.2503816836242056
Z,slew_constrained_beam_horizon,0.0,0.08,41,0.9875433717646975,0.01328504176685734,0.005263087086663343,60,4,6,36.546568776946515,4.433333333333334,2.4810312118206275,4.5,126.41963431698633,0.2503816836242056
Z,slew_constrained_beam_horizon,0.0,0.08,42,0.9916869503891169,0.007964170687941384,0.0023342413679949825,60,4,6,36.546568776946515,4.433333333333334,2.4810312118206275,4.5,126.41963431698633,0.2503816836242056
Z,slew_constrained_beam_horizon,0.0,0.08,43,0.992410850899597,0.008277500616914697,0.006397386531219795,60,4,6,36.546568776946515,4.433333333333334,2.4810312118206275,4.5,126.41963431698633,0.2503816836242056
Z,slew_constrained_beam_horizon,0.0,0.08,44,0.9921439174803366,0.009669330809611085,0.0055545953451913155,60,4,6,36.546568776946515,4.433333333333334,2.4810312118206275,4.5,126.41963431698633,0.2503816836242056
Z,slew_constrained_beam_horizon,0.0,0.08,45,0.9923721690823777,0.009831524546923966,0.005100380807647631,60,4,6,36.546568776946515,4.433333333333334,2.4810312118206275,4.5,126.41963431698633,0.2503816836242056
Z,slew_constrained_beam_horizon,0.0,0.08,46,0.9883898274156983,0.008773599799036887,0.005377977118699362,60,4,6,36.546568776946515,4.433333333333334,2.4810312118206275,4.5,126.41963431698633,0.2503816836242056
Z,slew_constrained_beam_horizon,0.0,0.08,47,0.9911021836022865,0.013397445299292739,0.01266847020664319,60,4,6,36.546568776946515,4.433333333333334,2.4810312118206275,4.5,126.41963431698633,0.2503816836242056
Z,slew_constrained_beam_horizon,0.0,0.08,48,0.98872034303252,0.010298603904578938,0.006144201901501001,60,4,6,36.546568776946515,4.433333333333334,2.4810312118206275,4.5,126.41963431698633,0.2503816836242056
Z,slew_constrained_beam_horizon,0.0,0.08,49,0.9925201546340776,0.008177297705098127,0.0034080774852004447,60,4,6,36.546568776946515,4.433333333333334,2.4810312118206275,4.5,126.41963431698633,0.2503816836242056
Z,slew_constrained_beam_horizon,0.0,0.08,50,0.9915608001905918,0.008939518099100293,0.00417410673085894,60,4,6,36.546568776946515,4.433333333333334,2.4810312118206275,4.5,126.41963431698633,0.2503816836242056
Z,slew_constrained_beam_horizon,0.0,0.08,51,0.9922225045851316,0.010304793621850602,0.005413864135235813,60,4,6,36.546568776946515,4.433333333333334,2.4810312118206275,4.5,126.41963431698633,0.2503816836242056
Z,slew_constrained_beam_horizon,0.0,0.08,52,0.987424738314258,0.012830203321492463,0.004971043306175149,60,4,6,36.546568776946515,4.433333333333334,2.4810312118206275,4.5,126.41963431698633,0.2503816836242056
Z,slew_constrained_beam_horizon,0.0,0.08,53,0.9917848362571364,0.009493391745154333,0.004611144424344182,60,4,6,36.546568776946515,4.433333333333334,2.4810312118206275,4.5,126.41963431698633,0.2503816836242056
Z,slew_constrained_beam_horizon,0.0,0.08,54,0.988906515727753,0.016657635504494575,0.012341689168099412,60,4,6,36.546568776946515,4.433333333333334,2.4810312118206275,4.5,126.41963431698633,0.2503816836242056
Z,slew_constrained_beam_horizon,0.0,0.08,55,0.9901615709102629,0.01017559102755677,0.003083768437645462,60,4,6,36.546568776946515,4.433333333333334,2.4810312118206275,4.5,126.41963431698633,0.2503816836242056
Z,slew_constrained_beam_horizon,0.0,0.08,56,0.9884232113558375,0.017917682994808472,0.01445162192906535,60,4,6,36.546568776946515,4.433333333333334,2.4810312118206275,4.5,126.41963431698633,0.2503816836242056
Z,slew_constrained_beam_horizon,0.0,0.08,57,0.9910025285451693,0.014684178881770392,0.013521430158151215,60,4,6,36.546568776946515,4.433333333333334,2.4810312118206275,4.5,126.41963431698633,0.2503816836242056
Z,slew_constrained_beam_horizon,0.0,0.08,58,0.9911443621832001,0.013830098267037115,0.01323254793431039,60,4,6,36.546568776946515,4.433333333333334,2.4810312118206275,4.5,126.41963431698633,0.2503816836242056
Z,slew_constrained_beam_horizon,0.0,0.08,59,0.9876862181141117,0.016911482227013434,0.012631635363853033,60,4,6,36.546568776946515,4.433333333333334,2.4810312118206275,4.5,126.41963431698633,0.2503816836242056
Z,slew_constrained_beam_horizon,0.001,0.08,10,0.988238714948358,0.008708973479025927,0.005401136977055909,60,4,6,36.57036206219345,1.1541666666666666,0.8403326194115591,4.0,33.29215616229706,0.09423085679743318
Z,slew_constrained_beam_horizon,0.001,0.08,11,0.9867701965518522,0.008255123357887414,0.007550553675264693,60,4,6,36.57036206219345,1.1541666666666666,0.8403326194115591,4.0,33.29215616229706,0.09423085679743318
Z,slew_constrained_beam_horizon,0.001,0.08,12,0.9867428276681977,0.008174902356139106,0.007700568836025101,60,4,6,36.57036206219345,1.1541666666666666,0.8403326194115591,4.0,33.29215616229706,0.09423085679743318
Z,slew_constrained_beam_horizon,0.001,0.08,13,0.9913916107920222,0.009072450560796991,0.0057639504719236845,60,4,6,36.57036206219345,1.1541666666666666,0.8403326194115591,4.0,33.29215616229706,0.09423085679743318
Z,slew_constrained_beam_horizon,0.001,0.08,14,0.9885580124010938,0.008435572067083973,0.004815369410975157,60,4,6,36.57036206219345,1.1541666666666666,0.8403326194115591,4.0,33.29215616229706,0.09423085679743318
Z,slew_constrained_beam_horizon,0.001,0.08,15,0.9910953148286985,0.007375068607923354,0.0023867429025914433,60,4,6,36.57036206219345,1.1541666666666666,0.8403326194115591,4.0,33.29215616229706,0.09423085679743318
Z,slew_constrained_beam_horizon,0.001,0.08,16,0.987793163138269,0.00834821635085802,0.006218713684304822,60,4,6,36.57036206219345,1.1541666666666666,0.8403326194115591,4.0,33.29215616229706,0.09423085679743318
Z,slew_constrained_beam_horizon,0.001,0.08,17,0.9928340370097455,0.006754303177960313,0.001617812628136872,60,4,6,36.57036206219345,1.1541666666666666,0.8403326194115591,4.0,33.29215616229706,0.09423085679743318
Z,slew_constrained_beam_horizon,0.001,0.08,18,0.9929021304818977,0.00809741749927654,0.004908804247588772,60,4,6,36.57036206219345,1.1541666666666666,0.8403326194115591,4.0,33.29215616229706,0.09423085679743318
Z,slew_constrained_beam_horizon,0.001,0.08,19,0.9870216392394813,0.008476138394116957,0.00753116209505067,60,4,6,36.57036206219345,1.1541666666666666,0.8403326194115591,4.0,33.29215616229706,0.09423085679743318
Z,slew_constrained_beam_horizon,0.001,0.08,20,0.9869169521959563,0.008399047106579708,0.007273294607892056,60,4,6,36.57036206219345,1.1541666666666666,0.8403326194115591,4.0,33.29215616229706,0.09423085679743318
Z,slew_constrained_beam_horizon,0.001,0.08,21,0.9939870649533412,0.008839863912379932,0.006736986120168376,60,4,6,36.57036206219345,1.1541666666666666,0.8403326194115591,4.0,33.29215616229706,0.09423085679743318
Z,slew_constrained_beam_horizon,0.001,0.08,22,0.9878334844381055,0.00877053155865373,0.005756611910597065,60,4,6,36.57036206219345,1.1541666666666666,0.8403326194115591,4.0,33.29215616229706,0.09423085679743318
Z,slew_constrained_beam_horizon,0.001,0.08,23,0.9918862457442021,0.0068083588704092035,0.0024197231062785818,60,4,6,36.57036206219345,1.1541666666666666,0.8403326194115591,4.0,33.29215616229706,0.09423085679743318
Z,slew_constrained_beam_horizon,0.001,0.08,24,0.9930423541007232,0.0071194881530221195,0.0025747806967784115,60,4,6,36.57036206219345,1.1541666666666666,0.8403326194115591,4.0,33.29215616229706,0.09423085679743318
Z,slew_constrained_beam_horizon,0.001,0.08,25,0.9920099743150589,0.007959765346802582,0.0031391883555547118,60,4,6,36.57036206219345,1.1541666666666666,0.8403326194115591,4.0,33.29215616229706,0.09423085679743318
Z,slew_constrained_beam_horizon,0.001,0.08,26,0.9919646393601165,0.007580045915827069,0.003259029783969969,60,4,6,36.57036206219345,1.1541666666666666,0.8403326194115591,4.0,33.29215616229706,0.09423085679743318
Z,slew_constrained_beam_horizon,0.001,0.08,27,0.989153641014701,0.008046439765912504,0.005838978266496486,60,4,6,36.57036206219345,1.1541666666666666,0.8403326194115591,4.0,33.29215616229706,0.09423085679743318
Z,slew_constrained_beam_horizon,0.001,0.08,28,0.9895017508118047,0.008957372701032345,0.005483538517013442,60,4,6,36.57036206219345,1.1541666666666666,0.8403326194115591,4.0,33.29215616229706,0.09423085679743318
Z,slew_constrained_beam_horizon,0.001,0.08,29,0.9896079780779621,0.009441715432781468,0.006331208783072473,60,4,6,36.57036206219345,1.1541666666666666,0.8403326194115591,4.0,33.29215616229706,0.09423085679743318
Z,slew_constrained_beam_horizon,0.001,0.08,30,0.9933127835263078,0.006756735060780381,0.002190332378262827,60,4,6,36.57036206219345,1.1541666666666666,0.8403326194115591,4.0,33.29215616229706,0.09423085679743318
Z,slew_constrained_beam_horizon,0.001,0.08,31,0.9885255153753347,0.008268769411972837,0.005322829180714805,60,4,6,36.57036206219345,1.1541666666666666,0.8403326194115591,4.0,33.29215616229706,0.09423085679743318
Z,slew_constrained_beam_horizon,0.001,0.08,32,0.9914314940274149,0.006740554337576314,0.002803694675756696,60,4,6,36.57036206219345,1.1541666666666666,0.8403326194115591,4.0,33.29215616229706,0.09423085679743318
Z,slew_constrained_beam_horizon,0.001,0.08,33,0.9923739108258194,0.00977419595920277,0.007514582170466855,60,4,6,36.57036206219345,1.1541666666666666,0.8403326194115591,4.0,33.29215616229706,0.09423085679743318
Z,slew_constrained_beam_horizon,0.001,0.08,34,0.9927780891770212,0.009455935397540015,0.006437372108951345,60,4,6,36.57036206219345,1.1541666666666666,0.8403326194115591,4.0,33.29215616229706,0.09423085679743318
Z,slew_constrained_beam_horizon,0.001,0.08,35,0.988079183853793,0.008254057938733333,0.005992699721623196,60,4,6,36.57036206219345,1.1541666666666666,0.8403326194115591,4.0,33.29215616229706,0.09423085679743318
Z,slew_constrained_beam_horizon,0.001,0.08,36,0.9893986273849119,0.0084173531750376,0.004526712589273396,60,4,6,36.57036206219345,1.1541666666666666,0.8403326194115591,4.0,33.29215616229706,0.09423085679743318
Z,slew_constrained_beam_horizon,0.001,0.08,37,0.9902830585301491,0.008053038225851341,0.003074746913378612,60,4,6,36.57036206219345,1.1541666666666666,0.8403326194115591,4.0,33.29215616229706,0.09423085679743318
Z,slew_constrained_beam_horizon,0.001,0.08,38,0.9910160505389911,0.007703791945756783,0.004080591397776612,60,4,6,36.57036206219345,1.1541666666666666,0.8403326194115591,4.0,33.29215616229706,0.09423085679743318
Z,slew_constrained_beam_horizon,0.001,0.08,39,0.9869413418234925,0.00805836374386777,0.007537531520960927,60,4,6,36.57036206219345,1.1541666666666666,0.8403326194115591,4.0,33.29215616229706,0.09423085679743318
Z,slew_constrained_beam_horizon,0.001,0.08,40,0.9881431042805127,0.008341245494785475,0.00533082447844746,60,4,6,36.57036206219345,1.1541666666666666,0.8403326194115591,4.0,33.29215616229706,0.09423085679743318
Z,slew_constrained_beam_horizon,0.001,0.08,41,0.9893189795657196,0.008752871932556848,0.004968575181432788,60,4,6,36.57036206219345,1.1541666666666666,0.8403326194115591,4.0,33.29215616229706,0.09423085679743318
Z,slew_constrained_beam_horizon,0.001,0.08,42,0.9927663299036524,0.009369756369588837,0.006417785192180503,60,4,6,36.57036206219345,1.1541666666666666,0.8403326194115591,4.0,33.29215616229706,0.09423085679743318
Z,slew_constrained_beam_horizon,0.001,0.08,43,0.993974700664877,0.008121593030636035,0.005470813499196536,60,4,6,36.57036206219345,1.1541666666666666,0.8403326194115591,4.0,33.29215616229706,0.09423085679743318
Z,slew_constrained_beam_horizon,0.001,0.08,44,0.9909484350979445,0.00783203109742883,0.0042824774549583555,60,4,6,36.57036206219345,1.1541666666666666,0.8403326194115591,4.0,33.29215616229706,0.09423085679743318
Z,slew_constrained_beam_horizon,0.001,0.08,45,0.991185952500391,0.007478497561824171,0.0023533985672521407,60,4,6,36.57036206219345,1.1541666666666666,0.8403326194115591,4.0,33.29215616229706,0.09423085679743318
Z,slew_constrained_beam_horizon,0.001,0.08,46,0.9899833743235555,0.009119102725564342,0.006406328303061204,60,4,6,36.57036206219345,1.1541666666666666,0.8403326194115591,4.0,33.29215616229706,0.09423085679743318
Z,slew_constrained_beam_horizon,0.001,0.08,47,0.990298591736466,0.010494659783885018,0.006872700093453199,60,4,6,36.57036206219345,1.1541666666666666,0.8403326194115591,4.0,33.29215616229706,0.09423085679743318
Z,slew_constrained_beam_horizon,0.001,0.08,48,0.9881252464926876,0.008448772134068848,0.006359129382301765,60,4,6,36.57036206219345,1.1541666666666666,0.8403326194115591,4.0,33.29215616229706,0.09423085679743318
Z,slew_constrained_beam_horizon,0.001,0.08,49,0.9893390358695411,0.007325882503800661,0.00505168546475665,60,4,6,36.57036206219345,1.1541666666666666,0.8403326194115591,4.0,33.29215616229706,0.09423085679743318
Z,slew_constrained_beam_horizon,0.001,0.08,50,0.9920543372136829,0.009868774411941842,0.007858042203442106,60,4,6,36.57036206219345,1.1541666666666666,0.8403326194115591,4.0,33.29215616229706,0.09423085679743318
Z,slew_constrained_beam_horizon,0.001,0.08,51,0.9906957789397106,0.007446846101613733,0.0027459321001108705,60,4,6,36.57036206219345,1.1541666666666666,0.8403326194115591,4.0,33.29215616229706,0.09423085679743318
Z,slew_constrained_beam_horizon,0.001,0.08,52,0.9893058252242714,0.009000855669294205,0.005437775086025276,60,4,6,36.57036206219345,1.1541666666666666,0.8403326194115591,4.0,33.29215616229706,0.09423085679743318
Z,slew_constrained_beam_horizon,0.001,0.08,53,0.9931752963020735,0.009430273437872224,0.007101158344623104,60,4,6,36.57036206219345,1.1541666666666666,0.8403326194115591,4.0,33.29215616229706,0.09423085679743318
Z,slew_constrained_beam_horizon,0.001,0.08,54,0.9913097545240981,0.00795349628175298,0.0025818329810703977,60,4,6,36.57036206219345,1.1541666666666666,0.8403326194115591,4.0,33.29215616229706,0.09423085679743318
Z,slew_constrained_beam_horizon,0.001,0.08,55,0.9895591667339386,0.008435844518143481,0.0035426874584438828,60,4,6,36.57036206219345,1.1541666666666666,0.8403326194115591,4.0,33.29215616229706,0.09423085679743318
Z,slew_constrained_beam_horizon,0.001,0.08,56,0.9896721017967266,0.008398496153477045,0.003745637814314251,60,4,6,36.57036206219345,1.1541666666666666,0.8403326194115591,4.0,33.29215616229706,0.09423085679743318
Z,slew_constrained_beam_horizon,0.001,0.08,57,0.988782899614365,0.009099202190669585,0.005826375763540392,60,4,6,36.57036206219345,1.1541666666666666,0.8403326194115591,4.0,33.29215616229706,0.09423085679743318
Z,slew_constrained_beam_horizon,0.001,0.08,58,0.9904176241232342,0.010436789545639117,0.006663559017346277,60,4,6,36.57036206219345,1.1541666666666666,0.8403326194115591,4.0,33.29215616229706,0.09423085679743318
Z,slew_constrained_beam_horizon,0.001,0.08,59,0.9871484643313876,0.008382502691479674,0.00701184537072308,60,4,6,36.57036206219345,1.1541666666666666,0.8403326194115591,4.0,33.29215616229706,0.09423085679743318
Z,slew_constrained_beam_horizon,0.005,0.08,10,0.9970805311755208,0.006301692684301432,0.007973518719090467,60,4,6,36.62624777597375,0.8083333333333333,0.6165030888996683,3.0,19.186350889600973,0.04094263259604194
Z,slew_constrained_beam_horizon,0.005,0.08,11,0.9966019691385078,0.0066781187580593395,0.00871352231030964,60,4,6,36.62624777597375,0.8083333333333333,0.6165030888996683,3.0,19.186350889600973,0.04094263259604194
Z,slew_constrained_beam_horizon,0.005,0.08,12,0.9967692116936929,0.006703586803972565,0.008053681272690905,60,4,6,36.62624777597375,0.8083333333333333,0.6165030888996683,3.0,19.186350889600973,0.04094263259604194
Z,slew_constrained_beam_horizon,0.005,0.08,13,0.9956475574230919,0.004677146432660322,0.0036243122346896195,60,4,6,36.62624777597375,0.8083333333333333,0.6165030888996683,3.0,19.186350889600973,0.04094263259604194
Z,slew_constrained_beam_horizon,0.005,0.08,14,0.9952633080845416,0.0067089558733043,0.0075056535405541025,60,4,6,36.62624777597375,0.8083333333333333,0.6165030888996683,3.0,19.186350889600973,0.04094263259604194
Z,slew_constrained_beam_horizon,0.005,0.08,15,0.9936723554217004,0.004719401078701262,0.0027939393423421777,60,4,6,36.62624777597375,0.8083333333333333,0.6165030888996683,3.0,19.186350889600973,0.04094263259604194
Z,slew_constrained_beam_horizon,0.005,0.08,16,0.9940868752328098,0.005710420518770721,0.005115026266669931,60,4,6,36.62624777597375,0.8083333333333333,0.6165030888996683,3.0,19.186350889600973,0.04094263259604194
Z,slew_constrained_beam_horizon,0.005,0.08,17,0.9937974636170507,0.003814000981528859,0.0035921569216410543,60,4,6,36.62624777597375,0.8083333333333333,0.6165030888996683,3.0,19.186350889600973,0.04094263259604194
Z,slew_constrained_beam_horizon,0.005,0.08,18,0.9933964028621597,0.004665408972861555,0.004017116707894508,60,4,6,36.62624777597375,0.8083333333333333,0.6165030888996683,3.0,19.186350889600973,0.04094263259604194
Z,slew_constrained_beam_horizon,0.005,0.08,19,0.9964265572569158,0.0060153248700443715,0.004663824019073948,60,4,6,36.62624777597375,0.8083333333333333,0.6165030888996683,3.0,19.186350889600973,0.04094263259604194
Z,slew_constrained_beam_horizon,0.005,0.08,20,0.9955705015912977,0.006397366833072511,0.0075608596952148055,60,4,6,36.62624777597375,0.8083333333333333,0.6165030888996683,3.0,19.186350889600973,0.04094263259604194
Z,slew_constrained_beam_horizon,0.005,0.08,21,0.9938594491098883,0.0038209971268696654,0.00314849709179732,60,4,6,36.62624777597375,0.8083333333333333,0.6165030888996683,3.0,19.186350889600973,0.04094263259604194
Z,slew_constrained_beam_horizon,0.005,0.08,22,0.9973560943259474,0.00675279680300501,0.009586367894859338,60,4,6,36.62624777597375,0.8083333333333333,0.6165030888996683,3.0,19.186350889600973,0.04094263259604194
Z,slew_constrained_beam_horizon,0.005,0.08,23,0.9949385537826394,0.0038912511492663103,0.002178377070782944,60,4,6,36.62624777597375,0.8083333333333333,0.6165030888996683,3.0,19.186350889600973,0.04094263259604194
Z,slew_constrained_beam_horizon,0.005,0.08,24,0.9931294016226031,0.004084291742045805,0.004310145034482904,60,4,6,36.62624777597375,0.8083333333333333,0.6165030888996683,3.0,19.186350889600973,0.04094263259604194
Z,slew_constrained_beam_horizon,0.005,0.08,25,0.9930117650682265,0.0048793609114388126,0.004388626846647092,60,4,6,36.62624777597375,0.8083333333333333,0.6165030888996683,3.0,19.186350889600973,0.04094263259604194
Z,slew_constrained_beam_horizon,0.005,0.08,26,0.9937413838331786,0.0051427600690646495,0.002794711300012187,60,4,6,36.62624777597375,0.8083333333333333,0.6165030888996683,3.0,19.186350889600973,0.04094263259604194
Z,slew_constrained_beam_horizon,0.005,0.08,27,0.9970619230208381,0.005048114884499,0.006173889093289198,60,4,6,36.62624777597375,0.8083333333333333,0.6165030888996683,3.0,19.186350889600973,0.04094263259604194
Z,slew_constrained_beam_horizon,0.005,0.08,28,0.9958165589062219,0.003890781914353897,0.00132818645746835,60,4,6,36.62624777597375,0.8083333333333333,0.6165030888996683,3.0,19.186350889600973,0.04094263259604194
Z,slew_constrained_beam_horizon,0.005,0.08,29,0.9964921205340069,0.004029863761289622,0.0022862153910012672,60,4,6,36.62624777597375,0.8083333333333333,0.6165030888996683,3.0,19.186350889600973,0.04094263259604194
Z,slew_constrained_beam_horizon,0.005,0.08,30,0.9935392368012677,0.003856073769952587,0.003698497537260037,60,4,6,36.62624777597375,0.8083333333333333,0.6165030888996683,3.0,19.186350889600973,0.04094263259604194
Z,slew_constrained_beam_horizon,0.005,0.08,31,0.9933500731154314,0.0053433027697176085,0.004339283332491339,60,4,6,36.62624777597375,0.8083333333333333,0.6165030888996683,3.0,19.186350889600973,0.04094263259604194
Z,slew_constrained_beam_horizon,0.005,0.08,32,0.9953635309667848,0.004601785217688956,0.0011366288927464607,60,4,6,36.62624777597375,0.8083333333333333,0.6165030888996683,3.0,19.186350889600973,0.04094263259604194
Z,slew_constrained_beam_horizon,0.005,0.08,33,0.9950444746286535,0.0036358776233340264,0.0035957858189432645,60,4,6,36.62624777597375,0.8083333333333333,0.6165030888996683,3.0,19.186350889600973,0.04094263259604194
Z,slew_constrained_beam_horizon,0.005,0.08,34,0.9930324596480005,0.0038785803571429723,0.004543318484421022,60,4,6,36.62624777597375,0.8083333333333333,0.6165030888996683,3.0,19.186350889600973,0.04094263259604194
Z,slew_constrained_beam_horizon,0.005,0.08,35,0.9939037307025829,0.005142413745584833,0.0031634832977397442,60,4,6,36.62624777597375,0.8083333333333333,0.6165030888996683,3.0,19.186350889600973,0.04094263259604194
Z,slew_constrained_beam_horizon,0.005,0.08,36,0.9957689811548254,0.004777071888746116,0.0019950303433087235,60,4,6,36.62624777597375,0.8083333333333333,0.6165030888996683,3.0,19.186350889600973,0.04094263259604194
Z,slew_constrained_beam_horizon,0.005,0.08,37,0.993974686069526,0.005663876269208808,0.0052699864162663035,60,4,6,36.62624777597375,0.8083333333333333,0.6165030888996683,3.0,19.186350889600973,0.04094263259604194
Z,slew_constrained_beam_horizon,0.005,0.08,38,0.9958466574549756,0.0036469218481665323,0.0025339440259042334,60,4,6,36.62624777597375,0.8083333333333333,0.6165030888996683,3.0,19.186350889600973,0.04094263259604194
Z,slew_constrained_beam_horizon,0.005,0.08,39,0.9969724160674907,0.0067119497518046516,0.007976545739926344,60,4,6,36.62624777597375,0.8083333333333333,0.6165030888996683,3.0,19.186350889600973,0.04094263259604194
Z,slew_constrained_beam_horizon,0.005,0.08,40,0.9968944600519336,0.006715719721506872,0.00774987337553279,60,4,6,36.62624777597375,0.8083333333333333,0.6165030888996683,3.0,19.186350889600973,0.04094263259604194
Z,slew_constrained_beam_horizon,0.005,0.08,41,0.9952925246266938,0.0037416457460336307,0.00217399053341627,60,4,6,36.62624777597375,0.8083333333333333,0.6165030888996683,3.0,19.186350889600973,0.04094263259604194
Z,slew_constrained_beam_horizon,0.005,0.08,42,0.994544039413708,0.004095896968323576,0.004026710352566187,60,4,6,36.62624777597375,0.8083333333333333,0.6165030888996683,3.0,19.186350889600973,0.04094263259604194
Z,slew_constrained_beam_horizon,0.005,0.08,43,0.9939444804490147,0.003950220578492019,0.0031534246530686705,60,4,6,36.62624777597375,0.8083333333333333,0.6165030888996683,3.0,19.186350889600973,0.04094263259604194
Z,slew_constrained_beam_horizon,0.005,0.08,44,0.9959454916534137,0.0036324396224296338,0.002513433477309923,60,4,6,36.62624777597375,0.8083333333333333,0.6165030888996683,3.0,19.186350889600973,0.04094263259604194
Z,slew_constrained_beam_horizon,0.005,0.08,45,0.9942354483781743,0.005506298469278705,0.0017798405798793437,60,4,6,36.62624777597375,0.8083333333333333,0.6165030888996683,3.0,19.186350889600973,0.04094263259604194
Z,slew_constrained_beam_horizon,0.005,0.08,46,0.996290980993252,0.00446999052638866,0.0021118969960435274,60,4,6,36.62624777597375,0.8083333333333333,0.6165030888996683,3.0,19.186350889600973,0.04094263259604194
Z,slew_constrained_beam_horizon,0.005,0.08,47,0.9960366952823363,0.005042604175392049,0.008241834222504019,60,4,6,36.62624777597375,0.8083333333333333,0.6165030888996683,3.0,19.186350889600973,0.04094263259604194
Z,slew_constrained_beam_horizon,0.005,0.08,48,0.9966037045088774,0.005736901903660479,0.0033858148220762274,60,4,6,36.62624777597375,0.8083333333333333,0.6165030888996683,3.0,19.186350889600973,0.04094263259604194
Z,slew_constrained_beam_horizon,0.005,0.08,49,0.9964757841109497,0.005968161907103082,0.0040011110167502695,60,4,6,36.62624777597375,0.8083333333333333,0.6165030888996683,3.0,19.186350889600973,0.04094263259604194
Z,slew_constrained_beam_horizon,0.005,0.08,50,0.9952917347240233,0.0035067534238157807,0.003120254990481297,60,4,6,36.62624777597375,0.8083333333333333,0.6165030888996683,3.0,19.186350889600973,0.04094263259604194
Z,slew_constrained_beam_horizon,0.005,0.08,51,0.994461436806498,0.005554063958178983,0.001018688473688023,60,4,6,36.62624777597375,0.8083333333333333,0.6165030888996683,3.0,19.186350889600973,0.04094263259604194
Z,slew_constrained_beam_horizon,0.005,0.08,52,0.9956287390095734,0.003690966244204542,0.0020883129899305075,60,4,6,36.62624777597375,0.8083333333333333,0.6165030888996683,3.0,19.186350889600973,0.04094263259604194
Z,slew_constrained_beam_horizon,0.005,0.08,53,0.9937158349777669,0.003834748527789439,0.003955183447392097,60,4,6,36.62624777597375,0.8083333333333333,0.6165030888996683,3.0,19.186350889600973,0.04094263259604194
Z,slew_constrained_beam_horizon,0.005,0.08,54,0.9918286138984719,0.004332135513425099,0.005428173145540005,60,4,6,36.62624777597375,0.8083333333333333,0.6165030888996683,3.0,19.186350889600973,0.04094263259604194
Z,slew_constrained_beam_horizon,0.005,0.08,55,0.9962710706769413,0.006446218509913397,0.004777845765463584,60,4,6,36.62624777597375,0.8083333333333333,0.6165030888996683,3.0,19.186350889600973,0.04094263259604194
Z,slew_constrained_beam_horizon,0.005,0.08,56,0.9926120950853619,0.005110059987977063,0.004491817259157926,60,4,6,36.62624777597375,0.8083333333333333,0.6165030888996683,3.0,19.186350889600973,0.04094263259604194
Z,slew_constrained_beam_horizon,0.005,0.08,57,0.9954642854724483,0.005480703882434362,0.008249557680007902,60,4,6,36.62624777597375,0.8083333333333333,0.6165030888996683,3.0,19.186350889600973,0.04094263259604194
Z,slew_constrained_beam_horizon,0.005,0.08,58,0.9957088564257617,0.005112237339562018,0.008311369019268877,60,4,6,36.62624777597375,0.8083333333333333,0.6165030888996683,3.0,19.186350889600973,0.04094263259604194
Z,slew_constrained_beam_horizon,0.005,0.08,59,0.9949247591539699,0.006029777287671101,0.005737415497534926,60,4,6,36.62624777597375,0.8083333333333333,0.6165030888996683,3.0,19.186350889600973,0.04094263259604194
H,slew_constrained_beam_horizon,0.0,0.08,10,0.9984620366348255,0.00292995439699869,0.004481713743164417,60,4,8,48.21917789313011,5.579166666666667,2.683496730459257,5.595865303863627,141.8330067099483,0.22425143969948177
H,slew_constrained_beam_horizon,0.0,0.08,11,0.994343220463421,0.004885559907027693,0.009008254002793148,60,4,8,48.21917789313011,5.579166666666667,2.683496730459257,5.595865303863627,141.8330067099483,0.22425143969948177
H,slew_constrained_beam_horizon,0.0,0.08,12,0.9945621568410435,0.004852252366114947,0.009194484580380635,60,4,8,48.21917789313011,5.579166666666667,2.683496730459257,5.595865303863627,141.8330067099483,0.22425143969948177
H,slew_constrained_beam_horizon,0.0,0.08,13,0.9970500805517761,0.0034908448223701562,0.0028844892366046704,60,4,8,48.21917789313011,5.579166666666667,2.683496730459257,5.595865303863627,141.8330067099483,0.22425143969948177
H,slew_constrained_beam_horizon,0.0,0.08,14,0.9938945335475284,0.004398974254790761,0.0047119973177337515,60,4,8,48.21917789313011,5.579166666666667,2.683496730459257,5.595865303863627,141.8330067099483,0.22425143969948177
H,slew_constrained_beam_horizon,0.0,0.08,15,0.9971742685386503,0.0032567653897309645,0.004229924470609325,60,4,8,48.21917789313011,5.579166666666667,2.683496730459257,5.595865303863627,141.8330067099483,0.22425143969948177
H,slew_constrained_beam_horizon,0.0,0.08,16,0.9937198541569323,0.004491459678387002,0.0068773890758304645,60,4,8,48.21917789313011,5.579166666666667,2.683496730459257,5.595865303863627,141.8330067099483,0.22425143969948177
H,slew_constrained_beam_horizon,0.0,0.08,17,0.997204542431915,0.0032106280755669005,0.0023515625236920634,60,4,8,48.21917789313011,5.579166666666667,2.683496730459257,5.595865303863627,141.8330067099483,0.22425143969948177
H,slew_constrained_beam_horizon,0.0,0.08,18,0.9978381038001383,0.003273513446346683,0.004358629487032695,60,4,8,48.21917789313011,5.579166666666667,2.683496730459257,5.595865303863627,141.8330067099483,0.22425143969948177
H,slew_constrained_beam_horizon,0.0,0.08,19,0.9950602691711372,0.004433510925276107,0.008760191721173594,60,4,8,48.21917789313011,5.579166666666667,2.683496730459257,5.595865303863627,141.8330067099483,0.22425143969948177
H,slew_constrained_beam_horizon,0.0,0.08,20,0.9939043597772009,0.004759319831579896,0.008294167375343053,60,4,8,48.21917789313011,5.579166666666667,2.683496730459257,5.595865303863627,141.8330067099483,0.22425143969948177
H,slew_constrained_beam_horizon,0.0,0.08,21,0.997804572748856,0.0033133156109429376,0.004472760358028904,60,4,8,48.21917789313011,5.579166666666667,2.683496730459257,5.595865303863627,141.8330067099483,0.22425143969948177
H,slew_constrained_beam_horizon,0.0,0.08,22,0.9983009704126813,0.0030763048983244957,0.004812159162707164,60,4,8,48.21917789313011,5.579166666666667,2.683496730459257,5.595865303863627,141.8330067099483,0.22425143969948177
H,slew_constrained_beam_horizon,0.0,0.08,23,0.9978194860100293,0.003338915551555359,0.003753537136297669,60,4,8,48.21917789313011,5.579166666666667,2.683496730459257,5.595865303863627,141.8330067099483,0.22425143969948177
H,slew_constrained_beam_horizon,0.0,0.08,24,0.9964495882454265,0.003305434433943104,0.0022534395492920245,60,4,8,48.21917789313011,5.579166666666667,2.683496730459257,5.595865303863627,141.8330067099483,0.22425143969948177
H,slew_constrained_beam_horizon,0.0,0.08,25,0.9952289329200996,0.003626148826102554,0.0038577323259586516,60,4,8,48.21917789313011,5.579166666666667,2.683496730459257,5.595865303863627,141.8330067099483,0.22425143969948177
H,slew_constrained_beam_horizon,0.0,0.08,26,0.9979161240295388,0.003282713970241286,0.004229231862624028,60,4,8,48.21917789313011,5.579166666666667,2.683496730459257,5.595865303863627,141.8330067099483,0.22425143969948177
H,slew_constrained_beam_horizon,0.0,0.08,27,0.9966922020350141,0.004162794618635301,0.006775324926635684,60,4,8,48.21917789313011,5.579166666666667,2.683496730459257,5.595865303863627,141.8330067099483,0.22425143969948177
H,slew_constrained_beam_horizon,0.0,0.08,28,0.9973634653726653,0.002834689405856918,0.0030629892069893305,60,4,8,48.21917789313011,5.579166666666667,2.683496730459257,5.595865303863627,141.8330067099483,0.22425143969948177
H,slew_constrained_beam_horizon,0.0,0.08,29,0.997931928463224,0.0027010972006578948,0.003186366171677557,60,4,8,48.21917789313011,5.579166666666667,2.683496730459257,5.595865303863627,141.8330067099483,0.22425143969948177
H,slew_constrained_beam_horizon,0.0,0.08,30,0.997394512390644,0.003253694732375954,0.002493053500452813,60,4,8,48.21917789313011,5.579166666666667,2.683496730459257,5.595865303863627,141.8330067099483,0.22425143969948177
H,slew_constrained_beam_horizon,0.0,0.08,31,0.9937311701003633,0.004372168074186935,0.0061301558502050435,60,4,8,48.21917789313011,5.579166666666667,2.683496730459257,5.595865303863627,141.8330067099483,0.22425143969948177
H,slew_constrained_beam_horizon,0.0,0.08,32,0.997693319647724,0.003847167969666272,0.005940971097567194,60,4,8,48.21917789313011,5.579166666666667,2.683496730459257,5.595865303863627,141.8330067099483,0.22425143969948177
H,slew_constrained_beam_horizon,0.0,0.08,33,0.997874094211064,0.00305838924194422,0.004022360861346552,60,4,8,48.21917789313011,5.579166666666667,2.683496730459257,5.595865303863627,141.8330067099483,0.22425143969948177
H,slew_constrained_beam_horizon,0.0,0.08,34,0.9965964753241959,0.003485613922777686,0.005584700828854761,60,4,8,48.21917789313011,5.579166666666667,2.683496730459257,5.595865303863627,141.8330067099483,0.22425143969948177
H,slew_constrained_beam_horizon,0.0,0.08,35,0.9940322817728497,0.0042031244132442105,0.006266430760945352,60,4,8,48.21917789313011,5.579166666666667,2.683496730459257,5.595865303863627,141.8330067099483,0.22425143969948177
H,slew_constrained_beam_horizon,0.0,0.08,36,0.9978876423515366,0.0028208221553386913,0.0031602330633313525,60,4,8,48.21917789313011,5.579166666666667,2.683496730459257,5.595865303863627,141.8330067099483,0.22425143969948177
H,slew_constrained_beam_horizon,0.0,0.08,37,0.9941201913191005,0.004056975309111353,0.004660343320297855,60,4,8,48.21917789313011,5.579166666666667,2.683496730459257,5.595865303863627,141.8330067099483,0.22425143969948177
H,slew_constrained_beam_horizon,0.0,0.08,38,0.9977684503171783,0.0031565905334594623,0.003223926712003111,60,4,8,48.21917789313011,5.579166666666667,2.683496730459257,5.595865303863627,141.8330067099483,0.22425143969948177
H,slew_constrained_beam_horizon,0.0,0.08,39,0.9948285349486603,0.004862191164130072,0.009267525255357234,60,4,8,48.21917789313011,5.579166666666667,2.683496730459257,5.595865303863627,141.8330067099483,0.22425143969948177
H,slew_constrained_beam_horizon,0.0,0.08,40,0.9984392096785029,0.0030869476089401696,0.004976268159747943,60,4,8,48.21917789313011,5.579166666666667,2.683496730459257,5.595865303863627,141.8330067099483,0.22425143969948177
H,slew_constrained_beam_horizon,0.0,0.08,41,0.9966196369163619,0.003058528458312414,0.0036760894307762415,60,4,8,48.21917789313011,5.579166666666667,2.683496730459257,5.595865303863627,141.8330067099483,0.22425143969948177
H,slew_constrained_beam_horizon,0.0,0.08,42,0.9979628224488372,0.0031496674144627815,0.004009315864379359,60,4,8,48.21917789313011,5.579166666666667,2.683496730459257,5.595865303863627,141.8330067099483,0.22425143969948177
H,slew_constrained_beam_horizon,0.0,0.08,43,0.9979186410994936,0.0034463455405828224,0.005029888680685213,60,4,8,48.21917789313011,5.579166666666667,2.683496730459257,5.595865303863627,141.8330067099483,0.22425143969948177
H,slew_constrained_beam_horizon,0.0,0.08,44,0.9977735460239132,0.0031482424680257994,0.003336357142933677,60,4,8,48.21917789313011,5.579166666666667,2.683496730459257,5.595865303863627,141.8330067099483,0.22425143969948177
H,slew_constrained_beam_horizon,0.0,0.08,45,0.9980764778162041,0.0032564150760923116,0.004540565981240974,60,4,8,48.21917789313011,5.579166666666667,2.683496730459257,5.595865303863627,141.8330067099483,0.22425143969948177
H,slew_constrained_beam_horizon,0.0,0.08,46,0.9970803601319889,0.0037468318252202957,0.007599858707858509,60,4,8,48.21917789313011,5.579166666666667,2.683496730459257,5.595865303863627,141.8330067099483,0.22425143969948177
H,slew_constrained_beam_horizon,0.0,0.08,47,0.997446926021802,0.0030748640274705064,0.005207072785034961,60,4,8,48.21917789313011,5.579166666666667,2.683496730459257,5.595865303863627,141.8330067099483,0.22425143969948177
H,slew_constrained_beam_horizon,0.0,0.08,48,0.9959678292072225,0.004310427839830975,0.008635005363494597,60,4,8,48.21917789313011,5.579166666666667,2.683496730459257,5.595865303863627,141.8330067099483,0.22425143969948177
H,slew_constrained_beam_horizon,0.0,0.08,49,0.9964968371302481,0.004550877073878246,0.008485466193057789,60,4,8,48.21917789313011,5.579166666666667,2.683496730459257,5.595865303863627,141.8330067099483,0.22425143969948177
H,slew_constrained_beam_horizon,0.0,0.08,50,0.9978011880712486,0.0030591447796051077,0.003883738339821363,60,4,8,48.21917789313011,5.579166666666667,2.683496730459257,5.595865303863627,141.8330067099483,0.22425143969948177
H,slew_constrained_beam_horizon,0.0,0.08,51,0.9980504433440701,0.0032109672080655825,0.004505861207394379,60,4,8,48.21917789313011,5.579166666666667,2.683496730459257,5.595865303863627,141.8330067099483,0.22425143969948177
H,slew_constrained_beam_horizon,0.0,0.08,52,0.9968254651910364,0.0030165613355432716,0.004047082081728992,60,4,8,48.21917789313011,5.579166666666667,2.683496730459257,5.595865303863627,141.8330067099483,0.22425143969948177
H,slew_constrained_beam_horizon,0.0,0.08,53,0.997647819424703,0.00318573338042194,0.004753241754042681,60,4,8,48.21917789313011,5.579166666666667,2.683496730459257,5.595865303863627,141.8330067099483,0.22425143969948177
H,slew_constrained_beam_horizon,0.0,0.08,54,0.9945734067484969,0.003959204695307605,0.006587906078458605,60,4,8,48.21917789313011,5.579166666666667,2.683496730459257,5.595865303863627,141.8330067099483,0.22425143969948177
H,slew_constrained_beam_horizon,0.0,0.08,55,0.9961726461578664,0.004121123575985417,0.0033627293734894703,60,4,8,48.21917789313011,5.579166666666667,2.683496730459257,5.595865303863627,141.8330067099483,0.22425143969948177
H,slew_constrained_beam_horizon,0.0,0.08,56,0.9938622385313441,0.004337738786383242,0.0065723319985013795,60,4,8,48.21917789313011,5.579166666666667,2.683496730459257,5.595865303863627,141.8330067099483,0.22425143969948177
H,slew_constrained_beam_horizon,0.0,0.08,57,0.9948128287545535,0.004479157892668053,0.0065944907640286266,60,4,8,48.21917789313011,5.579166666666667,2.683496730459257,5.595865303863627,141.8330067099483,0.22425143969948177
H,slew_constrained_beam_horizon,0.0,0.08,58,0.9972194636604614,0.003151645277116746,0.005237386304287717,60,4,8,48.21917789313011,5.579166666666667,2.683496730459257,5.595865303863627,141.8330067099483,0.22425143969948177
H,slew_constrained_beam_horizon,0.0,0.08,59,0.9938515247123458,0.0045786648585327125,0.007666281807800601,60,4,8,48.21917789313011,5.579166666666667,2.683496730459257,5.595865303863627,141.8330067099483,0.22425143969948177
H,slew_constrained_beam_horizon,0.001,0.08,10,0.9976059872116976,0.0030889582545953797,0.005791747406211578,60,4,8,48.308026077924296,0.925,0.7506060164668051,3.0,31.78952002659731,0.06923835628371175
H,slew_constrained_beam_horizon,0.001,0.08,11,0.9972829352649626,0.002577748283542659,0.002288511949222749,60,4,8,48.308026077924296,0.925,0.7506060164668051,3.0,31.78952002659731,0.06923835628371175
H,slew_constrained_beam_horizon,0.001,0.08,12,0.9973309922785785,0.0026503075508698725,0.0027073623926742174,60,4,8,48.308026077924296,0.925,0.7506060164668051,3.0,31.78952002659731,0.06923835628371175
H,slew_constrained_beam_horizon,0.001,0.08,13,0.9986120362167596,0.0029926009934525886,0.006280324483719624,60,4,8,48.308026077924296,0.925,0.7506060164668051,3.0,31.78952002659731,0.06923835628371175
H,slew_constrained_beam_horizon,0.001,0.08,14,0.9972082309884767,0.0026491777694776807,0.006310285099797253,60,4,8,48.308026077924296,0.925,0.7506060164668051,3.0,31.78952002659731,0.06923835628371175
H,slew_constrained_beam_horizon,0.001,0.08,15,0.9986556486510341,0.0031253808197195384,0.007591262193388126,60,4,8,48.308026077924296,0.925,0.7506060164668051,3.0,31.78952002659731,0.06923835628371175
H,slew_constrained_beam_horizon,0.001,0.08,16,0.9972107207484722,0.002405917270859891,0.0035631049229776224,60,4,8,48.308026077924296,0.925,0.7506060164668051,3.0,31.78952002659731,0.06923835628371175
H,slew_constrained_beam_horizon,0.001,0.08,17,0.998676257898054,0.0023222077572668384,0.004820841877910098,60,4,8,48.308026077924296,0.925,0.7506060164668051,3.0,31.78952002659731,0.06923835628371175
H,slew_constrained_beam_horizon,0.001,0.08,18,0.9991809155058612,0.003931189177282328,0.010114146964074533,60,4,8,48.308026077924296,0.925,0.7506060164668051,3.0,31.78952002659731,0.06923835628371175
H,slew_constrained_beam_horizon,0.001,0.08,19,0.9972126227644921,0.00278064746001301,0.004041905066555773,60,4,8,48.308026077924296,0.925,0.7506060164668051,3.0,31.78952002659731,0.06923835628371175
H,slew_constrained_beam_horizon,0.001,0.08,20,0.9971176538371251,0.0024857228434832512,0.0024971554244096472,60,4,8,48.308026077924296,0.925,0.7506060164668051,3.0,31.78952002659731,0.06923835628371175
H,slew_constrained_beam_horizon,0.001,0.08,21,0.9983197590558296,0.004211668891721711,0.006000487564445489,60,4,8,48.308026077924296,0.925,0.7506060164668051,3.0,31.78952002659731,0.06923835628371175
H,slew_constrained_beam_horizon,0.001,0.08,22,0.9975812360229871,0.0031974268656031948,0.0062238429110965665,60,4,8,48.308026077924296,0.925,0.7506060164668051,3.0,31.78952002659731,0.06923835628371175
H,slew_constrained_beam_horizon,0.001,0.08,23,0.998863134457292,0.0021193668613143177,0.003559773040225811,60,4,8,48.308026077924296,0.925,0.7506060164668051,3.0,31.78952002659731,0.06923835628371175
H,slew_constrained_beam_horizon,0.001,0.08,24,0.998387769205558,0.0025970031426264953,0.006216266731762232,60,4,8,48.308026077924296,0.925,0.7506060164668051,3.0,31.78952002659731,0.06923835628371175
H,slew_constrained_beam_horizon,0.001,0.08,25,0.9978061002275204,0.002735590843373031,0.007680438581394888,60,4,8,48.308026077924296,0.925,0.7506060164668051,3.0,31.78952002659731,0.06923835628371175
H,slew_constrained_beam_horizon,0.001,0.08,26,0.9991295707051275,0.003787025354648545,0.009828094318765301,60,4,8,48.308026077924296,0.925,0.7506060164668051,3.0,31.78952002659731,0.06923835628371175
H,slew_constrained_beam_horizon,0.001,0.08,27,0.9983489482485782,0.002252035859268313,0.0032901548249235635,60,4,8,48.308026077924296,0.925,0.7506060164668051,3.0,31.78952002659731,0.06923835628371175
H,slew_constrained_beam_horizon,0.001,0.08,28,0.9972007451574599,0.002556643875022763,0.0028488772080377256,60,4,8,48.308026077924296,0.925,0.7506060164668051,3.0,31.78952002659731,0.06923835628371175
H,slew_constrained_beam_horizon,0.001,0.08,29,0.9970739689738628,0.002825257274972139,0.002973383660834883,60,4,8,48.308026077924296,0.925,0.7506060164668051,3.0,31.78952002659731,0.06923835628371175
H,slew_constrained_beam_horizon,0.001,0.08,30,0.9987354862451765,0.0026958909144142364,0.005273142456251878,60,4,8,48.308026077924296,0.925,0.7506060164668051,3.0,31.78952002659731,0.06923835628371175
H,slew_constrained_beam_horizon,0.001,0.08,31,0.9973747093210769,0.0024391513636315633,0.0043938060919782584,60,4,8,48.308026077924296,0.925,0.7506060164668051,3.0,31.78952002659731,0.06923835628371175
H,slew_constrained_beam_horizon,0.001,0.08,32,0.9989130470017514,0.002614449931477909,0.00347159946351272,60,4,8,48.308026077924296,0.925,0.7506060164668051,3.0,31.78952002659731,0.06923835628371175
H,slew_constrained_beam_horizon,0.001,0.08,33,0.9987463871533961,0.003028707364555533,0.006119622699007676,60,4,8,48.308026077924296,0.925,0.7506060164668051,3.0,31.78952002659731,0.06923835628371175
H,slew_constrained_beam_horizon,0.001,0.08,34,0.9985661444667867,0.0033853804094594766,0.007196924111239289,60,4,8,48.308026077924296,0.925,0.7506060164668051,3.0,31.78952002659731,0.06923835628371175
H,slew_constrained_beam_horizon,0.001,0.08,35,0.9972726290743831,0.0023005077782366746,0.003269052864110056,60,4,8,48.308026077924296,0.925,0.7506060164668051,3.0,31.78952002659731,0.06923835628371175
H,slew_constrained_beam_horizon,0.001,0.08,36,0.9976193246631835,0.0026765344681482974,0.004446168266270978,60,4,8,48.308026077924296,0.925,0.7506060164668051,3.0,31.78952002659731,0.06923835628371175
H,slew_constrained_beam_horizon,0.001,0.08,37,0.997485086633522,0.002410296272981317,0.0066977097336236024,60,4,8,48.308026077924296,0.925,0.7506060164668051,3.0,31.78952002659731,0.06923835628371175
H,slew_constrained_beam_horizon,0.001,0.08,38,0.9986882690748264,0.0017565740019352617,0.002633100796883059,60,4,8,48.308026077924296,0.925,0.7506060164668051,3.0,31.78952002659731,0.06923835628371175
H,slew_constrained_beam_horizon,0.001,0.08,39,0.9974763984930464,0.0027113520043965987,0.002618121722287259,60,4,8,48.308026077924296,0.925,0.7506060164668051,3.0,31.78952002659731,0.06923835628371175
H,slew_constrained_beam_horizon,0.001,0.08,40,0.9979187757189946,0.0032056803690600102,0.006080494848248685,60,4,8,48.308026077924296,0.925,0.7506060164668051,3.0,31.78952002659731,0.06923835628371175
H,slew_constrained_beam_horizon,0.001,0.08,41,0.9972272132424265,0.0023947277740025566,0.003248366353666876,60,4,8,48.308026077924296,0.925,0.7506060164668051,3.0,31.78952002659731,0.06923835628371175
H,slew_constrained_beam_horizon,0.001,0.08,42,0.9989310787720007,0.003492325264120338,0.007894318252212651,60,4,8,48.308026077924296,0.925,0.7506060164668051,3.0,31.78952002659731,0.06923835628371175
H,slew_constrained_beam_horizon,0.001,0.08,43,0.9985882399834275,0.004151928240620948,0.0055880950564677345,60,4,8,48.308026077924296,0.925,0.7506060164668051,3.0,31.78952002659731,0.06923835628371175
H,slew_constrained_beam_horizon,0.001,0.08,44,0.9986734082289436,0.0017626654449488521,0.0025710139759336226,60,4,8,48.308026077924296,0.925,0.7506060164668051,3.0,31.78952002659731,0.06923835628371175
H,slew_constrained_beam_horizon,0.001,0.08,45,0.999018037897339,0.0036543599168808493,0.009330967850194383,60,4,8,48.308026077924296,0.925,0.7506060164668051,3.0,31.78952002659731,0.06923835628371175
H,slew_constrained_beam_horizon,0.001,0.08,46,0.9976512110901273,0.003728235882362169,0.004369364334665726,60,4,8,48.308026077924296,0.925,0.7506060164668051,3.0,31.78952002659731,0.06923835628371175
H,slew_constrained_beam_horizon,0.001,0.08,47,0.9970176413552155,0.0035644071127112296,0.0085774860858151,60,4,8,48.308026077924296,0.925,0.7506060164668051,3.0,31.78952002659731,0.06923835628371175
H,slew_constrained_beam_horizon,0.001,0.08,48,0.9975614618177782,0.0032405170989895796,0.004006296609795901,60,4,8,48.308026077924296,0.925,0.7506060164668051,3.0,31.78952002659731,0.06923835628371175
H,slew_constrained_beam_horizon,0.001,0.08,49,0.9983804390177433,0.0030742511732573764,0.0029344750749015214,60,4,8,48.308026077924296,0.925,0.7506060164668051,3.0,31.78952002659731,0.06923835628371175
H,slew_constrained_beam_horizon,0.001,0.08,50,0.9986493528621285,0.0028250937972666553,0.0052951454255312225,60,4,8,48.308026077924296,0.925,0.7506060164668051,3.0,31.78952002659731,0.06923835628371175
H,slew_constrained_beam_horizon,0.001,0.08,51,0.9988527446148424,0.0034579084221952284,0.00859135933804045,60,4,8,48.308026077924296,0.925,0.7506060164668051,3.0,31.78952002659731,0.06923835628371175
H,slew_constrained_beam_horizon,0.001,0.08,52,0.99712664125183,0.0024995002349777772,0.003355999454276004,60,4,8,48.308026077924296,0.925,0.7506060164668051,3.0,31.78952002659731,0.06923835628371175
H,slew_constrained_beam_horizon,0.001,0.08,53,0.9988852537386298,0.0035592280947436186,0.008222110358893198,60,4,8,48.308026077924296,0.925,0.7506060164668051,3.0,31.78952002659731,0.06923835628371175
H,slew_constrained_beam_horizon,0.001,0.08,54,0.9981842969751025,0.0029277901175270506,0.0066897792230493636,60,4,8,48.308026077924296,0.925,0.7506060164668051,3.0,31.78952002659731,0.06923835628371175
H,slew_constrained_beam_horizon,0.001,0.08,55,0.9983633978006958,0.003295639037385142,0.006151078079530636,60,4,8,48.308026077924296,0.925,0.7506060164668051,3.0,31.78952002659731,0.06923835628371175
H,slew_constrained_beam_horizon,0.001,0.08,56,0.9976276566352678,0.002678606077517909,0.005832240394677002,60,4,8,48.308026077924296,0.925,0.7506060164668051,3.0,31.78952002659731,0.06923835628371175
H,slew_constrained_beam_horizon,0.001,0.08,57,0.9975596622774776,0.002610567713665575,0.0052237437147162336,60,4,8,48.308026077924296,0.925,0.7506060164668051,3.0,31.78952002659731,0.06923835628371175
H,slew_constrained_beam_horizon,0.001,0.08,58,0.9970384030518545,0.0035691779449132247,0.008878088077854507,60,4,8,48.308026077924296,0.925,0.7506060164668051,3.0,31.78952002659731,0.06923835628371175
H,slew_constrained_beam_horizon,0.001,0.08,59,0.9971032298879251,0.002412252893070301,0.002667229438397367,60,4,8,48.308026077924296,0.925,0.7506060164668051,3.0,31.78952002659731,0.06923835628371175
H,slew_constrained_beam_horizon,0.005,0.08,10,0.998777910825165,0.006104367947018545,0.0093598769537806,60,4,8,48.2480197600089,0.45416666666666666,0.5162297996034058,3.0,15.211697499850114,0.06321912863778148
H,slew_constrained_beam_horizon,0.005,0.08,11,0.9953757554512197,0.005831140200812981,0.007838364063147196,60,4,8,48.2480197600089,0.45416666666666666,0.5162297996034058,3.0,15.211697499850114,0.06321912863778148
H,slew_constrained_beam_horizon,0.005,0.08,12,0.9946702838636483,0.0054353506221865005,0.00646850593452053,60,4,8,48.2480197600089,0.45416666666666666,0.5162297996034058,3.0,15.211697499850114,0.06321912863778148
H,slew_constrained_beam_horizon,0.005,0.08,13,0.9917342951800308,0.006848496680319915,0.007125684983471325,60,4,8,48.2480197600089,0.45416666666666666,0.5162297996034058,3.0,15.211697499850114,0.06321912863778148
H,slew_constrained_beam_horizon,0.005,0.08,14,0.9924781337329045,0.016780673588124365,0.023219326867978562,60,4,8,48.2480197600089,0.45416666666666666,0.5162297996034058,3.0,15.211697499850114,0.06321912863778148
H,slew_constrained_beam_horizon,0.005,0.08,15,0.9983717819077503,0.0067069584594539305,0.009649171762230346,60,4,8,48.2480197600089,0.45416666666666666,0.5162297996034058,3.0,15.211697499850114,0.06321912863778148
H,slew_constrained_beam_horizon,0.005,0.08,16,0.9937295064444289,0.012467893633413727,0.01838631468110785,60,4,8,48.2480197600089,0.45416666666666666,0.5162297996034058,3.0,15.211697499850114,0.06321912863778148
H,slew_constrained_beam_horizon,0.005,0.08,17,0.9939375785860771,0.01484074491174643,0.018639716230724135,60,4,8,48.2480197600089,0.45416666666666666,0.5162297996034058,3.0,15.211697499850114,0.06321912863778148
H,slew_constrained_beam_horizon,0.005,0.08,18,0.9983728629100419,0.0029700049574390517,0.00536480508660564,60,4,8,48.2480197600089,0.45416666666666666,0.5162297996034058,3.0,15.211697499850114,0.06321912863778148
H,slew_constrained_beam_horizon,0.005,0.08,19,0.9911367307793799,0.008224969597027539,0.008551659278736135,60,4,8,48.2480197600089,0.45416666666666666,0.5162297996034058,3.0,15.211697499850114,0.06321912863778148
H,slew_constrained_beam_horizon,0.005,0.08,20,0.9944659757637203,0.0089673726803528,0.012794438442173206,60,4,8,48.2480197600089,0.45416666666666666,0.5162297996034058,3.0,15.211697499850114,0.06321912863778148
H,slew_constrained_beam_horizon,0.005,0.08,21,0.9958123558687499,0.009979256055490087,0.016453985964441253,60,4,8,48.2480197600089,0.45416666666666666,0.5162297996034058,3.0,15.211697499850114,0.06321912863778148
H,slew_constrained_beam_horizon,0.005,0.08,22,0.9989408810514921,0.005740186651663306,0.00902063759764915,60,4,8,48.2480197600089,0.45416666666666666,0.5162297996034058,3.0,15.211697499850114,0.06321912863778148
H,slew_constrained_beam_horizon,0.005,0.08,23,0.9952443179303483,0.009948680903823478,0.010119691453559287,60,4,8,48.2480197600089,0.45416666666666666,0.5162297996034058,3.0,15.211697499850114,0.06321912863778148
H,slew_constrained_beam_horizon,0.005,0.08,24,0.9937375293915195,0.017437715303784282,0.024714198027518175,60,4,8,48.2480197600089,0.45416666666666666,0.5162297996034058,3.0,15.211697499850114,0.06321912863778148
H,slew_constrained_beam_horizon,0.005,0.08,25,0.9936882575596182,0.019184628669812152,0.029675070644010426,60,4,8,48.2480197600089,0.45416666666666666,0.5162297996034058,3.0,15.211697499850114,0.06321912863778148
H,slew_constrained_beam_horizon,0.005,0.08,26,0.9988395937020419,0.002785923649488196,0.0039467665207667535,60,4,8,48.2480197600089,0.45416666666666666,0.5162297996034058,3.0,15.211697499850114,0.06321912863778148
H,slew_constrained_beam_horizon,0.005,0.08,27,0.9982906408716665,0.003474886120775272,0.005577493701074965,60,4,8,48.2480197600089,0.45416666666666666,0.5162297996034058,3.0,15.211697499850114,0.06321912863778148
H,slew_constrained_beam_horizon,0.005,0.08,28,0.9928611479245288,0.012784074308131256,0.01474401412287174,60,4,8,48.2480197600089,0.45416666666666666,0.5162297996034058,3.0,15.211697499850114,0.06321912863778148
H,slew_constrained_beam_horizon,0.005,0.08,29,0.9935397333500942,0.011896653144701026,0.014494799013209048,60,4,8,48.2480197600089,0.45416666666666666,0.5162297996034058,3.0,15.211697499850114,0.06321912863778148
H,slew_constrained_beam_horizon,0.005,0.08,30,0.9946888905132971,0.01388643664459862,0.018331885119600155,60,4,8,48.2480197600089,0.45416666666666666,0.5162297996034058,3.0,15.211697499850114,0.06321912863778148
H,slew_constrained_beam_horizon,0.005,0.08,31,0.9941031175840047,0.013374778895369276,0.02061904260986025,60,4,8,48.2480197600089,0.45416666666666666,0.5162297996034058,3.0,15.211697499850114,0.06321912863778148
H,slew_constrained_beam_horizon,0.005,0.08,32,0.9967054621047216,0.005388259799127408,0.005376091638498615,60,4,8,48.2480197600089,0.45416666666666666,0.5162297996034058,3.0,15.211697499850114,0.06321912863778148
H,slew_constrained_beam_horizon,0.005,0.08,33,0.9957524415669503,0.005220127160522969,0.00886701416464919,60,4,8,48.2480197600089,0.45416666666666666,0.5162297996034058,3.0,15.211697499850114,0.06321912863778148
H,slew_constrained_beam_horizon,0.005,0.08,34,0.9989921782863833,0.006140305425284465,0.014564340412412502,60,4,8,48.2480197600089,0.45416666666666666,0.5162297996034058,3.0,15.211697499850114,0.06321912863778148
H,slew_constrained_beam_horizon,0.005,0.08,35,0.992332535647817,0.014233830713107397,0.019307162003546763,60,4,8,48.2480197600089,0.45416666666666666,0.5162297996034058,3.0,15.211697499850114,0.06321912863778148
H,slew_constrained_beam_horizon,0.005,0.08,36,0.9964886511587723,0.00930972689862346,0.011880509969580233,60,4,8,48.2480197600089,0.45416666666666666,0.5162297996034058,3.0,15.211697499850114,0.06321912863778148
H,slew_constrained_beam_horizon,0.005,0.08,37,0.9920630251500101,0.019623388500264502,0.027917347536587034,60,4,8,48.2480197600089,0.45416666666666666,0.5162297996034058,3.0,15.211697499850114,0.06321912863778148
H,slew_constrained_beam_horizon,0.005,0.08,38,0.9946122449261744,0.00965445687847431,0.009609741412767048,60,4,8,48.2480197600089,0.45416666666666666,0.5162297996034058,3.0,15.211697499850114,0.06321912863778148
H,slew_constrained_beam_horizon,0.005,0.08,39,0.995014852994131,0.004292003944031508,0.004724309921464331,60,4,8,48.2480197600089,0.45416666666666666,0.5162297996034058,3.0,15.211697499850114,0.06321912863778148
H,slew_constrained_beam_horizon,0.005,0.08,40,0.9990894347490799,0.004526030039615176,0.006887486413646227,60,4,8,48.2480197600089,0.45416666666666666,0.5162297996034058,3.0,15.211697499850114,0.06321912863778148
H,slew_constrained_beam_horizon,0.005,0.08,41,0.9915108196245304,0.014107466329151146,0.015878290318880328,60,4,8,48.2480197600089,0.45416666666666666,0.5162297996034058,3.0,15.211697499850114,0.06321912863778148
H,slew_constrained_beam_horizon,0.005,0.08,42,0.9957836061444787,0.0040055476274179535,0.006931911034519178,60,4,8,48.2480197600089,0.45416666666666666,0.5162297996034058,3.0,15.211697499850114,0.06321912863778148
H,slew_constrained_beam_horizon,0.005,0.08,43,0.9954878106094178,0.008555974861211069,0.012295151387189951,60,4,8,48.2480197600089,0.45416666666666666,0.5162297996034058,3.0,15.211697499850114,0.06321912863778148
H,slew_constrained_beam_horizon,0.005,0.08,44,0.994662289921263,0.009411509669693662,0.009416049798226411,60,4,8,48.2480197600089,0.45416666666666666,0.5162297996034058,3.0,15.211697499850114,0.06321912863778148
H,slew_constrained_beam_horizon,0.005,0.08,45,0.9989856850797053,0.0025970229616107013,0.0031760568854443116,60,4,8,48.2480197600089,0.45416666666666666,0.5162297996034058,3.0,15.211697499850114,0.06321912863778148
H,slew_constrained_beam_horizon,0.005,0.08,46,0.9898200635655977,0.007804684892043872,0.009001104007507643,60,4,8,48.2480197600089,0.45416666666666666,0.5162297996034058,3.0,15.211697499850114,0.06321912863778148
H,slew_constrained_beam_horizon,0.005,0.08,47,0.9977752178194429,0.011022261543775263,0.021774123314366012,60,4,8,48.2480197600089,0.45416666666666666,0.5162297996034058,3.0,15.211697499850114,0.06321912863778148
H,slew_constrained_beam_horizon,0.005,0.08,48,0.9910509577661107,0.005977353625125688,0.00641019193329273,60,4,8,48.2480197600089,0.45416666666666666,0.5162297996034058,3.0,15.211697499850114,0.06321912863778148
H,slew_constrained_beam_horizon,0.005,0.08,49,0.9959190837703953,0.0017005006944991528,0.0029985602684607926,60,4,8,48.2480197600089,0.45416666666666666,0.5162297996034058,3.0,15.211697499850114,0.06321912863778148
H,slew_constrained_beam_horizon,0.005,0.08,50,0.9962855240658025,0.005505056307283562,0.009667555538970918,60,4,8,48.2480197600089,0.45416666666666666,0.5162297996034058,3.0,15.211697499850114,0.06321912863778148
H,slew_constrained_beam_horizon,0.005,0.08,51,0.9991044767897356,0.0033035233126288933,0.004530800549400027,60,4,8,48.2480197600089,0.45416666666666666,0.5162297996034058,3.0,15.211697499850114,0.06321912863778148
H,slew_constrained_beam_horizon,0.005,0.08,52,0.9909414615594984,0.014042178403346274,0.01555703656820584,60,4,8,48.2480197600089,0.45416666666666666,0.5162297996034058,3.0,15.211697499850114,0.06321912863778148
H,slew_constrained_beam_horizon,0.005,0.08,53,0.9978302138435042,0.004351072781619622,0.009469784541925486,60,4,8,48.2480197600089,0.45416666666666666,0.5162297996034058,3.0,15.211697499850114,0.06321912863778148
H,slew_constrained_beam_horizon,0.005,0.08,54,0.9967396297277238,0.012253095565570339,0.021653643535494038,60,4,8,48.2480197600089,0.45416666666666666,0.5162297996034058,3.0,15.211697499850114,0.06321912863778148
H,slew_constrained_beam_horizon,0.005,0.08,55,0.9916992905216726,0.006355735045816939,0.005155964638091981,60,4,8,48.2480197600089,0.45416666666666666,0.5162297996034058,3.0,15.211697499850114,0.06321912863778148
H,slew_constrained_beam_horizon,0.005,0.08,56,0.9960033324286279,0.012385861981286848,0.021890130263845453,60,4,8,48.2480197600089,0.45416666666666666,0.5162297996034058,3.0,15.211697499850114,0.06321912863778148
H,slew_constrained_beam_horizon,0.005,0.08,57,0.9984677431351874,0.006276126031649048,0.013283755327806568,60,4,8,48.2480197600089,0.45416666666666666,0.5162297996034058,3.0,15.211697499850114,0.06321912863778148
H,slew_constrained_beam_horizon,0.005,0.08,58,0.997802619845377,0.011484833028968343,0.022867636681267012,60,4,8,48.2480197600089,0.45416666666666666,0.5162297996034058,3.0,15.211697499850114,0.06321912863778148
H,slew_constrained_beam_horizon,0.005,0.08,59,0.9932789411675507,0.011234986578384244,0.015456505002145682,60,4,8,48.2480197600089,0.45416666666666666,0.5162297996034058,3.0,15.211697499850114,0.06321912863778148
