task,controller,disorder_strength,seed,final_fidelity,tail_infidelity_mean,tail_stability_range,pulse_energy,segments,horizon_steps,objective_mean,horizon_iterations,successful_steps,design_seconds
Z,finite_candidate_seed,0.05,10,0.9997938130820042,0.0008920659135025488,0.0019831056737885655,2.4291666666666667,60,4,0.0,0,60,24.254020980093628
Z,finite_candidate_seed,0.05,11,0.9983068176684974,0.0031314184029305877,0.006913460378096925,2.4291666666666667,60,4,0.0,0,60,24.254020980093628
Z,finite_candidate_seed,0.05,12,0.9981998334062376,0.003034242372666243,0.006679491770357204,2.4291666666666667,60,4,0.0,0,60,24.254020980093628
Z,finite_candidate_seed,0.05,13,0.9987781121752275,0.0003786593971759622,0.001211909954621948,2.4291666666666667,60,4,0.0,0,60,24.254020980093628
Z,finite_candidate_seed,0.05,14,0.9998261611971714,0.0011936446612228308,0.002239439075861216,2.4291666666666667,60,4,0.0,0,60,24.254020980093628
Z,finite_candidate_seed,0.05,15,0.9987789572670744,0.0008177025795053339,0.0015792502730929137,2.4291666666666667,60,4,0.0,0,60,24.254020980093628
Z,finite_candidate_seed,0.05,16,0.9977721163009106,0.003171899848560401,0.0077404781605034945,2.4291666666666667,60,4,0.0,0,60,24.254020980093628
Z,finite_candidate_seed,0.05,17,0.9997229133691246,0.0003092477196318794,0.0008322030794907231,2.4291666666666667,60,4,0.0,0,60,24.254020980093628
Z,finite_candidate_seed,0.05,18,0.9982430346602058,0.0007536530095298464,0.0017416827851206573,2.4291666666666667,60,4,0.0,0,60,24.254020980093628
Z,finite_candidate_seed,0.05,19,0.9975648345745725,0.002814665075365097,0.006483269131089431,2.4291666666666667,60,4,0.0,0,60,24.254020980093628
Z,finite_candidate_seed,0.05,20,0.9980072320124412,0.0033132527870178927,0.007628351096307662,2.4291666666666667,60,4,0.0,0,60,24.254020980093628
Z,finite_candidate_seed,0.05,21,0.998566358630586,0.0006878194089438358,0.0014535390829290007,2.4291666666666667,60,4,0.0,0,60,24.254020980093628
Z,finite_candidate_seed,0.05,22,0.9998871934603175,0.0009806294491936972,0.002294043399449275,2.4291666666666667,60,4,0.0,0,60,24.254020980093628
Z,finite_candidate_seed,0.05,23,0.9998733429063068,0.0003873042647342886,0.0012087554134062595,2.4291666666666667,60,4,0.0,0,60,24.254020980093628
Z,finite_candidate_seed,0.05,24,0.9996013449078953,0.00047714868156014154,0.0013119632013880445,2.4291666666666667,60,4,0.0,0,60,24.254020980093628
Z,finite_candidate_seed,0.05,25,0.9996198538173798,0.0008454435345565883,0.0019283873783489947,2.4291666666666667,60,4,0.0,0,60,24.254020980093628
Z,finite_candidate_seed,0.05,26,0.9985727306202541,0.0006581957762632143,0.0012477709392298975,2.4291666666666667,60,4,0.0,0,60,24.254020980093628
Z,finite_candidate_seed,0.05,27,0.9996646629373636,0.0016466995921688475,0.004073507287843725,2.4291666666666667,60,4,0.0,0,60,24.254020980093628
Z,finite_candidate_seed,0.05,28,0.9986755541839583,0.0009887612380321286,0.0017928525398843709,2.4291666666666667,60,4,0.0,0,60,24.254020980093628
Z,finite_candidate_seed,0.05,29,0.9988837992891437,0.0008829427941605683,0.0008978502084849849,2.4291666666666667,60,4,0.0,0,60,24.254020980093628
Z,finite_candidate_seed,0.05,30,0.9995641299371925,0.00035514713391933297,0.0009189616999405459,2.4291666666666667,60,4,0.0,0,60,24.254020980093628
Z,finite_candidate_seed,0.05,31,0.9977686770273079,0.0030033566189690765,0.007506032272732499,2.4291666666666667,60,4,0.0,0,60,24.254020980093628
Z,finite_candidate_seed,0.05,32,0.9995689183147702,0.0007579962522761957,0.0018713014063848066,2.4291666666666667,60,4,0.0,0,60,24.254020980093628
Z,finite_candidate_seed,0.05,33,0.9985509367512403,0.000872250438392495,0.002247396552419678,2.4291666666666667,60,4,0.0,0,60,24.254020980093628
Z,finite_candidate_seed,0.05,34,0.9980692192616626,0.0017244439379456257,0.004262947317410615,2.4291666666666667,60,4,0.0,0,60,24.254020980093628
Z,finite_candidate_seed,0.05,35,0.9976458530503779,0.0028397625045843465,0.0072491580579900905,2.4291666666666667,60,4,0.0,0,60,24.254020980093628
Z,finite_candidate_seed,0.05,36,0.99924208036952,0.0007915237377494547,0.0006385997016341571,2.4291666666666667,60,4,0.0,0,60,24.254020980093628
Z,finite_candidate_seed,0.05,37,0.9997630958949456,0.0009844939510653171,0.002032574065479187,2.4291666666666667,60,4,0.0,0,60,24.254020980093628
Z,finite_candidate_seed,0.05,38,0.9999853622730628,0.0004625757350548837,0.0016158426952032068,2.4291666666666667,60,4,0.0,0,60,24.254020980093628
Z,finite_candidate_seed,0.05,39,0.9983153676078568,0.0028733224528147204,0.006220960078442195,2.4291666666666667,60,4,0.0,0,60,24.254020980093628
Z,finite_candidate_seed,0.05,40,0.9997674585655011,0.0008542627864232928,0.001962372616596375,2.4291666666666667,60,4,0.0,0,60,24.254020980093628
Z,finite_candidate_seed,0.05,41,0.9982864472454506,0.0012711117451989196,0.0031029854346382724,2.4291666666666667,60,4,0.0,0,60,24.254020980093628
Z,finite_candidate_seed,0.05,42,0.9982945506874541,0.0007185836618704208,0.0018718621943062397,2.4291666666666667,60,4,0.0,0,60,24.254020980093628
Z,finite_candidate_seed,0.05,43,0.9985385181111497,0.0006682073965913044,0.0013937553096519117,2.4291666666666667,60,4,0.0,0,60,24.254020980093628
Z,finite_candidate_seed,0.05,44,0.9999696741817918,0.0004934179163561878,0.0016878478501262117,2.4291666666666667,60,4,0.0,0,60,24.254020980093628
Z,finite_candidate_seed,0.05,45,0.9988228549123666,0.0006152975727542732,0.0011266645035156175,2.4291666666666667,60,4,0.0,0,60,24.254020980093628
Z,finite_candidate_seed,0.05,46,0.9974700149636491,0.0016267874937584757,0.003942774928341386,2.4291666666666667,60,4,0.0,0,60,24.254020980093628
Z,finite_candidate_seed,0.05,47,0.9994728867023243,0.001106336055358353,0.0018904854254399028,2.4291666666666667,60,4,0.0,0,60,24.254020980093628
Z,finite_candidate_seed,0.05,48,0.997580964793326,0.002331472208049301,0.00529489048377596,2.4291666666666667,60,4,0.0,0,60,24.254020980093628
Z,finite_candidate_seed,0.05,49,0.9987374337152041,0.0017544211690664507,0.003615465995201239,2.4291666666666667,60,4,0.0,0,60,24.254020980093628
Z,finite_candidate_seed,0.05,50,0.9987126646730138,0.0010281799055099285,0.002544880012237183,2.4291666666666667,60,4,0.0,0,60,24.254020980093628
Z,finite_candidate_seed,0.05,51,0.998989373402762,0.0006346130306889958,0.001069642814906846,2.4291666666666667,60,4,0.0,0,60,24.254020980093628
Z,finite_candidate_seed,0.05,52,0.9982357709825173,0.001254205125762396,0.0030231414331414186,2.4291666666666667,60,4,0.0,0,60,24.254020980093628
Z,finite_candidate_seed,0.05,53,0.9981191862876969,0.0011083225941324476,0.0028242091464314445,2.4291666666666667,60,4,0.0,0,60,24.254020980093628
Z,finite_candidate_seed,0.05,54,0.9979174460078281,0.0021446319148951034,0.005676352014020947,2.4291666666666667,60,4,0.0,0,60,24.254020980093628
Z,finite_candidate_seed,0.05,55,0.9990309024300279,0.0004951099254027352,0.0008623915404494253,2.4291666666666667,60,4,0.0,0,60,24.254020980093628
Z,finite_candidate_seed,0.05,56,0.9978831497799717,0.002882792145129397,0.007168476317351291,2.4291666666666667,60,4,0.0,0,60,24.254020980093628
Z,finite_candidate_seed,0.05,57,0.9986808915070173,0.0028725010508964424,0.006385150364609293,2.4291666666666667,60,4,0.0,0,60,24.254020980093628
Z,finite_candidate_seed,0.05,58,0.9994897664365018,0.0011331043050460611,0.0019450193729709797,2.4291666666666667,60,4,0.0,0,60,24.254020980093628
Z,finite_candidate_seed,0.05,59,0.9977725073741606,0.0032465561449470746,0.007753764614398473,2.4291666666666667,60,4,0.0,0,60,24.254020980093628
Z,finite_candidate_seed,0.08,10,0.9998413335554615,0.0021139915002210343,0.004899497699878408,2.4291666666666667,60,4,0.0,0,60,24.254020980093628
Z,finite_candidate_seed,0.08,11,0.9968388366448139,0.0065805780130073765,0.011929754386994507,2.4291666666666667,60,4,0.0,0,60,24.254020980093628
Z,finite_candidate_seed,0.08,12,0.9965545268967997,0.00638102482286411,0.011528225610887288,2.4291666666666667,60,4,0.0,0,60,24.254020980093628
Z,finite_candidate_seed,0.08,13,0.996853284131699,0.0007900757895123328,0.003088763057611299,2.4291666666666667,60,4,0.0,0,60,24.254020980093628
Z,finite_candidate_seed,0.08,14,0.9990510089838078,0.0034062092566256286,0.00555053545640416,2.4291666666666667,60,4,0.0,0,60,24.254020980093628
Z,finite_candidate_seed,0.08,15,0.9978008721865151,0.001341139385396407,0.0014789715943721582,2.4291666666666667,60,4,0.0,0,60,24.254020980093628
Z,finite_candidate_seed,0.08,16,0.9957149059732355,0.006553061927346367,0.013710623890895834,2.4291666666666667,60,4,0.0,0,60,24.254020980093628
Z,finite_candidate_seed,0.08,17,0.9989092610527428,0.0007153210838599655,0.0019956234517251037,2.4291666666666667,60,4,0.0,0,60,24.254020980093628
Z,finite_candidate_seed,0.08,18,0.9960606415960694,0.001336336546511791,0.003796104961472424,2.4291666666666667,60,4,0.0,0,60,24.254020980093628
Z,finite_candidate_seed,0.08,19,0.9949492749378404,0.005936122000948465,0.011490822311111537,2.4291666666666667,60,4,0.0,0,60,24.254020980093628
Z,finite_candidate_seed,0.08,20,0.9962053798495382,0.006954008451181309,0.013461556900347782,2.4291666666666667,60,4,0.0,0,60,24.254020980093628
Z,finite_candidate_seed,0.08,21,0.996445542547059,0.0013744774965255622,0.0034830890860916286,2.4291666666666667,60,4,0.0,0,60,24.254020980093628
Z,finite_candidate_seed,0.08,22,0.9999321570926777,0.0024538101254819164,0.005584472099645965,2.4291666666666667,60,4,0.0,0,60,24.254020980093628
Z,finite_candidate_seed,0.08,23,0.999527429816069,0.0006228235693545111,0.001600297338661627,2.4291666666666667,60,4,0.0,0,60,24.254020980093628
Z,finite_candidate_seed,0.08,24,0.9985153501970145,0.0013098505957391986,0.003238934413668848,2.4291666666666667,60,4,0.0,0,60,24.254020980093628
Z,finite_candidate_seed,0.08,25,0.998520718593433,0.0024233986235290017,0.0044324681340099925,2.4291666666666667,60,4,0.0,0,60,24.254020980093628
Z,finite_candidate_seed,0.08,26,0.9969622453573943,0.0011126404734479798,0.002813144270706447,2.4291666666666667,60,4,0.0,0,60,24.254020980093628
Z,finite_candidate_seed,0.08,27,0.9996198109820028,0.0032913780546816296,0.00749571003990257,2.4291666666666667,60,4,0.0,0,60,24.254020980093628
Z,finite_candidate_seed,0.08,28,0.9976637909536714,0.0016255911153630043,0.0019378709444763942,2.4291666666666667,60,4,0.0,0,60,24.254020980093628
Z,finite_candidate_seed,0.08,29,0.9980724611136318,0.0015061167839296025,0.000995808533211462,2.4291666666666667,60,4,0.0,0,60,24.254020980093628
Z,finite_candidate_seed,0.08,30,0.998564687566122,0.0007847291885718131,0.0020930020184566356,2.4291666666666667,60,4,0.0,0,60,24.254020980093628
Z,finite_candidate_seed,0.08,31,0.9957304055314727,0.0061271079136013306,0.01317020512173217,2.4291666666666667,60,4,0.0,0,60,24.254020980093628
Z,finite_candidate_seed,0.08,32,0.9990562241804529,0.0012985002263387825,0.002985780989299469,2.4291666666666667,60,4,0.0,0,60,24.254020980093628
Z,finite_candidate_seed,0.08,33,0.9966136464615093,0.0017832447836369546,0.003014426828793826,2.4291666666666667,60,4,0.0,0,60,24.254020980093628
Z,finite_candidate_seed,0.08,34,0.9958421526385391,0.0034961161754543967,0.006580264735524088,2.4291666666666667,60,4,0.0,0,60,24.254020980093628
Z,finite_candidate_seed,0.08,35,0.9954080025111472,0.005769799454487694,0.012816445977820945,2.4291666666666667,60,4,0.0,0,60,24.254020980093628
Z,finite_candidate_seed,0.08,36,0.9989059786703296,0.0014008114562706982,0.0015744218072284433,2.4291666666666667,60,4,0.0,0,60,24.254020980093628
Z,finite_candidate_seed,0.08,37,0.9988302320482707,0.002874281911684501,0.004682165263515503,2.4291666666666667,60,4,0.0,0,60,24.254020980093628
Z,finite_candidate_seed,0.08,38,0.9999064755450576,0.0007938258991262181,0.0024322001847999486,2.4291666666666667,60,4,0.0,0,60,24.254020980093628
Z,finite_candidate_seed,0.08,39,0.9967883495009031,0.006021324952304794,0.010558445677994688,2.4291666666666667,60,4,0.0,0,60,24.254020980093628
Z,finite_candidate_seed,0.08,40,0.9997052592166978,0.002031143960600941,0.004693460625673329,2.4291666666666667,60,4,0.0,0,60,24.254020980093628
Z,finite_candidate_seed,0.08,41,0.9967873608041731,0.0021761822737281352,0.004514035446203657,2.4291666666666667,60,4,0.0,0,60,24.254020980093628
Z,finite_candidate_seed,0.08,42,0.9959195030275304,0.0014235369143659792,0.003931016018885569,2.4291666666666667,60,4,0.0,0,60,24.254020980093628
Z,finite_candidate_seed,0.08,43,0.9964121985572856,0.0012573233809042893,0.003483077651521227,2.4291666666666667,60,4,0.0,0,60,24.254020980093628
Z,finite_candidate_seed,0.08,44,0.9998933956624667,0.0008608312726816955,0.0026192872519361643,2.4291666666666667,60,4,0.0,0,60,24.254020980093628
Z,finite_candidate_seed,0.08,45,0.9975778201671512,0.001058489717733898,0.002238301928984332,2.4291666666666667,60,4,0.0,0,60,24.254020980093628
Z,finite_candidate_seed,0.08,46,0.9943539672153326,0.0032533400366982447,0.006416424982623736,2.4291666666666667,60,4,0.0,0,60,24.254020980093628
Z,finite_candidate_seed,0.08,47,0.9988237712299138,0.002779469679316791,0.0042192389669094554,2.4291666666666667,60,4,0.0,0,60,24.254020980093628
Z,finite_candidate_seed,0.08,48,0.9948212710319971,0.00488347765094481,0.008766486068784607,2.4291666666666667,60,4,0.0,0,60,24.254020980093628
Z,finite_candidate_seed,0.08,49,0.9974968148232797,0.003481419747509271,0.005095973862094927,2.4291666666666667,60,4,0.0,0,60,24.254020980093628
Z,finite_candidate_seed,0.08,50,0.9970801212026678,0.0021230351978341975,0.0035743254867068863,2.4291666666666667,60,4,0.0,0,60,24.254020980093628
Z,finite_candidate_seed,0.08,51,0.9980503668129886,0.0011053264510926595,0.0021498335465489626,2.4291666666666667,60,4,0.0,0,60,24.254020980093628
Z,finite_candidate_seed,0.08,52,0.9966267960009056,0.002147475565929894,0.004370160075969576,2.4291666666666667,60,4,0.0,0,60,24.254020980093628
Z,finite_candidate_seed,0.08,53,0.9956977219881995,0.0022123869220836124,0.004022631500039786,2.4291666666666667,60,4,0.0,0,60,24.254020980093628
Z,finite_candidate_seed,0.08,54,0.9960069646379438,0.004141036103082354,0.009252472291592428,2.4291666666666667,60,4,0.0,0,60,24.254020980093628
Z,finite_candidate_seed,0.08,55,0.9973399802788149,0.0012097224843775878,0.0023692018020292638,2.4291666666666667,60,4,0.0,0,60,24.254020980093628
Z,finite_candidate_seed,0.08,56,0.9959670903242561,0.005847951033214851,0.012331454147623933,2.4291666666666667,60,4,0.0,0,60,24.254020980093628
Z,finite_candidate_seed,0.08,57,0.9976239636852323,0.006022501944829348,0.010600881200213963,2.4291666666666667,60,4,0.0,0,60,24.254020980093628
Z,finite_candidate_seed,0.08,58,0.998793903021301,0.0028920748802717068,0.004188089935984629,2.4291666666666667,60,4,0.0,0,60,24.254020980093628
Z,finite_candidate_seed,0.08,59,0.9956745619817043,0.006774077393705476,0.013813142658920974,2.4291666666666667,60,4,0.0,0,60,24.254020980093628
Z,adjoint_state_horizon,0.05,10,0.9999097846557405,0.0013373626528687078,0.0023463985435567825,2.148690742848578,60,4,0.004392859560564512,411,22,53.27318398898933
Z,adjoint_state_horizon,0.05,11,0.9986335410064482,0.0025643293216031436,0.005968087795201971,2.148690742848578,60,4,0.004392859560564512,411,22,53.27318398898933
Z,adjoint_state_horizon,0.05,12,0.9986005575055076,0.0023482176515357,0.00555706059570904,2.148690742848578,60,4,0.004392859560564512,411,22,53.27318398898933
Z,adjoint_state_horizon,0.05,13,0.9990656044501792,0.0006284912094432877,0.0048669407432654355,2.148690742848578,60,4,0.004392859560564512,411,22,53.27318398898933
Z,adjoint_state_horizon,0.05,14,0.9989444960145392,0.002339498049736979,0.004022561445967021,2.148690742848578,60,4,0.004392859560564512,411,22,53.27318398898933
Z,adjoint_state_horizon,0.05,15,0.9994784241664938,0.0007283300205753911,0.002851952022053572,2.148690742848578,60,4,0.004392859560564512,411,22,53.27318398898933
Z,adjoint_state_horizon,0.05,16,0.9981000811101588,0.0027704896031673578,0.00699555971540855,2.148690742848578,60,4,0.004392859560564512,411,22,53.27318398898933
Z,adjoint_state_horizon,0.05,17,0.9993431306596773,0.0006307200516205275,0.001885566457071386,2.148690742848578,60,4,0.004392859560564512,411,22,53.27318398898933
Z,adjoint_state_horizon,0.05,18,0.999018668986693,0.0007910659045892421,0.004824056017964207,2.148690742848578,60,4,0.004392859560564512,411,22,53.27318398898933
Z,adjoint_state_horizon,0.05,19,0.9981513345220844,0.0019207766578417983,0.004969318755089436,2.148690742848578,60,4,0.004392859560564512,411,22,53.27318398898933
Z,adjoint_state_horizon,0.05,20,0.9983189875655656,0.002816629805335352,0.006764917739808696,2.148690742848578,60,4,0.004392859560564512,411,22,53.27318398898933
Z,adjoint_state_horizon,0.05,21,0.9983209063829707,0.0009325479744929707,0.002368267961686432,2.148690742848578,60,4,0.004392859560564512,411,22,53.27318398898933
Z,adjoint_state_horizon,0.05,22,0.9998861854404013,0.0015569747878325486,0.0027229584665361406,2.148690742848578,60,4,0.004392859560564512,411,22,53.27318398898933
Z,adjoint_state_horizon,0.05,23,0.9997973835109304,0.0003868460353240519,0.00148963792760759,2.148690742848578,60,4,0.004392859560564512,411,22,53.27318398898933
Z,adjoint_state_horizon,0.05,24,0.9989655085453542,0.001093605366825892,0.0028016646530759637,2.148690742848578,60,4,0.004392859560564512,411,22,53.27318398898933
Z,adjoint_state_horizon,0.05,25,0.998688557820819,0.0018514608374540049,0.0037970759466321446,2.148690742848578,60,4,0.004392859560564512,411,22,53.27318398898933
Z,adjoint_state_horizon,0.05,26,0.9993669411561733,0.0006538513486581239,0.0038014113391119375,2.148690742848578,60,4,0.004392859560564512,411,22,53.27318398898933
Z,adjoint_state_horizon,0.05,27,0.9997857786861443,0.0014793979250334792,0.003584167108688696,2.148690742848578,60,4,0.004392859560564512,411,22,53.27318398898933
Z,adjoint_state_horizon,0.05,28,0.999119018971911,0.0007992709250196948,0.0011630287838810816,2.148690742848578,60,4,0.004392859560564512,411,22,53.27318398898933
Z,adjoint_state_horizon,0.05,29,0.9991790480180821,0.0008720079865162783,0.001556768980797707,2.148690742848578,60,4,0.004392859560564512,411,22,53.27318398898933
Z,adjoint_state_horizon,0.05,30,0.9991993397963477,0.0006471900400469257,0.002002493182259313,2.148690742848578,60,4,0.004392859560564512,411,22,53.27318398898933
Z,adjoint_state_horizon,0.05,31,0.9980975088879385,0.002688139852905519,0.006888395264064595,2.148690742848578,60,4,0.004392859560564512,411,22,53.27318398898933
Z,adjoint_state_horizon,0.05,32,0.9997047440085814,0.00046383610070448275,0.001060009087905156,2.148690742848578,60,4,0.004392859560564512,411,22,53.27318398898933
Z,adjoint_state_horizon,0.05,33,0.9988730858532422,0.0010915995064082302,0.005448113881752259,2.148690742848578,60,4,0.004392859560564512,411,22,53.27318398898933
Z,adjoint_state_horizon,0.05,34,0.9984632590408555,0.0019167508828146986,0.005700357119045041,2.148690742848578,60,4,0.004392859560564512,411,22,53.27318398898933
Z,adjoint_state_horizon,0.05,35,0.9980701862169199,0.0023637012577717356,0.006363626764703589,2.148690742848578,60,4,0.004392859560564512,411,22,53.27318398898933
Z,adjoint_state_horizon,0.05,36,0.9996659452266394,0.000812801756900367,0.0013703681043379934,2.148690742848578,60,4,0.004392859560564512,411,22,53.27318398898933
Z,adjoint_state_horizon,0.05,37,0.99881041512042,0.0020747504608340348,0.004052081884495462,2.148690742848578,60,4,0.004392859560564512,411,22,53.27318398898933
Z,adjoint_state_horizon,0.05,38,0.9999334687190717,0.0005436254150668404,0.0025661361664207627,2.148690742848578,60,4,0.004392859560564512,411,22,53.27318398898933
Z,adjoint_state_horizon,0.05,39,0.9987301629455247,0.00216065272548596,0.0050674553388171395,2.148690742848578,60,4,0.004392859560564512,411,22,53.27318398898933
Z,adjoint_state_horizon,0.05,40,0.9999827564951489,0.0012591191721999474,0.002187775532630276,2.148690742848578,60,4,0.004392859560564512,411,22,53.27318398898933
Z,adjoint_state_horizon,0.05,41,0.9988148245482863,0.0009055700458250241,0.0022808862235257354,2.148690742848578,60,4,0.004392859560564512,411,22,53.27318398898933
Z,adjoint_state_horizon,0.05,42,0.9988113674989226,0.00088801571187235,0.005488775392954004,2.148690742848578,60,4,0.004392859560564512,411,22,53.27318398898933
Z,adjoint_state_horizon,0.05,43,0.9984584998652499,0.0006698560496030553,0.0019476610909031633,2.148690742848578,60,4,0.004392859560564512,411,22,53.27318398898933
Z,adjoint_state_horizon,0.05,44,0.9999256835193179,0.0005801902010396611,0.0026918570767536787,2.148690742848578,60,4,0.004392859560564512,411,22,53.27318398898933
Z,adjoint_state_horizon,0.05,45,0.9995830953117297,0.0006217104192836139,0.0031630547011077814,2.148690742848578,60,4,0.004392859560564512,411,22,53.27318398898933
Z,adjoint_state_horizon,0.05,46,0.9980705118756334,0.0008353049276168534,0.002194303224591576,2.148690742848578,60,4,0.004392859560564512,411,22,53.27318398898933
Z,adjoint_state_horizon,0.05,47,0.9988299168779176,0.002069470670103435,0.0036867565321239137,2.148690742848578,60,4,0.004392859560564512,411,22,53.27318398898933
Z,adjoint_state_horizon,0.05,48,0.9982268971032873,0.0013650655909432758,0.0035344153489048624,2.148690742848578,60,4,0.004392859560564512,411,22,53.27318398898933
Z,adjoint_state_horizon,0.05,49,0.9991701904846809,0.0010269921767621136,0.0026702939123256497,2.148690742848578,60,4,0.004392859560564512,411,22,53.27318398898933
Z,adjoint_state_horizon,0.05,50,0.9989453767585257,0.0012614424986824645,0.0052793431944599956,2.148690742848578,60,4,0.004392859560564512,411,22,53.27318398898933
Z,adjoint_state_horizon,0.05,51,0.9997049656588493,0.0006410962927867214,0.002703997688005222,2.148690742848578,60,4,0.004392859560564512,411,22,53.27318398898933
Z,adjoint_state_horizon,0.05,52,0.9987501261391583,0.0008775091292636539,0.002106599512520013,2.148690742848578,60,4,0.004392859560564512,411,22,53.27318398898933
Z,adjoint_state_horizon,0.05,53,0.998638598257813,0.0012795316619808638,0.005622467690897137,2.148690742848578,60,4,0.004392859560564512,411,22,53.27318398898933
Z,adjoint_state_horizon,0.05,54,0.9983604125831274,0.0020644765907292207,0.005413865763690406,2.148690742848578,60,4,0.004392859560564512,411,22,53.27318398898933
Z,adjoint_state_horizon,0.05,55,0.9992491833159215,0.0008719521885882909,0.004105862791188963,2.148690742848578,60,4,0.004392859560564512,411,22,53.27318398898933
Z,adjoint_state_horizon,0.05,56,0.9981597849737149,0.0027641330022220964,0.0068472314471953455,2.148690742848578,60,4,0.004392859560564512,411,22,53.27318398898933
Z,adjoint_state_horizon,0.05,57,0.9987610555159934,0.0028759438450189486,0.006228785868439668,2.148690742848578,60,4,0.004392859560564512,411,22,53.27318398898933
Z,adjoint_state_horizon,0.05,58,0.9987750543868724,0.0021563612869866054,0.0037831612501081358,2.148690742848578,60,4,0.004392859560564512,411,22,53.27318398898933
Z,adjoint_state_horizon,0.05,59,0.9981330281074542,0.002725928335350808,0.006833006690033172,2.148690742848578,60,4,0.004392859560564512,411,22,53.27318398898933
Z,adjoint_state_horizon,0.08,10,0.9998146379288937,0.0030291414221562418,0.004835140753893574,2.148690742848578,60,4,0.004392859560564512,411,22,53.27318398898933
Z,adjoint_state_horizon,0.08,11,0.9969274906878072,0.006010085711100861,0.011230201758949732,2.148690742848578,60,4,0.004392859560564512,411,22,53.27318398898933
Z,adjoint_state_horizon,0.08,12,0.9968701695959798,0.005491684354202766,0.010386780308969334,2.148690742848578,60,4,0.004392859560564512,411,22,53.27318398898933
Z,adjoint_state_horizon,0.08,13,0.9972363911120197,0.0012105328574014097,0.007781734974918408,2.148690742848578,60,4,0.004392859560564512,411,22,53.27318398898933
Z,adjoint_state_horizon,0.08,14,0.9970079215024443,0.00574095785664408,0.008789394837895759,2.148690742848578,60,4,0.004392859560564512,411,22,53.27318398898933
Z,adjoint_state_horizon,0.08,15,0.9987795811114726,0.0012656859088128619,0.003795936135202127,2.148690742848578,60,4,0.004392859560564512,411,22,53.27318398898933
Z,adjoint_state_horizon,0.08,16,0.9956420591639286,0.006362151181975277,0.0135004801983033,2.148690742848578,60,4,0.004392859560564512,411,22,53.27318398898933
Z,adjoint_state_horizon,0.08,17,0.9982001232435014,0.0013706365044955028,0.00379302585682606,2.148690742848578,60,4,0.004392859560564512,411,22,53.27318398898933
Z,adjoint_state_horizon,0.08,18,0.997353756754218,0.001487792914839205,0.007543587581025468,2.148690742848578,60,4,0.004392859560564512,411,22,53.27318398898933
Z,adjoint_state_horizon,0.08,19,0.9957864111247499,0.004441774400491845,0.009348113497498423,2.148690742848578,60,4,0.004392859560564512,411,22,53.27318398898933
Z,adjoint_state_horizon,0.08,20,0.9961721076095681,0.006562888673692053,0.01298130629992622,2.148690742848578,60,4,0.004392859560564512,411,22,53.27318398898933
Z,adjoint_state_horizon,0.08,21,0.9959481436879626,0.002003088670345018,0.004310538532053543,2.148690742848578,60,4,0.004392859560564512,411,22,53.27318398898933
Z,adjoint_state_horizon,0.08,22,0.9996816515838244,0.003626581807128578,0.0054881384134216615,2.148690742848578,60,4,0.004392859560564512,411,22,53.27318398898933
Z,adjoint_state_horizon,0.08,23,0.9994550758548731,0.000682436230545416,0.001470858123174268,2.148690742848578,60,4,0.004392859560564512,411,22,53.27318398898933
Z,adjoint_state_horizon,0.08,24,0.9971966625678377,0.002598626546335316,0.005719145944681814,2.148690742848578,60,4,0.004392859560564512,411,22,53.27318398898933
Z,adjoint_state_horizon,0.08,25,0.9964608582670267,0.004555970686387903,0.008351782574608224,2.148690742848578,60,4,0.004392859560564512,411,22,53.27318398898933
Z,adjoint_state_horizon,0.08,26,0.9983034368579058,0.001107555379925821,0.005562044544367151,2.148690742848578,60,4,0.004392859560564512,411,22,53.27318398898933
Z,adjoint_state_horizon,0.08,27,0.9995126286703951,0.003450255021699984,0.006717489859262016,2.148690742848578,60,4,0.004392859560564512,411,22,53.27318398898933
Z,adjoint_state_horizon,0.08,28,0.9981629423291686,0.001444805731372392,0.0016296395383607054,2.148690742848578,60,4,0.004392859560564512,411,22,53.27318398898933
Z,adjoint_state_horizon,0.08,29,0.9983235484561113,0.0016762104687382347,0.0024382611776277985,2.148690742848578,60,4,0.004392859560564512,411,22,53.27318398898933
Z,adjoint_state_horizon,0.08,30,0.9978743682204868,0.0014134121534574717,0.0039855840669124065,2.148690742848578,60,4,0.004392859560564512,411,22,53.27318398898933
Z,adjoint_state_horizon,0.08,31,0.9956239650688417,0.006119463278357013,0.01324491411749451,2.148690742848578,60,4,0.004392859560564512,411,22,53.27318398898933
Z,adjoint_state_horizon,0.08,32,0.9993623820827798,0.000849744880470208,0.0015794591296799387,2.148690742848578,60,4,0.004392859560564512,411,22,53.27318398898933
Z,adjoint_state_horizon,0.08,33,0.9968462490217946,0.0024169298754780698,0.008271887096595543,2.148690742848578,60,4,0.004392859560564512,411,22,53.27318398898933
Z,adjoint_state_horizon,0.08,34,0.9960660421831588,0.004322521864562749,0.009057332322476741,2.148690742848578,60,4,0.004392859560564512,411,22,53.27318398898933
Z,adjoint_state_horizon,0.08,35,0.9955661934533557,0.005353818544818884,0.012243529035090961,2.148690742848578,60,4,0.004392859560564512,411,22,53.27318398898933
Z,adjoint_state_horizon,0.08,36,0.9994012158488141,0.001532655659571101,0.002102089776404359,2.148690742848578,60,4,0.004392859560564512,411,22,53.27318398898933
Z,adjoint_state_horizon,0.08,37,0.9966856595382909,0.005115143345848514,0.008986997666713403,2.148690742848578,60,4,0.004392859560564512,411,22,53.27318398898933
Z,adjoint_state_horizon,0.08,38,0.9997396682905505,0.0010813803912392156,0.0031663115022485533,2.148690742848578,60,4,0.004392859560564512,411,22,53.27318398898933
Z,adjoint_state_horizon,0.08,39,0.9971856498265779,0.005044766323989664,0.009317388488594203,2.148690742848578,60,4,0.004392859560564512,411,22,53.27318398898933
Z,adjoint_state_horizon,0.08,40,0.9999313904309942,0.0027812190470151922,0.0045460139393891374,2.148690742848578,60,4,0.004392859560564512,411,22,53.27318398898933
Z,adjoint_state_horizon,0.08,41,0.9974014777559667,0.0016967035511433577,0.0037656226416922234,2.148690742848578,60,4,0.004392859560564512,411,22,53.27318398898933
Z,adjoint_state_horizon,0.08,42,0.9966625900975021,0.0018500188744376722,0.00863951365130744,2.148690742848578,60,4,0.004392859560564512,411,22,53.27318398898933
Z,adjoint_state_horizon,0.08,43,0.996291812178394,0.0013563832898102822,0.003621594288181429,2.148690742848578,60,4,0.004392859560564512,411,22,53.27318398898933
Z,adjoint_state_horizon,0.08,44,0.9997138580383067,0.0011767676868878944,0.003423845309014073,2.148690742848578,60,4,0.004392859560564512,411,22,53.27318398898933
Z,adjoint_state_horizon,0.08,45,0.9988748151254068,0.0010166293823012928,0.004448734187758596,2.148690742848578,60,4,0.004392859560564512,411,22,53.27318398898933
Z,adjoint_state_horizon,0.08,46,0.9955486240753475,0.0017224395015955714,0.004300469811882146,2.148690742848578,60,4,0.004392859560564512,411,22,53.27318398898933
Z,adjoint_state_horizon,0.08,47,0.9971788956345937,0.005005438672638209,0.007529689647875815,2.148690742848578,60,4,0.004392859560564512,411,22,53.27318398898933
Z,adjoint_state_horizon,0.08,48,0.9959690262719346,0.003093263905802651,0.006228796252932156,2.148690742848578,60,4,0.004392859560564512,411,22,53.27318398898933
Z,adjoint_state_horizon,0.08,49,0.9982366321372369,0.002243959090014744,0.004468060525133266,2.148690742848578,60,4,0.004392859560564512,411,22,53.27318398898933
Z,adjoint_state_horizon,0.08,50,0.9970689882143654,0.002865803668288318,0.00774790602019948,2.148690742848578,60,4,0.004392859560564512,411,22,53.27318398898933
Z,adjoint_state_horizon,0.08,51,0.9992329171050023,0.0010631438599565475,0.0034784512608873053,2.148690742848578,60,4,0.004392859560564512,411,22,53.27318398898933
Z,adjoint_state_horizon,0.08,52,0.9972566999693122,0.0016339924374408556,0.003439464594656383,2.148690742848578,60,4,0.004392859560564512,411,22,53.27318398898933
Z,adjoint_state_horizon,0.08,53,0.9963373577505347,0.0027955520546451176,0.008907814162204986,2.148690742848578,60,4,0.004392859560564512,411,22,53.27318398898933
Z,adjoint_state_horizon,0.08,54,0.9961510599076984,0.004533532006299237,0.01002115983195373,2.148690742848578,60,4,0.004392859560564512,411,22,53.27318398898933
Z,adjoint_state_horizon,0.08,55,0.9977221568841699,0.0017443606577561234,0.006155815329464853,2.148690742848578,60,4,0.004392859560564512,411,22,53.27318398898933
Z,adjoint_state_horizon,0.08,56,0.9957241221715982,0.0062752257232367055,0.013058426098426668,2.148690742848578,60,4,0.004392859560564512,411,22,53.27318398898933
Z,adjoint_state_horizon,0.08,57,0.9970326157421913,0.006767567501457239,0.011695569542668482,2.148690742848578,60,4,0.004392859560564512,411,22,53.27318398898933
Z,adjoint_state_horizon,0.08,58,0.9970077617877426,0.005238884479260037,0.007754822831747221,2.148690742848578,60,4,0.004392859560564512,411,22,53.27318398898933
Z,adjoint_state_horizon,0.08,59,0.9957316268992209,0.006303829333249193,0.013189394661674347,2.148690742848578,60,4,0.004392859560564512,411,22,53.27318398898933
H,finite_candidate_seed,0.05,10,0.9953625144638087,0.009116145355830555,0.013025329412751696,2.529166666666667,60,4,0.0,0,60,31.80034334002994
H,finite_candidate_seed,0.05,11,0.9994937007066486,0.002803730102700408,0.008968518886391275,2.529166666666667,60,4,0.0,0,60,31.80034334002994
H,finite_candidate_seed,0.05,12,0.9995784515611401,0.002540137279053701,0.008542061942395596,2.529166666666667,60,4,0.0,0,60,31.80034334002994
H,finite_candidate_seed,0.05,13,0.9989702853194276,0.0030160327180242144,0.007235328859833023,2.529166666666667,60,4,0.0,0,60,31.80034334002994
H,finite_candidate_seed,0.05,14,0.9965054977683064,0.002712956364882583,0.008079320013209323,2.529166666666667,60,4,0.0,0,60,31.80034334002994
H,finite_candidate_seed,0.05,15,0.9916293746400004,0.007036688417911181,0.006945624531761174,2.529166666666667,60,4,0.0,0,60,31.80034334002994
H,finite_candidate_seed,0.05,16,0.9958953293484777,0.002955589298169047,0.006539024354512923,2.529166666666667,60,4,0.0,0,60,31.80034334002994
H,finite_candidate_seed,0.05,17,0.9899089631672957,0.007715879907473569,0.010199060349981526,2.529166666666667,60,4,0.0,0,60,31.80034334002994
H,finite_candidate_seed,0.05,18,0.997196822897325,0.0015872947634732416,0.0022896618610889208,2.529166666666667,60,4,0.0,0,60,31.80034334002994
H,finite_candidate_seed,0.05,19,0.998440161559613,0.0022904684359570894,0.006322925453094208,2.529166666666667,60,4,0.0,0,60,31.80034334002994
H,finite_candidate_seed,0.05,20,0.9983039657917196,0.0025457630160758116,0.007702965368289516,2.529166666666667,60,4,0.0,0,60,31.80034334002994
H,finite_candidate_seed,0.05,21,0.9980367247006721,0.001412767871477551,0.00392393447902184,2.529166666666667,60,4,0.0,0,60,31.80034334002994
H,finite_candidate_seed,0.05,22,0.9965758473230728,0.008017400161520673,0.013148322333701334,2.529166666666667,60,4,0.0,0,60,31.80034334002994
H,finite_candidate_seed,0.05,23,0.9908928030104223,0.009559103352158097,0.01029316389128232,2.529166666666667,60,4,0.0,0,60,31.80034334002994
H,finite_candidate_seed,0.05,24,0.9908141646927833,0.005669576847076765,0.01137576214250191,2.529166666666667,60,4,0.0,0,60,31.80034334002994
H,finite_candidate_seed,0.05,25,0.9930957649939883,0.0036913539610447734,0.010162064380453417,2.529166666666667,60,4,0.0,0,60,31.80034334002994
H,finite_candidate_seed,0.05,26,0.9955020994590045,0.003301450115282276,0.004392305401219265,2.529166666666667,60,4,0.0,0,60,31.80034334002994
H,finite_candidate_seed,0.05,27,0.9969163534554322,0.008337363025751662,0.016841350770027574,2.529166666666667,60,4,0.0,0,60,31.80034334002994
H,finite_candidate_seed,0.05,28,0.9914200884659701,0.010870133442742534,0.009648081896538208,2.529166666666667,60,4,0.0,0,60,31.80034334002994
H,finite_candidate_seed,0.05,29,0.993055968449421,0.010841317147183428,0.01223134679077964,2.529166666666667,60,4,0.0,0,60,31.80034334002994
H,finite_candidate_seed,0.05,30,0.9908490819889647,0.006497476358907158,0.010008346277158964,2.529166666666667,60,4,0.0,0,60,31.80034334002994
H,finite_candidate_seed,0.05,31,0.9948433362473852,0.003239838716486365,0.006085669090791779,2.529166666666667,60,4,0.0,0,60,31.80034334002994
H,finite_candidate_seed,0.05,32,0.9938268952960096,0.007404913627710734,0.009762457076275766,2.529166666666667,60,4,0.0,0,60,31.80034334002994
H,finite_candidate_seed,0.05,33,0.9995421415896495,0.003569889414268894,0.01163586065624278,2.529166666666667,60,4,0.0,0,60,31.80034334002994
H,finite_candidate_seed,0.05,34,0.9986357062795044,0.001802463415733091,0.0068759505358672035,2.529166666666667,60,4,0.0,0,60,31.80034334002994
H,finite_candidate_seed,0.05,35,0.9939239437892813,0.00404124538737954,0.005704746473231603,2.529166666666667,60,4,0.0,0,60,31.80034334002994
H,finite_candidate_seed,0.05,36,0.9915625529473877,0.010997811872039555,0.009964005880180649,2.529166666666667,60,4,0.0,0,60,31.80034334002994
H,finite_candidate_seed,0.05,37,0.9938041667580017,0.00365849057526874,0.010121355317614267,2.529166666666667,60,4,0.0,0,60,31.80034334002994
H,finite_candidate_seed,0.05,38,0.9919341828419722,0.011053062130682783,0.01289232379410421,2.529166666666667,60,4,0.0,0,60,31.80034334002994
H,finite_candidate_seed,0.05,39,0.9997862899419802,0.0026804688671703955,0.008808930379544666,2.529166666666667,60,4,0.0,0,60,31.80034334002994
H,finite_candidate_seed,0.05,40,0.9958300883299519,0.007915343250674787,0.011510864828558676,2.529166666666667,60,4,0.0,0,60,31.80034334002994
H,finite_candidate_seed,0.05,41,0.9909124375042123,0.009837164508899564,0.008119081962335795,2.529166666666667,60,4,0.0,0,60,31.80034334002994
H,finite_candidate_seed,0.05,42,0.9999011432565266,0.0016584286130687349,0.006922128354354018,2.529166666666667,60,4,0.0,0,60,31.80034334002994
H,finite_candidate_seed,0.05,43,0.9975111962121362,0.0015292508231762058,0.0038866140234381508,2.529166666666667,60,4,0.0,0,60,31.80034334002994
H,finite_candidate_seed,0.05,44,0.9922746838790558,0.011029132022056132,0.013587310534694086,2.529166666666667,60,4,0.0,0,60,31.80034334002994
H,finite_candidate_seed,0.05,45,0.9950120614553211,0.004408517428152984,0.006075153816654688,2.529166666666667,60,4,0.0,0,60,31.80034334002994
H,finite_candidate_seed,0.05,46,0.9991198343688128,0.002520052413066785,0.004627700806882906,2.529166666666667,60,4,0.0,0,60,31.80034334002994
H,finite_candidate_seed,0.05,47,0.9988942042406429,0.005165766754147807,0.012238862056822342,2.529166666666667,60,4,0.0,0,60,31.80034334002994
H,finite_candidate_seed,0.05,48,0.9994908976886223,0.0017761401317911963,0.005654158792562036,2.529166666666667,60,4,0.0,0,60,31.80034334002994
H,finite_candidate_seed,0.05,49,0.9987621158420572,0.0034786180291801814,0.00799145149957281,2.529166666666667,60,4,0.0,0,60,31.80034334002994
H,finite_candidate_seed,0.05,50,0.9992386601229649,0.004627470320570161,0.013842538468149201,2.529166666666667,60,4,0.0,0,60,31.80034334002994
H,finite_candidate_seed,0.05,51,0.9940489425868833,0.005766814638561315,0.007301759369798488,2.529166666666667,60,4,0.0,0,60,31.80034334002994
H,finite_candidate_seed,0.05,52,0.9916238347486097,0.00971904267567775,0.008413709559442428,2.529166666666667,60,4,0.0,0,60,31.80034334002994
H,finite_candidate_seed,0.05,53,0.9994077274757445,0.001476075511068038,0.00648993158457023,2.529166666666667,60,4,0.0,0,60,31.80034334002994
H,finite_candidate_seed,0.05,54,0.9930302435216058,0.0036165848855857882,0.005960823545540284,2.529166666666667,60,4,0.0,0,60,31.80034334002994
H,finite_candidate_seed,0.05,55,0.9995484600556197,0.001452620907081195,0.0047710540267850154,2.529166666666667,60,4,0.0,0,60,31.80034334002994
H,finite_candidate_seed,0.05,56,0.9953441648880074,0.0027980679000264063,0.005945352192197384,2.529166666666667,60,4,0.0,0,60,31.80034334002994
H,finite_candidate_seed,0.05,57,0.9994272668847592,0.004015056830203286,0.01270958646864706,2.529166666666667,60,4,0.0,0,60,31.80034334002994
H,finite_candidate_seed,0.05,58,0.9989633448054673,0.004576403953797923,0.011265106618832732,2.529166666666667,60,4,0.0,0,60,31.80034334002994
H,finite_candidate_seed,0.05,59,0.9968746686152712,0.00273369081355321,0.0069603889908985694,2.529166666666667,60,4,0.0,0,60,31.80034334002994
H,finite_candidate_seed,0.08,10,0.988256751938713,0.02213209338736144,0.02676124704759031,2.529166666666667,60,4,0.0,0,60,31.80034334002994
H,finite_candidate_seed,0.08,11,0.9985068782419364,0.006085082223918314,0.015451886430562833,2.529166666666667,60,4,0.0,0,60,31.80034334002994
H,finite_candidate_seed,0.08,12,0.9987342063247173,0.005411413127796054,0.014545773858665845,2.529166666666667,60,4,0.0,0,60,31.80034334002994
H,finite_candidate_seed,0.08,13,0.9974029690148101,0.006599103991234679,0.013385873164569184,2.529166666666667,60,4,0.0,0,60,31.80034334002994
H,finite_candidate_seed,0.08,14,0.9910385025254594,0.005872248928191945,0.015407644977745605,2.529166666666667,60,4,0.0,0,60,31.80034334002994
H,finite_candidate_seed,0.08,15,0.9792746234768955,0.016200395370930362,0.012748362288624748,2.529166666666667,60,4,0.0,0,60,31.80034334002994
H,finite_candidate_seed,0.08,16,0.9899143250410648,0.006208501682433869,0.012123308452444359,2.529166666666667,60,4,0.0,0,60,31.80034334002994
H,finite_candidate_seed,0.08,17,0.9732901938322711,0.019504208874063702,0.019272385974295148,2.529166666666667,60,4,0.0,0,60,31.80034334002994
H,finite_candidate_seed,0.08,18,0.9928226478735198,0.002939450281673417,0.006612566243659135,2.529166666666667,60,4,0.0,0,60,31.80034334002994
H,finite_candidate_seed,0.08,19,0.9960469342263286,0.004598290995612264,0.010456918918853142,2.529166666666667,60,4,0.0,0,60,31.80034334002994
H,finite_candidate_seed,0.08,20,0.9956265102932255,0.005395698107365971,0.012028120454247948,2.529166666666667,60,4,0.0,0,60,31.80034334002994
H,finite_candidate_seed,0.08,21,0.9950955994007499,0.002296392346334497,0.006144042975939845,2.529166666666667,60,4,0.0,0,60,31.80034334002994
H,finite_candidate_seed,0.08,22,0.9913254203880631,0.019408219449421914,0.027224579566975105,2.529166666666667,60,4,0.0,0,60,31.80034334002994
H,finite_candidate_seed,0.08,23,0.9763591079718701,0.02385534390818915,0.01595404853169846,2.529166666666667,60,4,0.0,0,60,31.80034334002994
H,finite_candidate_seed,0.08,24,0.9754157182343557,0.014210586902076158,0.023363610743797558,2.529166666666667,60,4,0.0,0,60,31.80034334002994
H,finite_candidate_seed,0.08,25,0.9815263832415643,0.008779261620609456,0.021439774333278927,2.529166666666667,60,4,0.0,0,60,31.80034334002994
H,finite_candidate_seed,0.08,26,0.9886279076251434,0.00712665683260838,0.009759828213459887,2.529166666666667,60,4,0.0,0,60,31.80034334002994
H,finite_candidate_seed,0.08,27,0.9921651984826813,0.019889480549666088,0.03361414506801952,2.529166666666667,60,4,0.0,0,60,31.80034334002994
H,finite_candidate_seed,0.08,28,0.9790588856047557,0.025678485965411207,0.017376273905327144,2.529166666666667,60,4,0.0,0,60,31.80034334002994
H,finite_candidate_seed,0.08,29,0.9828248093042193,0.0260165669644283,0.026188623860368465,2.529166666666667,60,4,0.0,0,60,31.80034334002994
H,finite_candidate_seed,0.08,30,0.9756896569468663,0.016303247180860386,0.01951377064723614,2.529166666666667,60,4,0.0,0,60,31.80034334002994
H,finite_candidate_seed,0.08,31,0.9874127139639798,0.006836065826094007,0.0130341977659868,2.529166666666667,60,4,0.0,0,60,31.80034334002994
H,finite_candidate_seed,0.08,32,0.9841084434252843,0.0180335154355055,0.015199363054154369,2.529166666666667,60,4,0.0,0,60,31.80034334002994
H,finite_candidate_seed,0.08,33,0.9987030700779292,0.008031101616628336,0.022787179707308924,2.529166666666667,60,4,0.0,0,60,31.80034334002994
H,finite_candidate_seed,0.08,34,0.9963875974326293,0.0036570153807232633,0.012740218530098768,2.529166666666667,60,4,0.0,0,60,31.80034334002994
H,finite_candidate_seed,0.08,35,0.9853220759047374,0.008591308922398814,0.013106069808116683,2.529166666666667,60,4,0.0,0,60,31.80034334002994
H,finite_candidate_seed,0.08,36,0.9791216360859941,0.026302924583302873,0.017927623397975823,2.529166666666667,60,4,0.0,0,60,31.80034334002994
H,finite_candidate_seed,0.08,37,0.9836211338751573,0.008582332343895929,0.0209699410678027,2.529166666666667,60,4,0.0,0,60,31.80034334002994
H,finite_candidate_seed,0.08,38,0.9793786595674725,0.02726826175271723,0.024626167464353976,2.529166666666667,60,4,0.0,0,60,31.80034334002994
H,finite_candidate_seed,0.08,39,0.9992651267190649,0.005757728258407668,0.015392473644131655,2.529166666666667,60,4,0.0,0,60,31.80034334002994
H,finite_candidate_seed,0.08,40,0.9894333817648496,0.019038824654674522,0.02305289315469594,2.529166666666667,60,4,0.0,0,60,31.80034334002994
H,finite_candidate_seed,0.08,41,0.9780732813251094,0.02275879568694392,0.013717616996180126,2.529166666666667,60,4,0.0,0,60,31.80034334002994
H,finite_candidate_seed,0.08,42,0.9996110492105884,0.003235406353514876,0.01257942576733695,2.529166666666667,60,4,0.0,0,60,31.80034334002994
H,finite_candidate_seed,0.08,43,0.9936616131374999,0.0026879574833072505,0.006516116852275933,2.529166666666667,60,4,0.0,0,60,31.80034334002994
H,finite_candidate_seed,0.08,44,0.9802803680798231,0.027148588325428862,0.026259252827814716,2.529166666666667,60,4,0.0,0,60,31.80034334002994
H,finite_candidate_seed,0.08,45,0.987415599453242,0.009884074540089823,0.009962982125360731,2.529166666666667,60,4,0.0,0,60,31.80034334002994
H,finite_candidate_seed,0.08,46,0.9978266166321816,0.005141776817295825,0.00719721538883189,2.529166666666667,60,4,0.0,0,60,31.80034334002994
H,finite_candidate_seed,0.08,47,0.9974915925442143,0.012062614184418187,0.027201722738138923,2.529166666666667,60,4,0.0,0,60,31.80034334002994
H,finite_candidate_seed,0.08,48,0.9986522041240322,0.00335209069316061,0.009316739148741426,2.529166666666667,60,4,0.0,0,60,31.80034334002994
H,finite_candidate_seed,0.08,49,0.9968724531303373,0.007721052697586521,0.013772746638900824,2.529166666666667,60,4,0.0,0,60,31.80034334002994
H,finite_candidate_seed,0.08,50,0.997933320089525,0.010664135585202695,0.027577569555444326,2.529166666666667,60,4,0.0,0,60,31.80034334002994
H,finite_candidate_seed,0.08,51,0.9850481056879585,0.01326055758632494,0.011893748888119893,2.529166666666667,60,4,0.0,0,60,31.80034334002994
H,finite_candidate_seed,0.08,52,0.9797467380991286,0.02255914955247949,0.014311500309476921,2.529166666666667,60,4,0.0,0,60,31.80034334002994
H,finite_candidate_seed,0.08,53,0.9983201028260156,0.00281608522113308,0.011746825007058148,2.529166666666667,60,4,0.0,0,60,31.80034334002994
H,finite_candidate_seed,0.08,54,0.9829307959508592,0.007729821198672903,0.015752814341410182,2.529166666666667,60,4,0.0,0,60,31.80034334002994
H,finite_candidate_seed,0.08,55,0.9989892328610109,0.002554821210946762,0.007302894792643344,2.529166666666667,60,4,0.0,0,60,31.80034334002994
H,finite_candidate_seed,0.08,56,0.9885242689807081,0.005896483870532585,0.011776155924822618,2.529166666666667,60,4,0.0,0,60,31.80034334002994
H,finite_candidate_seed,0.08,57,0.9983299972016219,0.009109727212536924,0.02465292773591443,2.529166666666667,60,4,0.0,0,60,31.80034334002994
H,finite_candidate_seed,0.08,58,0.9976988664223261,0.010504932081205457,0.024543791052527908,2.529166666666667,60,4,0.0,0,60,31.80034334002994
H,finite_candidate_seed,0.08,59,0.9922455381786415,0.005713421811395968,0.011263893938304181,2.529166666666667,60,4,0.0,0,60,31.80034334002994
H,adjoint_state_horizon,0.05,10,0.9970717460181069,0.0034192038243651903,0.007890125975299256,3.610671254339652,60,4,0.003462842409578706,427,18,54.48432277608663
H,adjoint_state_horizon,0.05,11,0.9977878858057213,0.0019140233927402717,0.004547164379284929,3.610671254339652,60,4,0.003462842409578706,427,18,54.48432277608663
H,adjoint_state_horizon,0.05,12,0.9975405853819351,0.0018456739956709523,0.004251349908647617,3.610671254339652,60,4,0.003462842409578706,427,18,54.48432277608663
H,adjoint_state_horizon,0.05,13,0.9995207812390181,0.001735893768046794,0.0038675053978712848,3.610671254339652,60,4,0.003462842409578706,427,18,54.48432277608663
H,adjoint_state_horizon,0.05,14,0.9996836237562471,0.001984490164407109,0.005650473601367723,3.610671254339652,60,4,0.003462842409578706,427,18,54.48432277608663
H,adjoint_state_horizon,0.05,15,0.9968936241924684,0.0024202297335659604,0.005847508794341261,3.610671254339652,60,4,0.003462842409578706,427,18,54.48432277608663
H,adjoint_state_horizon,0.05,16,0.9965076344698592,0.0020651896653807946,0.005961896227656083,3.610671254339652,60,4,0.003462842409578706,427,18,54.48432277608663
H,adjoint_state_horizon,0.05,17,0.9997828377666707,0.002216319291606304,0.005889664763264135,3.610671254339652,60,4,0.003462842409578706,427,18,54.48432277608663
H,adjoint_state_horizon,0.05,18,0.9992820768680367,0.0009734119875727083,0.0022736749529006506,3.610671254339652,60,4,0.003462842409578706,427,18,54.48432277608663
H,adjoint_state_horizon,0.05,19,0.9959492145849482,0.0019241746752903031,0.005663899043757414,3.610671254339652,60,4,0.003462842409578706,427,18,54.48432277608663
H,adjoint_state_horizon,0.05,20,0.9971938001782376,0.0019573981600713953,0.004869493703160477,3.610671254339652,60,4,0.003462842409578706,427,18,54.48432277608663
H,adjoint_state_horizon,0.05,21,0.9990191384057214,0.001096650227839472,0.0032863452576226138,3.610671254339652,60,4,0.003462842409578706,427,18,54.48432277608663
H,adjoint_state_horizon,0.05,22,0.9976304668470509,0.0031877986869043137,0.007640670832549934,3.610671254339652,60,4,0.003462842409578706,427,18,54.48432277608663
H,adjoint_state_horizon,0.05,23,0.9996889938361668,0.0025868960299677388,0.005644603704981543,3.610671254339652,60,4,0.003462842409578706,427,18,54.48432277608663
H,adjoint_state_horizon,0.05,24,0.9999024104329024,0.0018999904711851645,0.005766567949818668,3.610671254339652,60,4,0.003462842409578706,427,18,54.48432277608663
H,adjoint_state_horizon,0.05,25,0.9999538302443465,0.0017745234460960597,0.005608546596587383,3.610671254339652,60,4,0.003462842409578706,427,18,54.48432277608663
H,adjoint_state_horizon,0.05,26,0.9986273798020648,0.0013828069352905985,0.003324009737723954,3.610671254339652,60,4,0.003462842409578706,427,18,54.48432277608663
H,adjoint_state_horizon,0.05,27,0.9996338952394853,0.002689906001524147,0.006890042911236405,3.610671254339652,60,4,0.003462842409578706,427,18,54.48432277608663
H,adjoint_state_horizon,0.05,28,0.9941706096196009,0.003982822146771301,0.008066327866501188,3.610671254339652,60,4,0.003462842409578706,427,18,54.48432277608663
H,adjoint_state_horizon,0.05,29,0.9945786935678882,0.00401183418329675,0.008191159229137601,3.610671254339652,60,4,0.003462842409578706,427,18,54.48432277608663
H,adjoint_state_horizon,0.05,30,0.9998777651297424,0.001914349369436224,0.0053405541234559095,3.610671254339652,60,4,0.003462842409578706,427,18,54.48432277608663
H,adjoint_state_horizon,0.05,31,0.9964880481625874,0.0020706541125047498,0.0061180997682794835,3.610671254339652,60,4,0.003462842409578706,427,18,54.48432277608663
H,adjoint_state_horizon,0.05,32,0.999661880748548,0.002114804559534671,0.005166835829890748,3.610671254339652,60,4,0.003462842409578706,427,18,54.48432277608663
H,adjoint_state_horizon,0.05,33,0.99989670041659,0.0017546674630964504,0.0048528519138123505,3.610671254339652,60,4,0.003462842409578706,427,18,54.48432277608663
H,adjoint_state_horizon,0.05,34,0.9997144804188498,0.001245889543675105,0.003927523371265895,3.610671254339652,60,4,0.003462842409578706,427,18,54.48432277608663
H,adjoint_state_horizon,0.05,35,0.995528834287791,0.002348518182610538,0.006878875208194302,3.610671254339652,60,4,0.003462842409578706,427,18,54.48432277608663
H,adjoint_state_horizon,0.05,36,0.9953512846072275,0.0038214597304859934,0.007710745916724049,3.610671254339652,60,4,0.003462842409578706,427,18,54.48432277608663
H,adjoint_state_horizon,0.05,37,0.9997770035266895,0.0019787337214337564,0.0058460875699924975,3.610671254339652,60,4,0.003462842409578706,427,18,54.48432277608663
H,adjoint_state_horizon,0.05,38,0.9995038104040948,0.003127182831748757,0.006390142872171878,3.610671254339652,60,4,0.003462842409578706,427,18,54.48432277608663
H,adjoint_state_horizon,0.05,39,0.9977749376422039,0.001807557747413232,0.004328399596777555,3.610671254339652,60,4,0.003462842409578706,427,18,54.48432277608663
H,adjoint_state_horizon,0.05,40,0.9975793065863312,0.003035849672336448,0.00712011214084507,3.610671254339652,60,4,0.003462842409578706,427,18,54.48432277608663
H,adjoint_state_horizon,0.05,41,0.9938583483739759,0.003753086283554342,0.00813593208397212,3.610671254339652,60,4,0.003462842409578706,427,18,54.48432277608663
H,adjoint_state_horizon,0.05,42,0.9998946900902936,0.0012368928999462864,0.003367912102772763,3.610671254339652,60,4,0.003462842409578706,427,18,54.48432277608663
H,adjoint_state_horizon,0.05,43,0.999125747820484,0.000992773732695761,0.0024688847749195775,3.610671254339652,60,4,0.003462842409578706,427,18,54.48432277608663
H,adjoint_state_horizon,0.05,44,0.999501114899739,0.0031485837434837784,0.0064763199267959815,3.610671254339652,60,4,0.003462842409578706,427,18,54.48432277608663
H,adjoint_state_horizon,0.05,45,0.998303281495388,0.0017033442163596822,0.00396540356170505,3.610671254339652,60,4,0.003462842409578706,427,18,54.48432277608663
H,adjoint_state_horizon,0.05,46,0.995767159451755,0.0018112918109644165,0.004891910532686006,3.610671254339652,60,4,0.003462842409578706,427,18,54.48432277608663
H,adjoint_state_horizon,0.05,47,0.9982039661536006,0.0026035004979389617,0.007480876097395783,3.610671254339652,60,4,0.003462842409578706,427,18,54.48432277608663
H,adjoint_state_horizon,0.05,48,0.9963013317932581,0.0016487145381310566,0.004831459117030312,3.610671254339652,60,4,0.003462842409578706,427,18,54.48432277608663
H,adjoint_state_horizon,0.05,49,0.9987099540901581,0.0015676421745923336,0.004219376071241787,3.610671254339652,60,4,0.003462842409578706,427,18,54.48432277608663
H,adjoint_state_horizon,0.05,50,0.9999034362405811,0.0020124688601897123,0.005521950675628218,3.610671254339652,60,4,0.003462842409578706,427,18,54.48432277608663
H,adjoint_state_horizon,0.05,51,0.9978249106457362,0.0020854888001647152,0.004716886189839675,3.610671254339652,60,4,0.003462842409578706,427,18,54.48432277608663
H,adjoint_state_horizon,0.05,52,0.9937814091392815,0.00376679462142241,0.00806745059913927,3.610671254339652,60,4,0.003462842409578706,427,18,54.48432277608663
H,adjoint_state_horizon,0.05,53,0.9999202297172922,0.0011269584933958354,0.0034802310419321802,3.610671254339652,60,4,0.003462842409578706,427,18,54.48432277608663
H,adjoint_state_horizon,0.05,54,0.9972340978899199,0.0017868203958277902,0.005475683027502454,3.610671254339652,60,4,0.003462842409578706,427,18,54.48432277608663
H,adjoint_state_horizon,0.05,55,0.999449205573805,0.0014798979436096043,0.0038160714268998808,3.610671254339652,60,4,0.003462842409578706,427,18,54.48432277608663
H,adjoint_state_horizon,0.05,56,0.997421481773354,0.0018221387914436615,0.005221510267865881,3.610671254339652,60,4,0.003462842409578706,427,18,54.48432277608663
H,adjoint_state_horizon,0.05,57,0.9991976504540425,0.002071995851743592,0.006097805740976403,3.610671254339652,60,4,0.003462842409578706,427,18,54.48432277608663
H,adjoint_state_horizon,0.05,58,0.9984990994803179,0.0024450225315245655,0.0071868546928255395,3.610671254339652,60,4,0.003462842409578706,427,18,54.48432277608663
H,adjoint_state_horizon,0.05,59,0.9964721180312004,0.00205217125983266,0.005803802101256972,3.610671254339652,60,4,0.003462842409578706,427,18,54.48432277608663
H,adjoint_state_horizon,0.08,10,0.9944083209735195,0.007266599424154325,0.012791343785215736,3.610671254339652,60,4,0.003462842409578706,427,18,54.48432277608663
H,adjoint_state_horizon,0.08,11,0.9961962241930569,0.0036595948620489717,0.007429417191325616,3.610671254339652,60,4,0.003462842409578706,427,18,54.48432277608663
H,adjoint_state_horizon,0.08,12,0.9956919410797075,0.0034784947139737932,0.00673113937332126,3.610671254339652,60,4,0.003462842409578706,427,18,54.48432277608663
H,adjoint_state_horizon,0.08,13,0.9976583405920603,0.003346984169604379,0.0061465252017582905,3.610671254339652,60,4,0.003462842409578706,427,18,54.48432277608663
H,adjoint_state_horizon,0.08,14,0.9985941660221496,0.0037446157379960898,0.008780013794013053,3.610671254339652,60,4,0.003462842409578706,427,18,54.48432277608663
H,adjoint_state_horizon,0.08,15,0.9943360483606309,0.004570309833930279,0.009567476419070076,3.610671254339652,60,4,0.003462842409578706,427,18,54.48432277608663
H,adjoint_state_horizon,0.08,16,0.9937636078258916,0.003918805798104612,0.009133526209638698,3.610671254339652,60,4,0.003462842409578706,427,18,54.48432277608663
H,adjoint_state_horizon,0.08,17,0.9987086527798062,0.004501020063663887,0.010189643189630226,3.610671254339652,60,4,0.003462842409578706,427,18,54.48432277608663
H,adjoint_state_horizon,0.08,18,0.9989971523019535,0.0011294221205621069,0.0024913824200174517,3.610671254339652,60,4,0.003462842409578706,427,18,54.48432277608663
H,adjoint_state_horizon,0.08,19,0.9924204951325798,0.0035857075843028774,0.009026011062033934,3.610671254339652,60,4,0.003462842409578706,427,18,54.48432277608663
H,adjoint_state_horizon,0.08,20,0.9950876082378712,0.003732516346732115,0.007847285300450424,3.610671254339652,60,4,0.003462842409578706,427,18,54.48432277608663
H,adjoint_state_horizon,0.08,21,0.9986475591955672,0.001392224495345749,0.004588447157267694,3.610671254339652,60,4,0.003462842409578706,427,18,54.48432277608663
H,adjoint_state_horizon,0.08,22,0.9955547395711853,0.006678774378619284,0.01226421183209514,3.610671254339652,60,4,0.003462842409578706,427,18,54.48432277608663
H,adjoint_state_horizon,0.08,23,0.9985688948757345,0.00541630996106778,0.009472456533664575,3.610671254339652,60,4,0.003462842409578706,427,18,54.48432277608663
H,adjoint_state_horizon,0.08,24,0.9991197753912342,0.003664691039442669,0.009657735812341639,3.610671254339652,60,4,0.003462842409578706,427,18,54.48432277608663
H,adjoint_state_horizon,0.08,25,0.9994103770640893,0.003266801309644689,0.009152408957846192,3.610671254339652,60,4,0.003462842409578706,427,18,54.48432277608663
H,adjoint_state_horizon,0.08,26,0.9977786879519898,0.0020365498712575903,0.004804201588305301,3.610671254339652,60,4,0.003462842409578706,427,18,54.48432277608663
H,adjoint_state_horizon,0.08,27,0.9990655771424508,0.0056096128642990455,0.011620372369192555,3.610671254339652,60,4,0.003462842409578706,427,18,54.48432277608663
H,adjoint_state_horizon,0.08,28,0.9882448257494736,0.008652173215249461,0.013506432821977832,3.610671254339652,60,4,0.003462842409578706,427,18,54.48432277608663
H,adjoint_state_horizon,0.08,29,0.9890743975908787,0.008780332242802622,0.013932624365714519,3.610671254339652,60,4,0.003462842409578706,427,18,54.48432277608663
H,adjoint_state_horizon,0.08,30,0.9992126958918868,0.0037134279700945174,0.009195148423546295,3.610671254339652,60,4,0.003462842409578706,427,18,54.48432277608663
H,adjoint_state_horizon,0.08,31,0.9937575931329586,0.003896379831220461,0.009349174740084787,3.610671254339652,60,4,0.003462842409578706,427,18,54.48432277608663
H,adjoint_state_horizon,0.08,32,0.9991176633370378,0.004195754705126103,0.0077990562260847884,3.610671254339652,60,4,0.003462842409578706,427,18,54.48432277608663
H,adjoint_state_horizon,0.08,33,0.9990868019368717,0.003424793149314841,0.0077708025101850264,3.610671254339652,60,4,0.003462842409578706,427,18,54.48432277608663
H,adjoint_state_horizon,0.08,34,0.9998598982274016,0.00204582285098989,0.0061310586043173965,3.610671254339652,60,4,0.003462842409578706,427,18,54.48432277608663
H,adjoint_state_horizon,0.08,35,0.9916910523479605,0.004541590480278699,0.010863358452111394,3.610671254339652,60,4,0.003462842409578706,427,18,54.48432277608663
H,adjoint_state_horizon,0.08,36,0.9907985625648168,0.008237115343025531,0.012889295474445506,3.610671254339652,60,4,0.003462842409578706,427,18,54.48432277608663
H,adjoint_state_horizon,0.08,37,0.9986506977378125,0.003794415660981009,0.009563960706127417,3.610671254339652,60,4,0.003462842409578706,427,18,54.48432277608663
H,adjoint_state_horizon,0.08,38,0.997775146436104,0.006766976155935484,0.010037716284297726,3.610671254339652,60,4,0.003462842409578706,427,18,54.48432277608663
H,adjoint_state_horizon,0.08,39,0.9961293901578181,0.003389399632902583,0.00717931070971467,3.610671254339652,60,4,0.003462842409578706,427,18,54.48432277608663
H,adjoint_state_horizon,0.08,40,0.9954431390213159,0.006257092954200934,0.01134455435863202,3.610671254339652,60,4,0.003462842409578706,427,18,54.48432277608663
H,adjoint_state_horizon,0.08,41,0.9876703963394029,0.008023561663164544,0.013911489587437487,3.610671254339652,60,4,0.003462842409578706,427,18,54.48432277608663
H,adjoint_state_horizon,0.08,42,0.9993272758019809,0.002066948698404736,0.005161642925937349,3.610671254339652,60,4,0.003462842409578706,427,18,54.48432277608663
H,adjoint_state_horizon,0.08,43,0.9987832465027886,0.0011848419945,0.0031149447095154548,3.610671254339652,60,4,0.003462842409578706,427,18,54.48432277608663
H,adjoint_state_horizon,0.08,44,0.9977613851290995,0.006819258815123019,0.010225318773299574,3.610671254339652,60,4,0.003462842409578706,427,18,54.48432277608663
H,adjoint_state_horizon,0.08,45,0.9970933703965459,0.0028101454695539205,0.005952680716334591,3.610671254339652,60,4,0.003462842409578706,427,18,54.48432277608663
H,adjoint_state_horizon,0.08,46,0.9918967261781543,0.0032020682111999913,0.007903034698517719,3.610671254339652,60,4,0.003462842409578706,427,18,54.48432277608663
H,adjoint_state_horizon,0.08,47,0.9969985031296148,0.0051961620939286,0.012362926222701964,3.610671254339652,60,4,0.003462842409578706,427,18,54.48432277608663
H,adjoint_state_horizon,0.08,48,0.9930967122206511,0.0028868540284674106,0.007689318977032178,3.610671254339652,60,4,0.003462842409578706,427,18,54.48432277608663
H,adjoint_state_horizon,0.08,49,0.9978295386541314,0.0027858301532299565,0.007065172971381095,3.610671254339652,60,4,0.003462842409578706,427,18,54.48432277608663
H,adjoint_state_horizon,0.08,50,0.999107325354871,0.00406973677199981,0.008856025942809098,3.610671254339652,60,4,0.003462842409578706,427,18,54.48432277608663
H,adjoint_state_horizon,0.08,51,0.9961317304625252,0.00375468519302549,0.007437231038221803,3.610671254339652,60,4,0.003462842409578706,427,18,54.48432277608663
H,adjoint_state_horizon,0.08,52,0.9874679619894706,0.008078922785208002,0.013716716902451576,3.610671254339652,60,4,0.003462842409578706,427,18,54.48432277608663
H,adjoint_state_horizon,0.08,53,0.9998837803022593,0.0017671270165518205,0.005400139956820982,3.610671254339652,60,4,0.003462842409578706,427,18,54.48432277608663
H,adjoint_state_horizon,0.08,54,0.9953534658836476,0.003103554750994706,0.008463153622868202,3.610671254339652,60,4,0.003462842409578706,427,18,54.48432277608663
H,adjoint_state_horizon,0.08,55,0.9977134700340382,0.002547309811732388,0.006145270515656054,3.610671254339652,60,4,0.003462842409578706,427,18,54.48432277608663
H,adjoint_state_horizon,0.08,56,0.9957089314520414,0.0033110127135197454,0.008127633872436313,3.610671254339652,60,4,0.003462842409578706,427,18,54.48432277608663
H,adjoint_state_horizon,0.08,57,0.9988555525815404,0.00410678429968145,0.00965122511122396,3.610671254339652,60,4,0.003462842409578706,427,18,54.48432277608663
H,adjoint_state_horizon,0.08,58,0.9976055866039681,0.0047878459058971435,0.011859134728754994,3.610671254339652,60,4,0.003462842409578706,427,18,54.48432277608663
H,adjoint_state_horizon,0.08,59,0.9936454068279816,0.003912637514043693,0.008925249803626079,3.610671254339652,60,4,0.003462842409578706,427,18,54.48432277608663
