system,task,disorder_strength,seed,tail_infidelity_mean,tail_stability_range,final_fidelity,pulse_energy,shifted_available_steps,shifted_selected_steps,shifted_selected_fraction
terminal_value_shifted_Z,Z,0.0,10,0.0010018677133464323,0.00044733256169116054,0.9990711311627183,4.705,99,13,0.13131313131313133
terminal_value_shifted_Z,Z,0.0,11,0.0010018677133464323,0.00044733256169116054,0.9990711311627183,4.705,99,13,0.13131313131313133
terminal_value_shifted_Z,Z,0.0,12,0.0010018677133464323,0.00044733256169116054,0.9990711311627183,4.705,99,13,0.13131313131313133
terminal_value_shifted_Z,Z,0.0,13,0.0010018677133464323,0.00044733256169116054,0.9990711311627183,4.705,99,13,0.13131313131313133
terminal_value_shifted_Z,Z,0.0,14,0.0010018677133464323,0.00044733256169116054,0.9990711311627183,4.705,99,13,0.13131313131313133
terminal_value_shifted_Z,Z,0.0,15,0.0010018677133464323,0.00044733256169116054,0.9990711311627183,4.705,99,13,0.13131313131313133
terminal_value_shifted_Z,Z,0.0,16,0.0010018677133464323,0.00044733256169116054,0.9990711311627183,4.705,99,13,0.13131313131313133
terminal_value_shifted_Z,Z,0.0,17,0.0010018677133464323,0.00044733256169116054,0.9990711311627183,4.705,99,13,0.13131313131313133
terminal_value_shifted_Z,Z,0.0,18,0.0010018677133464323,0.00044733256169116054,0.9990711311627183,4.705,99,13,0.13131313131313133
terminal_value_shifted_Z,Z,0.0,19,0.0010018677133464323,0.00044733256169116054,0.9990711311627183,4.705,99,13,0.13131313131313133
terminal_value_shifted_Z,Z,0.0,20,0.0010018677133464323,0.00044733256169116054,0.9990711311627183,4.705,99,13,0.13131313131313133
terminal_value_shifted_Z,Z,0.0,21,0.0010018677133464323,0.00044733256169116054,0.9990711311627183,4.705,99,13,0.13131313131313133
terminal_value_shifted_Z,Z,0.0,22,0.0010018677133464323,0.00044733256169116054,0.9990711311627183,4.705,99,13,0.13131313131313133
terminal_value_shifted_Z,Z,0.0,23,0.0010018677133464323,0.00044733256169116054,0.9990711311627183,4.705,99,13,0.13131313131313133
terminal_value_shifted_Z,Z,0.0,24,0.0010018677133464323,0.00044733256169116054,0.9990711311627183,4.705,99,13,0.13131313131313133
terminal_value_shifted_Z,Z,0.0,25,0.0010018677133464323,0.00044733256169116054,0.9990711311627183,4.705,99,13,0.13131313131313133
terminal_value_shifted_Z,Z,0.0,26,0.0010018677133464323,0.00044733256169116054,0.9990711311627183,4.705,99,13,0.13131313131313133
terminal_value_shifted_Z,Z,0.0,27,0.0010018677133464323,0.00044733256169116054,0.9990711311627183,4.705,99,13,0.13131313131313133
terminal_value_shifted_Z,Z,0.0,28,0.0010018677133464323,0.00044733256169116054,0.9990711311627183,4.705,99,13,0.13131313131313133
terminal_value_shifted_Z,Z,0.0,29,0.0010018677133464323,0.00044733256169116054,0.9990711311627183,4.705,99,13,0.13131313131313133
terminal_value_shifted_Z,Z,0.0,30,0.0010018677133464323,0.00044733256169116054,0.9990711311627183,4.705,99,13,0.13131313131313133
terminal_value_shifted_Z,Z,0.0,31,0.0010018677133464323,0.00044733256169116054,0.9990711311627183,4.705,99,13,0.13131313131313133
terminal_value_shifted_Z,Z,0.0,32,0.0010018677133464323,0.00044733256169116054,0.9990711311627183,4.705,99,13,0.13131313131313133
terminal_value_shifted_Z,Z,0.0,33,0.0010018677133464323,0.00044733256169116054,0.9990711311627183,4.705,99,13,0.13131313131313133
terminal_value_shifted_Z,Z,0.0,34,0.0010018677133464323,0.00044733256169116054,0.9990711311627183,4.705,99,13,0.13131313131313133
terminal_value_shifted_Z,Z,0.0,35,0.0010018677133464323,0.00044733256169116054,0.9990711311627183,4.705,99,13,0.13131313131313133
terminal_value_shifted_Z,Z,0.0,36,0.0010018677133464323,0.00044733256169116054,0.9990711311627183,4.705,99,13,0.13131313131313133
terminal_value_shifted_Z,Z,0.0,37,0.0010018677133464323,0.00044733256169116054,0.9990711311627183,4.705,99,13,0.13131313131313133
terminal_value_shifted_Z,Z,0.0,38,0.0010018677133464323,0.00044733256169116054,0.9990711311627183,4.705,99,13,0.13131313131313133
terminal_value_shifted_Z,Z,0.0,39,0.0010018677133464323,0.00044733256169116054,0.9990711311627183,4.705,99,13,0.13131313131313133
terminal_value_shifted_Z,Z,0.0,40,0.0010018677133464323,0.00044733256169116054,0.9990711311627183,4.705,99,13,0.13131313131313133
terminal_value_shifted_Z,Z,0.0,41,0.0010018677133464323,0.00044733256169116054,0.9990711311627183,4.705,99,13,0.13131313131313133
terminal_value_shifted_Z,Z,0.0,42,0.0010018677133464323,0.00044733256169116054,0.9990711311627183,4.705,99,13,0.13131313131313133
terminal_value_shifted_Z,Z,0.0,43,0.0010018677133464323,0.00044733256169116054,0.9990711311627183,4.705,99,13,0.13131313131313133
terminal_value_shifted_Z,Z,0.0,44,0.0010018677133464323,0.00044733256169116054,0.9990711311627183,4.705,99,13,0.13131313131313133
terminal_value_shifted_Z,Z,0.0,45,0.0010018677133464323,0.00044733256169116054,0.9990711311627183,4.705,99,13,0.13131313131313133
terminal_value_shifted_Z,Z,0.0,46,0.0010018677133464323,0.00044733256169116054,0.9990711311627183,4.705,99,13,0.13131313131313133
terminal_value_shifted_Z,Z,0.0,47,0.0010018677133464323,0.00044733256169116054,0.9990711311627183,4.705,99,13,0.13131313131313133
terminal_value_shifted_Z,Z,0.0,48,0.0010018677133464323,0.00044733256169116054,0.9990711311627183,4.705,99,13,0.13131313131313133
terminal_value_shifted_Z,Z,0.0,49,0.0010018677133464323,0.00044733256169116054,0.9990711311627183,4.705,99,13,0.13131313131313133
terminal_value_shifted_Z,Z,0.0,50,0.0010018677133464323,0.00044733256169116054,0.9990711311627183,4.705,99,13,0.13131313131313133
terminal_value_shifted_Z,Z,0.0,51,0.0010018677133464323,0.00044733256169116054,0.9990711311627183,4.705,99,13,0.13131313131313133
terminal_value_shifted_Z,Z,0.0,52,0.0010018677133464323,0.00044733256169116054,0.9990711311627183,4.705,99,13,0.13131313131313133
terminal_value_shifted_Z,Z,0.0,53,0.0010018677133464323,0.00044733256169116054,0.9990711311627183,4.705,99,13,0.13131313131313133
terminal_value_shifted_Z,Z,0.0,54,0.0010018677133464323,0.00044733256169116054,0.9990711311627183,4.705,99,13,0.13131313131313133
terminal_value_shifted_Z,Z,0.0,55,0.0010018677133464323,0.00044733256169116054,0.9990711311627183,4.705,99,13,0.13131313131313133
terminal_value_shifted_Z,Z,0.0,56,0.0010018677133464323,0.00044733256169116054,0.9990711311627183,4.705,99,13,0.13131313131313133
terminal_value_shifted_Z,Z,0.0,57,0.0010018677133464323,0.00044733256169116054,0.9990711311627183,4.705,99,13,0.13131313131313133
terminal_value_shifted_Z,Z,0.0,58,0.0010018677133464323,0.00044733256169116054,0.9990711311627183,4.705,99,13,0.13131313131313133
terminal_value_shifted_Z,Z,0.0,59,0.0010018677133464323,0.00044733256169116054,0.9990711311627183,4.705,99,13,0.13131313131313133
terminal_value_shifted_Z,Z,0.02,10,0.0010620657348642153,0.0004978001968107826,0.9988669026323549,4.705,99,13,0.13131313131313133
terminal_value_shifted_Z,Z,0.02,11,0.0011215583753619756,0.0009794024161687842,0.9992114202010951,4.705,99,13,0.13131313131313133
terminal_value_shifted_Z,Z,0.02,12,0.0011267430931917865,0.0009756147766938339,0.9992128921626395,4.705,99,13,0.13131313131313133
terminal_value_shifted_Z,Z,0.02,13,0.0011338248399285847,0.0010372063897703399,0.998341883839216,4.705,99,13,0.13131313131313133
terminal_value_shifted_Z,Z,0.02,14,0.0009575331080178379,0.000416607847981032,0.9988940462233737,4.705,99,13,0.13131313131313133
terminal_value_shifted_Z,Z,0.02,15,0.001117651143199114,0.0006204750338193454,0.9986747746459654,4.705,99,13,0.13131313131313133
terminal_value_shifted_Z,Z,0.02,16,0.0011511522223384457,0.0009366381080267994,0.9991598618647629,4.705,99,13,0.13131313131313133
terminal_value_shifted_Z,Z,0.02,17,0.0009397434614417243,0.0006759118291639332,0.999199522155124,4.705,99,13,0.13131313131313133
terminal_value_shifted_Z,Z,0.02,18,0.0011796979529957517,0.001078844884529917,0.9983153856475928,4.705,99,13,0.13131313131313133
terminal_value_shifted_Z,Z,0.02,19,0.0011712753469882273,0.0010235059951422265,0.9991992145344457,4.705,99,13,0.13131313131313133
terminal_value_shifted_Z,Z,0.02,20,0.0011388532276250648,0.000984316004009833,0.9991973457646366,4.705,99,13,0.13131313131313133
terminal_value_shifted_Z,Z,0.02,21,0.0011066796888196066,0.0012034362130473042,0.999207106572753,4.705,99,13,0.13131313131313133
terminal_value_shifted_Z,Z,0.02,22,0.0010500812911016708,0.0004769993532822703,0.9988334067853734,4.705,99,13,0.13131313131313133
terminal_value_shifted_Z,Z,0.02,23,0.00095497639503466,0.0006324830298138906,0.999199983656351,4.705,99,13,0.13131313131313133
terminal_value_shifted_Z,Z,0.02,24,0.0009435691408211602,0.0007077233239533021,0.9991962068123195,4.705,99,13,0.13131313131313133
terminal_value_shifted_Z,Z,0.02,25,0.0009499409846604653,0.0006495729245817872,0.9991554834065718,4.705,99,13,0.13131313131313133
terminal_value_shifted_Z,Z,0.02,26,0.0011459791126205775,0.0009369927656882604,0.9983828405232451,4.705,99,13,0.13131313131313133
terminal_value_shifted_Z,Z,0.02,27,0.0010372421071800576,0.0008008746825026725,0.9991736402441216,4.705,99,13,0.13131313131313133
terminal_value_shifted_Z,Z,0.02,28,0.0011396095934552391,0.0006382095583460368,0.9991268614376969,4.705,99,13,0.13131313131313133
terminal_value_shifted_Z,Z,0.02,29,0.0011395505140392606,0.0007045491399965131,0.9991470582767399,4.705,99,13,0.13131313131313133
terminal_value_shifted_Z,Z,0.02,30,0.0009562656965328537,0.000795771245470811,0.9992200894504364,4.705,99,13,0.13131313131313133
terminal_value_shifted_Z,Z,0.02,31,0.0011528562485081226,0.0009008061994122407,0.9991206540648951,4.705,99,13,0.13131313131313133
terminal_value_shifted_Z,Z,0.02,32,0.0009948466085596195,0.0008527758481843284,0.9992259554086997,4.705,99,13,0.13131313131313133
terminal_value_shifted_Z,Z,0.02,33,0.0011805551565026479,0.001235597295081381,0.9984677862358983,4.705,99,13,0.13131313131313133
terminal_value_shifted_Z,Z,0.02,34,0.0012036791480471512,0.0013024957631893042,0.9985956164595312,4.705,99,13,0.13131313131313133
terminal_value_shifted_Z,Z,0.02,35,0.0011566556140414988,0.000864871561530034,0.9991581741860246,4.705,99,13,0.13131313131313133
terminal_value_shifted_Z,Z,0.02,36,0.0010997199671574035,0.0005367125825073149,0.998970499079614,4.705,99,13,0.13131313131313133
terminal_value_shifted_Z,Z,0.02,37,0.0009392987748777451,0.00047246668558320604,0.9990310313693311,4.705,99,13,0.13131313131313133
terminal_value_shifted_Z,Z,0.02,38,0.00098081123779417,0.0005993915809640038,0.9990843323380334,4.705,99,13,0.13131313131313133
terminal_value_shifted_Z,Z,0.02,39,0.001119408706857968,0.0009587011070050222,0.9992127743527668,4.705,99,13,0.13131313131313133
terminal_value_shifted_Z,Z,0.02,40,0.001058030008400075,0.000476515898441332,0.9987403885584274,4.705,99,13,0.13131313131313133
terminal_value_shifted_Z,Z,0.02,41,0.0011517892222842423,0.000675936994761539,0.9991440562655238,4.705,99,13,0.13131313131313133
terminal_value_shifted_Z,Z,0.02,42,0.0011955183950867715,0.0012250969787661603,0.9983105736877356,4.705,99,13,0.13131313131313133
terminal_value_shifted_Z,Z,0.02,43,0.0010984181792930096,0.001225411014276645,0.9991980970670986,4.705,99,13,0.13131313131313133
terminal_value_shifted_Z,Z,0.02,44,0.0009878741920813453,0.0006393654835145091,0.9990681303029227,4.705,99,13,0.13131313131313133
terminal_value_shifted_Z,Z,0.02,45,0.00112524576196562,0.0008502432166458407,0.998428520713068,4.705,99,13,0.13131313131313133
terminal_value_shifted_Z,Z,0.02,46,0.0012131376778178062,0.0012715041575781516,0.9991645520226338,4.705,99,13,0.13131313131313133
terminal_value_shifted_Z,Z,0.02,47,0.0010786644868013469,0.0008022110052967601,0.9991763387406043,4.705,99,13,0.13131313131313133
terminal_value_shifted_Z,Z,0.02,48,0.0011806025651833116,0.0011680059644643137,0.9991758174546337,4.705,99,13,0.13131313131313133
terminal_value_shifted_Z,Z,0.02,49,0.0010836897631055036,0.0010483566241741293,0.9992018141106596,4.705,99,13,0.13131313131313133
terminal_value_shifted_Z,Z,0.02,50,0.0011687492046866545,0.0012321502642875792,0.9985742656831087,4.705,99,13,0.13131313131313133
terminal_value_shifted_Z,Z,0.02,51,0.001110898139931757,0.0007295843817159975,0.9985150024630189,4.705,99,13,0.13131313131313133
terminal_value_shifted_Z,Z,0.02,52,0.0011609285135589574,0.0007563572958829701,0.9991661102967381,4.705,99,13,0.13131313131313133
terminal_value_shifted_Z,Z,0.02,53,0.0012092564558833124,0.0012905746645809346,0.9984024323390841,4.705,99,13,0.13131313131313133
terminal_value_shifted_Z,Z,0.02,54,0.0011600976505864763,0.0009821758074994857,0.9988829753584328,4.705,99,13,0.13131313131313133
terminal_value_shifted_Z,Z,0.02,55,0.0010894966487945993,0.0009419776950199132,0.9982979589653599,4.705,99,13,0.13131313131313133
terminal_value_shifted_Z,Z,0.02,56,0.0011576019861804445,0.0010086099845345586,0.9990320467622092,4.705,99,13,0.13131313131313133
terminal_value_shifted_Z,Z,0.02,57,0.0011298059121880627,0.0010584413585580377,0.9990783914706307,4.705,99,13,0.13131313131313133
terminal_value_shifted_Z,Z,0.02,58,0.0010692046701917337,0.0007984968712382301,0.9991769312566638,4.705,99,13,0.13131313131313133
terminal_value_shifted_Z,Z,0.02,59,0.0011501759350928333,0.0009567530361687115,0.9991899380232745,4.705,99,13,0.13131313131313133
terminal_value_shifted_Z,Z,0.05,10,0.0013295143176292562,0.0011543865894958483,0.9983619669865254,4.705,99,13,0.13131313131313133
terminal_value_shifted_Z,Z,0.05,11,0.0014947554551308123,0.0019968503534975035,0.9990020205066352,4.705,99,13,0.13131313131313133
terminal_value_shifted_Z,Z,0.05,12,0.0015358395939164655,0.0019097324009326178,0.9988455726030399,4.705,99,13,0.13131313131313133
terminal_value_shifted_Z,Z,0.05,13,0.0019727148824521773,0.0030279205327434777,0.9961662336548214,4.705,99,13,0.13131313131313133
terminal_value_shifted_Z,Z,0.05,14,0.0010942541248936174,0.0011722907135253147,0.9984401190595366,4.705,99,13,0.13131313131313133
terminal_value_shifted_Z,Z,0.05,15,0.001448119864965667,0.0016489687636840333,0.9976498278634944,4.705,99,13,0.13131313131313133
terminal_value_shifted_Z,Z,0.05,16,0.0015495312346871463,0.0019660880280198967,0.9991768581890264,4.705,99,13,0.13131313131313133
terminal_value_shifted_Z,Z,0.05,17,0.000979416910154436,0.0011863337126265527,0.9992002228345488,4.705,99,13,0.13131313131313133
terminal_value_shifted_Z,Z,0.05,18,0.0019339573180209239,0.003357854096381785,0.9960843663315342,4.705,99,13,0.13131313131313133
terminal_value_shifted_Z,Z,0.05,19,0.0017754070598462192,0.0019522487831096225,0.9985373261974919,4.705,99,13,0.13131313131313133
terminal_value_shifted_Z,Z,0.05,20,0.001532237829323509,0.002037843046566956,0.9991133044994116,4.705,99,13,0.13131313131313133
terminal_value_shifted_Z,Z,0.05,21,0.001873420530708592,0.0031549098566623357,0.9983801689375434,4.705,99,13,0.13131313131313133
terminal_value_shifted_Z,Z,0.05,22,0.001312317992274788,0.0012224824543669577,0.9982193262313495,4.705,99,13,0.13131313131313133
terminal_value_shifted_Z,Z,0.05,23,0.0009958966546897297,0.0010207273501370295,0.9991906948139126,4.705,99,13,0.13131313131313133
terminal_value_shifted_Z,Z,0.05,24,0.0010297545645864058,0.0012832089578662664,0.9992127560910051,4.705,99,13,0.13131313131313133
terminal_value_shifted_Z,Z,0.05,25,0.0010735931639309637,0.0012067185648344525,0.9992219698382724,4.705,99,13,0.13131313131313133
terminal_value_shifted_Z,Z,0.05,26,0.0017151167694548946,0.0029425527516924177,0.9963627828751296,4.705,99,13,0.13131313131313133
terminal_value_shifted_Z,Z,0.05,27,0.00125861972168485,0.001608054828648564,0.9992095221989419,4.705,99,13,0.13131313131313133
terminal_value_shifted_Z,Z,0.05,28,0.0016016599657934227,0.0014605347376358546,0.9991326122045477,4.705,99,13,0.13131313131313133
terminal_value_shifted_Z,Z,0.05,29,0.0016690243750275041,0.0018148484873072857,0.9991462154796831,4.705,99,13,0.13131313131313133
terminal_value_shifted_Z,Z,0.05,30,0.0010707612489303942,0.001600213244396187,0.9991043596274052,4.705,99,13,0.13131313131313133
terminal_value_shifted_Z,Z,0.05,31,0.0015457995620084622,0.0018251298582201425,0.9991510528108112,4.705,99,13,0.13131313131313133
terminal_value_shifted_Z,Z,0.05,32,0.0011522861455278276,0.001697399735502092,0.998914947551661,4.705,99,13,0.13131313131313133
terminal_value_shifted_Z,Z,0.05,33,0.0021221022332990162,0.0030887062048408076,0.9967810670986138,4.705,99,13,0.13131313131313133
terminal_value_shifted_Z,Z,0.05,34,0.0020415829667755903,0.00316970452693055,0.9973531819113757,4.705,99,13,0.13131313131313133
terminal_value_shifted_Z,Z,0.05,35,0.0015648765380469173,0.001837512336181235,0.9991630340793736,4.705,99,13,0.13131313131313133
terminal_value_shifted_Z,Z,0.05,36,0.0013967495404236332,0.0009794282797919163,0.9987607727050001,4.705,99,13,0.13131313131313133
terminal_value_shifted_Z,Z,0.05,37,0.0010144018437110594,0.0010892354411110583,0.9989327088992187,4.705,99,13,0.13131313131313133
terminal_value_shifted_Z,Z,0.05,38,0.0011194874694579128,0.0009736775503970119,0.999081717096323,4.705,99,13,0.13131313131313133
terminal_value_shifted_Z,Z,0.05,39,0.00152482716170869,0.0018188738697380025,0.9987679183240551,4.705,99,13,0.13131313131313133
terminal_value_shifted_Z,Z,0.05,40,0.001321682399678453,0.001389231945428282,0.997844827003304,4.705,99,13,0.13131313131313133
terminal_value_shifted_Z,Z,0.05,41,0.0016246950259041215,0.0014503176397088202,0.9991372047416711,4.705,99,13,0.13131313131313133
terminal_value_shifted_Z,Z,0.05,42,0.002180341669517897,0.0033545928953122583,0.9960731125750013,4.705,99,13,0.13131313131313133
terminal_value_shifted_Z,Z,0.05,43,0.001817303291770682,0.0032713706971271295,0.9982206973361856,4.705,99,13,0.13131313131313133
terminal_value_shifted_Z,Z,0.05,44,0.0011539717122447707,0.0010492684957367215,0.9990418026175552,4.705,99,13,0.13131313131313133
terminal_value_shifted_Z,Z,0.05,45,0.0016041727459561344,0.0026998671304455657,0.9965478385179578,4.705,99,13,0.13131313131313133
terminal_value_shifted_Z,Z,0.05,46,0.0021932833198567716,0.003028554156665919,0.9979185986064507,4.705,99,13,0.13131313131313133
terminal_value_shifted_Z,Z,0.05,47,0.0016171891687954913,0.0023957430955815484,0.9991996626804205,4.705,99,13,0.13131313131313133
terminal_value_shifted_Z,Z,0.05,48,0.0019233587340348613,0.002541072653692744,0.9981023889602639,4.705,99,13,0.13131313131313133
terminal_value_shifted_Z,Z,0.05,49,0.0014995382311640628,0.002367022736106783,0.9983891666581015,4.705,99,13,0.13131313131313133
terminal_value_shifted_Z,Z,0.05,50,0.0020507082549693725,0.0030025637926852644,0.9972409388653134,4.705,99,13,0.13131313131313133
terminal_value_shifted_Z,Z,0.05,51,0.0015038116986907854,0.0023106246411039866,0.9969289640312279,4.705,99,13,0.13131313131313133
terminal_value_shifted_Z,Z,0.05,52,0.0017011614468264952,0.0014957554818781915,0.9991172406404829,4.705,99,13,0.13131313131313133
terminal_value_shifted_Z,Z,0.05,53,0.0021637815042908465,0.003242440214290987,0.996507953182526,4.705,99,13,0.13131313131313133
terminal_value_shifted_Z,Z,0.05,54,0.0015971954234085474,0.0021129693490054002,0.9984918299048491,4.705,99,13,0.13131313131313133
terminal_value_shifted_Z,Z,0.05,55,0.0017502736023380214,0.0033703199574863785,0.9958824959700237,4.705,99,13,0.13131313131313133
terminal_value_shifted_Z,Z,0.05,56,0.0015902518373507684,0.0021083879463604793,0.9989633123553443,4.705,99,13,0.13131313131313133
terminal_value_shifted_Z,Z,0.05,57,0.0015877197975114623,0.002143588191053092,0.9990722044068799,4.705,99,13,0.13131313131313133
terminal_value_shifted_Z,Z,0.05,58,0.0015862685472128033,0.0023668447283979877,0.9992053419614999,4.705,99,13,0.13131313131313133
terminal_value_shifted_Z,Z,0.05,59,0.001563493337482693,0.0019918826347445906,0.999124811306917,4.705,99,13,0.13131313131313133
terminal_value_shifted_Z,Z,0.08,10,0.0018143957783865645,0.0024206295471835837,0.9975730008616113,4.705,99,13,0.13131313131313133
terminal_value_shifted_Z,Z,0.08,11,0.002056670403275586,0.0031656448340899868,0.998363806540352,4.705,99,13,0.13131313131313133
terminal_value_shifted_Z,Z,0.08,12,0.0021654984932108832,0.0030183161156223104,0.9978685925533493,4.705,99,13,0.13131313131313133
terminal_value_shifted_Z,Z,0.08,13,0.003571221529234133,0.006235552698569791,0.9928291904054252,4.705,99,13,0.13131313131313133
terminal_value_shifted_Z,Z,0.08,14,0.001491734880639631,0.0024505217396324497,0.997704095001633,4.705,99,13,0.13131313131313133
terminal_value_shifted_Z,Z,0.08,15,0.0019545378116380763,0.0031120903333072825,0.996149689341671,4.705,99,13,0.13131313131313133
terminal_value_shifted_Z,Z,0.08,16,0.002145838293404772,0.0032621904478115082,0.9990755874897409,4.705,99,13,0.13131313131313133
terminal_value_shifted_Z,Z,0.08,17,0.0011855294517634282,0.001993167649137595,0.9989505690343926,4.705,99,13,0.13131313131313133
terminal_value_shifted_Z,Z,0.08,18,0.0032340724116624664,0.006794810471050017,0.9926980333060265,4.705,99,13,0.13131313131313133
terminal_value_shifted_Z,Z,0.08,19,0.0027746818640779955,0.0031507456865791372,0.9969084079162663,4.705,99,13,0.13131313131313133
terminal_value_shifted_Z,Z,0.08,20,0.0021197454313999432,0.003417726833043866,0.9987530816254626,4.705,99,13,0.13131313131313133
terminal_value_shifted_Z,Z,0.08,21,0.003414051034901428,0.006631168464781512,0.9962163617273865,4.705,99,13,0.13131313131313133
terminal_value_shifted_Z,Z,0.08,22,0.0018143306402615437,0.0025449106181164582,0.9972299924526181,4.705,99,13,0.13131313131313133
terminal_value_shifted_Z,Z,0.08,23,0.001169773885986983,0.0015840976205653279,0.9989274351805664,4.705,99,13,0.13131313131313133
terminal_value_shifted_Z,Z,0.08,24,0.00133319731832972,0.002216887614072016,0.999006427472432,4.705,99,13,0.13131313131313133
terminal_value_shifted_Z,Z,0.08,25,0.00144059115325352,0.0023366080634037445,0.999214301095863,4.705,99,13,0.13131313131313133
terminal_value_shifted_Z,Z,0.08,26,0.00268307505505863,0.005964640926234832,0.9932523232930546,4.705,99,13,0.13131313131313133
terminal_value_shifted_Z,Z,0.08,27,0.0016623146606276802,0.002752831613770712,0.9991188035574744,4.705,99,13,0.13131313131313133
terminal_value_shifted_Z,Z,0.08,28,0.002382587506527132,0.0028610238260304843,0.9990346552052989,4.705,99,13,0.13131313131313133
terminal_value_shifted_Z,Z,0.08,29,0.0025902346026443557,0.003550761890540266,0.9989958347936563,4.705,99,13,0.13131313131313133
terminal_value_shifted_Z,Z,0.08,30,0.0014199449279724459,0.002846906023785345,0.9985509476649808,4.705,99,13,0.13131313131313133
terminal_value_shifted_Z,Z,0.08,31,0.0021336711048023003,0.003118794228956334,0.9991390909485492,4.705,99,13,0.13131313131313133
terminal_value_shifted_Z,Z,0.08,32,0.0015083466336163357,0.002959635891437107,0.9979523742370348,4.705,99,13,0.13131313131313133
terminal_value_shifted_Z,Z,0.08,33,0.003848044863847647,0.0058849989564526695,0.9943228745163504,4.705,99,13,0.13131313131313133
terminal_value_shifted_Z,Z,0.08,34,0.0034874154509099246,0.006027637033722666,0.9956076013981607,4.705,99,13,0.13131313131313133
terminal_value_shifted_Z,Z,0.08,35,0.002186574183910376,0.0030306630003194,0.9990293501243572,4.705,99,13,0.13131313131313133
terminal_value_shifted_Z,Z,0.08,36,0.0018749126784897523,0.0017678174031571237,0.9984783324504857,4.705,99,13,0.13131313131313133
terminal_value_shifted_Z,Z,0.08,37,0.0012931187704638494,0.002171389012571967,0.9987741381106829,4.705,99,13,0.13131313131313133
terminal_value_shifted_Z,Z,0.08,38,0.0014557514490375768,0.001706888457301936,0.9990529467560163,4.705,99,13,0.13131313131313133
terminal_value_shifted_Z,Z,0.08,39,0.0021577298685890763,0.0028876424275425805,0.9976248609103048,4.705,99,13,0.13131313131313133
terminal_value_shifted_Z,Z,0.08,40,0.0018168431039633504,0.002759416877184395,0.9964007696108911,4.705,99,13,0.13131313131313133
terminal_value_shifted_Z,Z,0.08,41,0.0024162864020191906,0.0025459745737536066,0.9989762114013848,4.705,99,13,0.13131313131313133
terminal_value_shifted_Z,Z,0.08,42,0.003966024616105591,0.0068146440204782666,0.9927227449764255,4.705,99,13,0.13131313131313133
terminal_value_shifted_Z,Z,0.08,43,0.0032707439009475986,0.006895469442940061,0.9957380831574426,4.705,99,13,0.13131313131313133
terminal_value_shifted_Z,Z,0.08,44,0.0015378844202386533,0.0018157412364426806,0.9989917059315918,4.705,99,13,0.13131313131313133
terminal_value_shifted_Z,Z,0.08,45,0.002422807294630048,0.005623631555137565,0.9936182168898997,4.705,99,13,0.13131313131313133
terminal_value_shifted_Z,Z,0.08,46,0.003991121992020642,0.006160230851553816,0.9949372900548981,4.705,99,13,0.13131313131313133
terminal_value_shifted_Z,Z,0.08,47,0.002646417183111702,0.004767125305126685,0.9990715914116137,4.705,99,13,0.13131313131313133
terminal_value_shifted_Z,Z,0.08,48,0.003219552497713356,0.004896083250020888,0.9955810884921985,4.705,99,13,0.13131313131313133
terminal_value_shifted_Z,Z,0.08,49,0.002240325196729147,0.004193200642001682,0.9964181146123161,4.705,99,13,0.13131313131313133
terminal_value_shifted_Z,Z,0.08,50,0.003672207088682983,0.005661219164564191,0.9953347161212617,4.705,99,13,0.13131313131313133
terminal_value_shifted_Z,Z,0.08,51,0.0021645940522366895,0.004766051588321885,0.9944659730171959,4.705,99,13,0.13131313131313133
terminal_value_shifted_Z,Z,0.08,52,0.0026252998183892255,0.0028913914226417203,0.9988165483088913,4.705,99,13,0.13131313131313133
terminal_value_shifted_Z,Z,0.08,53,0.0038504229598060775,0.006237347314981712,0.9937383983132649,4.705,99,13,0.13131313131313133
terminal_value_shifted_Z,Z,0.08,54,0.0022630950296290537,0.003511649612174539,0.9980072457129848,4.705,99,13,0.13131313131313133
terminal_value_shifted_Z,Z,0.08,55,0.003072843046109674,0.007282487449620012,0.9919728874756736,4.705,99,13,0.13131313131313133
terminal_value_shifted_Z,Z,0.08,56,0.0022529415855976607,0.0033954708176897608,0.9988914366505776,4.705,99,13,0.13131313131313133
terminal_value_shifted_Z,Z,0.08,57,0.0023449527023195658,0.0038049184634321165,0.9990488892885266,4.705,99,13,0.13131313131313133
terminal_value_shifted_Z,Z,0.08,58,0.0025864890877813945,0.0047159617713268265,0.9990884452613463,4.705,99,13,0.13131313131313133
terminal_value_shifted_Z,Z,0.08,59,0.0021861300244206644,0.0033534877988330436,0.9988067284344917,4.705,99,13,0.13131313131313133
terminal_value_shifted_H,H,0.0,10,0.0005724170432499245,0.0006970080677721757,0.9994018053483921,5.2425,99,14,0.1414141414141414
terminal_value_shifted_H,H,0.0,11,0.0005724170432499245,0.0006970080677721757,0.9994018053483921,5.2425,99,14,0.1414141414141414
terminal_value_shifted_H,H,0.0,12,0.0005724170432499245,0.0006970080677721757,0.9994018053483921,5.2425,99,14,0.1414141414141414
terminal_value_shifted_H,H,0.0,13,0.0005724170432499245,0.0006970080677721757,0.9994018053483921,5.2425,99,14,0.1414141414141414
terminal_value_shifted_H,H,0.0,14,0.0005724170432499245,0.0006970080677721757,0.9994018053483921,5.2425,99,14,0.1414141414141414
terminal_value_shifted_H,H,0.0,15,0.0005724170432499245,0.0006970080677721757,0.9994018053483921,5.2425,99,14,0.1414141414141414
terminal_value_shifted_H,H,0.0,16,0.0005724170432499245,0.0006970080677721757,0.9994018053483921,5.2425,99,14,0.1414141414141414
terminal_value_shifted_H,H,0.0,17,0.0005724170432499245,0.0006970080677721757,0.9994018053483921,5.2425,99,14,0.1414141414141414
terminal_value_shifted_H,H,0.0,18,0.0005724170432499245,0.0006970080677721757,0.9994018053483921,5.2425,99,14,0.1414141414141414
terminal_value_shifted_H,H,0.0,19,0.0005724170432499245,0.0006970080677721757,0.9994018053483921,5.2425,99,14,0.1414141414141414
terminal_value_shifted_H,H,0.0,20,0.0005724170432499245,0.0006970080677721757,0.9994018053483921,5.2425,99,14,0.1414141414141414
terminal_value_shifted_H,H,0.0,21,0.0005724170432499245,0.0006970080677721757,0.9994018053483921,5.2425,99,14,0.1414141414141414
terminal_value_shifted_H,H,0.0,22,0.0005724170432499245,0.0006970080677721757,0.9994018053483921,5.2425,99,14,0.1414141414141414
terminal_value_shifted_H,H,0.0,23,0.0005724170432499245,0.0006970080677721757,0.9994018053483921,5.2425,99,14,0.1414141414141414
terminal_value_shifted_H,H,0.0,24,0.0005724170432499245,0.0006970080677721757,0.9994018053483921,5.2425,99,14,0.1414141414141414
terminal_value_shifted_H,H,0.0,25,0.0005724170432499245,0.0006970080677721757,0.9994018053483921,5.2425,99,14,0.1414141414141414
terminal_value_shifted_H,H,0.0,26,0.0005724170432499245,0.0006970080677721757,0.9994018053483921,5.2425,99,14,0.1414141414141414
terminal_value_shifted_H,H,0.0,27,0.0005724170432499245,0.0006970080677721757,0.9994018053483921,5.2425,99,14,0.1414141414141414
terminal_value_shifted_H,H,0.0,28,0.0005724170432499245,0.0006970080677721757,0.9994018053483921,5.2425,99,14,0.1414141414141414
terminal_value_shifted_H,H,0.0,29,0.0005724170432499245,0.0006970080677721757,0.9994018053483921,5.2425,99,14,0.1414141414141414
terminal_value_shifted_H,H,0.0,30,0.0005724170432499245,0.0006970080677721757,0.9994018053483921,5.2425,99,14,0.1414141414141414
terminal_value_shifted_H,H,0.0,31,0.0005724170432499245,0.0006970080677721757,0.9994018053483921,5.2425,99,14,0.1414141414141414
terminal_value_shifted_H,H,0.0,32,0.0005724170432499245,0.0006970080677721757,0.9994018053483921,5.2425,99,14,0.1414141414141414
terminal_value_shifted_H,H,0.0,33,0.0005724170432499245,0.0006970080677721757,0.9994018053483921,5.2425,99,14,0.1414141414141414
terminal_value_shifted_H,H,0.0,34,0.0005724170432499245,0.0006970080677721757,0.9994018053483921,5.2425,99,14,0.1414141414141414
terminal_value_shifted_H,H,0.0,35,0.0005724170432499245,0.0006970080677721757,0.9994018053483921,5.2425,99,14,0.1414141414141414
terminal_value_shifted_H,H,0.0,36,0.0005724170432499245,0.0006970080677721757,0.9994018053483921,5.2425,99,14,0.1414141414141414
terminal_value_shifted_H,H,0.0,37,0.0005724170432499245,0.0006970080677721757,0.9994018053483921,5.2425,99,14,0.1414141414141414
terminal_value_shifted_H,H,0.0,38,0.0005724170432499245,0.0006970080677721757,0.9994018053483921,5.2425,99,14,0.1414141414141414
terminal_value_shifted_H,H,0.0,39,0.0005724170432499245,0.0006970080677721757,0.9994018053483921,5.2425,99,14,0.1414141414141414
terminal_value_shifted_H,H,0.0,40,0.0005724170432499245,0.0006970080677721757,0.9994018053483921,5.2425,99,14,0.1414141414141414
terminal_value_shifted_H,H,0.0,41,0.0005724170432499245,0.0006970080677721757,0.9994018053483921,5.2425,99,14,0.1414141414141414
terminal_value_shifted_H,H,0.0,42,0.0005724170432499245,0.0006970080677721757,0.9994018053483921,5.2425,99,14,0.1414141414141414
terminal_value_shifted_H,H,0.0,43,0.0005724170432499245,0.0006970080677721757,0.9994018053483921,5.2425,99,14,0.1414141414141414
terminal_value_shifted_H,H,0.0,44,0.0005724170432499245,0.0006970080677721757,0.9994018053483921,5.2425,99,14,0.1414141414141414
terminal_value_shifted_H,H,0.0,45,0.0005724170432499245,0.0006970080677721757,0.9994018053483921,5.2425,99,14,0.1414141414141414
terminal_value_shifted_H,H,0.0,46,0.0005724170432499245,0.0006970080677721757,0.9994018053483921,5.2425,99,14,0.1414141414141414
terminal_value_shifted_H,H,0.0,47,0.0005724170432499245,0.0006970080677721757,0.9994018053483921,5.2425,99,14,0.1414141414141414
terminal_value_shifted_H,H,0.0,48,0.0005724170432499245,0.0006970080677721757,0.9994018053483921,5.2425,99,14,0.1414141414141414
terminal_value_shifted_H,H,0.0,49,0.0005724170432499245,0.0006970080677721757,0.9994018053483921,5.2425,99,14,0.1414141414141414
terminal_value_shifted_H,H,0.0,50,0.0005724170432499245,0.0006970080677721757,0.9994018053483921,5.2425,99,14,0.1414141414141414
terminal_value_shifted_H,H,0.0,51,0.0005724170432499245,0.0006970080677721757,0.9994018053483921,5.2425,99,14,0.1414141414141414
terminal_value_shifted_H,H,0.0,52,0.0005724170432499245,0.0006970080677721757,0.9994018053483921,5.2425,99,14,0.1414141414141414
terminal_value_shifted_H,H,0.0,53,0.0005724170432499245,0.0006970080677721757,0.9994018053483921,5.2425,99,14,0.1414141414141414
terminal_value_shifted_H,H,0.0,54,0.0005724170432499245,0.0006970080677721757,0.9994018053483921,5.2425,99,14,0.1414141414141414
terminal_value_shifted_H,H,0.0,55,0.0005724170432499245,0.0006970080677721757,0.9994018053483921,5.2425,99,14,0.1414141414141414
terminal_value_shifted_H,H,0.0,56,0.0005724170432499245,0.0006970080677721757,0.9994018053483921,5.2425,99,14,0.1414141414141414
terminal_value_shifted_H,H,0.0,57,0.0005724170432499245,0.0006970080677721757,0.9994018053483921,5.2425,99,14,0.1414141414141414
terminal_value_shifted_H,H,0.0,58,0.0005724170432499245,0.0006970080677721757,0.9994018053483921,5.2425,99,14,0.1414141414141414
terminal_value_shifted_H,H,0.0,59,0.0005724170432499245,0.0006970080677721757,0.9994018053483921,5.2425,99,14,0.1414141414141414
terminal_value_shifted_H,H,0.02,10,0.0006225503246317654,0.000689874892424891,0.9994602268567627,5.2425,99,14,0.1414141414141414
terminal_value_shifted_H,H,0.02,11,0.0006902736803430654,0.001221027510690531,0.999143191835103,5.2425,99,14,0.1414141414141414
terminal_value_shifted_H,H,0.02,12,0.0006942496957641698,0.001278042246243949,0.9991845099505405,5.2425,99,14,0.1414141414141414
terminal_value_shifted_H,H,0.02,13,0.0005774373271735614,0.0007389702863594971,0.9993173588224025,5.2425,99,14,0.1414141414141414
terminal_value_shifted_H,H,0.02,14,0.0005815864477249276,0.0009803541023157836,0.9995584688853439,5.2425,99,14,0.1414141414141414
terminal_value_shifted_H,H,0.02,15,0.0006639976335156297,0.0006898669239181476,0.9992322060399199,5.2425,99,14,0.1414141414141414
terminal_value_shifted_H,H,0.02,16,0.0007241595780131314,0.0011691722843779617,0.9990603650545555,5.2425,99,14,0.1414141414141414
terminal_value_shifted_H,H,0.02,17,0.0006059208430371328,0.0009572036095762959,0.9995486316710287,5.2425,99,14,0.1414141414141414
terminal_value_shifted_H,H,0.02,18,0.0006426638269698745,0.0006771072877311823,0.9991585338693892,5.2425,99,14,0.1414141414141414
terminal_value_shifted_H,H,0.02,19,0.000722396176282003,0.0014286449721538919,0.9992601957607488,5.2425,99,14,0.1414141414141414
terminal_value_shifted_H,H,0.02,20,0.000708429356805955,0.0012114091122411574,0.9990921647082496,5.2425,99,14,0.1414141414141414
terminal_value_shifted_H,H,0.02,21,0.0006638646299974201,0.0010903191181657057,0.9995932372099794,5.2425,99,14,0.1414141414141414
terminal_value_shifted_H,H,0.02,22,0.0006133052459803609,0.0007277541702628287,0.9994754115466216,5.2425,99,14,0.1414141414141414
terminal_value_shifted_H,H,0.02,23,0.0006008527362504399,0.0008210669128352333,0.9994775240599354,5.2425,99,14,0.1414141414141414
terminal_value_shifted_H,H,0.02,24,0.0006106475250775197,0.0010224806040268763,0.9995787733690346,5.2425,99,14,0.1414141414141414
terminal_value_shifted_H,H,0.02,25,0.0006069038364179903,0.0010981524625788275,0.9995897144494157,5.2425,99,14,0.1414141414141414
terminal_value_shifted_H,H,0.02,26,0.0006432843009356526,0.0006303813347602327,0.9992121535614014,5.2425,99,14,0.1414141414141414
terminal_value_shifted_H,H,0.02,27,0.0006114067285622603,0.0008777367310558448,0.9992424594249901,5.2425,99,14,0.1414141414141414
terminal_value_shifted_H,H,0.02,28,0.0006873523800151604,0.0011300869821463388,0.9994005459547552,5.2425,99,14,0.1414141414141414
terminal_value_shifted_H,H,0.02,29,0.0006758035950661908,0.001103483440875408,0.9994596677325319,5.2425,99,14,0.1414141414141414
terminal_value_shifted_H,H,0.02,30,0.0006169854464649772,0.000962721913537079,0.9995602631158624,5.2425,99,14,0.1414141414141414
terminal_value_shifted_H,H,0.02,31,0.0007250182659759085,0.0011148212534913826,0.9990427097658285,5.2425,99,14,0.1414141414141414
terminal_value_shifted_H,H,0.02,32,0.0006222666665621187,0.0009058286277114913,0.9994529630784958,5.2425,99,14,0.1414141414141414
terminal_value_shifted_H,H,0.02,33,0.0006000871811513113,0.000666553056392738,0.9991652775406005,5.2425,99,14,0.1414141414141414
terminal_value_shifted_H,H,0.02,34,0.0006548381699799469,0.0008422605399118765,0.999009784592634,5.2425,99,14,0.1414141414141414
terminal_value_shifted_H,H,0.02,35,0.0007331050855409986,0.0012317228935597724,0.9991084576346069,5.2425,99,14,0.1414141414141414
terminal_value_shifted_H,H,0.02,36,0.0006585645833326458,0.0008774287761679211,0.9993910959356928,5.2425,99,14,0.1414141414141414
terminal_value_shifted_H,H,0.02,37,0.0005891885609829107,0.0010294055644903821,0.9995747565542363,5.2425,99,14,0.1414141414141414
terminal_value_shifted_H,H,0.02,38,0.0005793183033376943,0.0007079944153599582,0.9993931599153508,5.2425,99,14,0.1414141414141414
terminal_value_shifted_H,H,0.02,39,0.0006871887044205007,0.0012723362372437652,0.9992131127698672,5.2425,99,14,0.1414141414141414
terminal_value_shifted_H,H,0.02,40,0.0006160482383301533,0.0006927816098639683,0.9994381409596926,5.2425,99,14,0.1414141414141414
terminal_value_shifted_H,H,0.02,41,0.0007054437406047191,0.0012179970258084927,0.999347517245591,5.2425,99,14,0.1414141414141414
terminal_value_shifted_H,H,0.02,42,0.0006095401715149223,0.0006687464398300591,0.9991767404904266,5.2425,99,14,0.1414141414141414
terminal_value_shifted_H,H,0.02,43,0.000664430162399783,0.0010165226554724738,0.9995791600575046,5.2425,99,14,0.1414141414141414
terminal_value_shifted_H,H,0.02,44,0.0005781368590279826,0.0006922873568252497,0.9993800966488874,5.2425,99,14,0.1414141414141414
terminal_value_shifted_H,H,0.02,45,0.0006386375966865389,0.0006298070788246513,0.9992558627163458,5.2425,99,14,0.1414141414141414
terminal_value_shifted_H,H,0.02,46,0.0007148712839285002,0.0014036853183843068,0.9994618592278434,5.2425,99,14,0.1414141414141414
terminal_value_shifted_H,H,0.02,47,0.0006347000480630865,0.0010918821617021957,0.9995782975265988,5.2425,99,14,0.1414141414141414
terminal_value_shifted_H,H,0.02,48,0.0007137924496889436,0.0014254301153239224,0.9993563765366218,5.2425,99,14,0.1414141414141414
terminal_value_shifted_H,H,0.02,49,0.0006615736024111527,0.0011718280524455338,0.9993781372041981,5.2425,99,14,0.1414141414141414
terminal_value_shifted_H,H,0.02,50,0.0005989728311104178,0.000662251296779659,0.999150848356523,5.2425,99,14,0.1414141414141414
terminal_value_shifted_H,H,0.02,51,0.0006403762693937646,0.0006085850587422836,0.9992788053240814,5.2425,99,14,0.1414141414141414
terminal_value_shifted_H,H,0.02,52,0.00070615172768291,0.0012556319556566997,0.9993752441225524,5.2425,99,14,0.1414141414141414
terminal_value_shifted_H,H,0.02,53,0.0006320563829478268,0.0007718473715161434,0.9990910850557836,5.2425,99,14,0.1414141414141414
terminal_value_shifted_H,H,0.02,54,0.0007085896864466827,0.000855067017837885,0.999023690316315,5.2425,99,14,0.1414141414141414
terminal_value_shifted_H,H,0.02,55,0.0005762412537422638,0.0007651498051297612,0.999404205508549,5.2425,99,14,0.1414141414141414
terminal_value_shifted_H,H,0.02,56,0.0007132889414666002,0.0009609102125484048,0.9989915404051645,5.2425,99,14,0.1414141414141414
terminal_value_shifted_H,H,0.02,57,0.0006597211377897446,0.0008948894601931157,0.9990183456258246,5.2425,99,14,0.1414141414141414
terminal_value_shifted_H,H,0.02,58,0.0006322596457022431,0.0011163288337372457,0.9995820251095047,5.2425,99,14,0.1414141414141414
terminal_value_shifted_H,H,0.02,59,0.000722551812932787,0.0012410329784794394,0.9990946462980307,5.2425,99,14,0.1414141414141414
terminal_value_shifted_H,H,0.05,10,0.0008548068727883935,0.0010912626625142474,0.9993687585462959,5.2425,99,14,0.1414141414141414
terminal_value_shifted_H,H,0.05,11,0.0011050920620841692,0.0022552145265386514,0.9984415153253188,5.2425,99,14,0.1414141414141414
terminal_value_shifted_H,H,0.05,12,0.0011183986623027992,0.0024348433597426444,0.9985854451275589,5.2425,99,14,0.1414141414141414
terminal_value_shifted_H,H,0.05,13,0.0008434453332773721,0.0014249469527288783,0.9991982291807654,5.2425,99,14,0.1414141414141414
terminal_value_shifted_H,H,0.05,14,0.00086787726210841,0.0019292900361015386,0.9994483053366744,5.2425,99,14,0.1414141414141414
terminal_value_shifted_H,H,0.05,15,0.0010067532267245733,0.0010206035252338097,0.9988102283849312,5.2425,99,14,0.1414141414141414
terminal_value_shifted_H,H,0.05,16,0.0012715449813184181,0.002197462672866468,0.9981832493608489,5.2425,99,14,0.1414141414141414
terminal_value_shifted_H,H,0.05,17,0.0010220147955467922,0.0020802072898656876,0.9996171605061346,5.2425,99,14,0.1414141414141414
terminal_value_shifted_H,H,0.05,18,0.0010542832541664178,0.0016796257543376658,0.9986145618413644,5.2425,99,14,0.1414141414141414
terminal_value_shifted_H,H,0.05,19,0.0012527537383703099,0.0029602308499793173,0.9988547988458057,5.2425,99,14,0.1414141414141414
terminal_value_shifted_H,H,0.05,20,0.001195233873991278,0.00222822517453658,0.9982681855488834,5.2425,99,14,0.1414141414141414
terminal_value_shifted_H,H,0.05,21,0.001123885636351891,0.0024743014015051745,0.9996077893279278,5.2425,99,14,0.1414141414141414
terminal_value_shifted_H,H,0.05,22,0.0008443115115503097,0.0012314031736081477,0.9993765527858482,5.2425,99,14,0.1414141414141414
terminal_value_shifted_H,H,0.05,23,0.0009569930184768959,0.0016261552481011687,0.9995300501950413,5.2425,99,14,0.1414141414141414
terminal_value_shifted_H,H,0.05,24,0.0010443288847008989,0.0022637953137201183,0.9995839550390899,5.2425,99,14,0.1414141414141414
terminal_value_shifted_H,H,0.05,25,0.0010085896896103255,0.0024725420297667666,0.9994855665550026,5.2425,99,14,0.1414141414141414
terminal_value_shifted_H,H,0.05,26,0.0010181928555168054,0.00124419789028396,0.9987657724642209,5.2425,99,14,0.1414141414141414
terminal_value_shifted_H,H,0.05,27,0.0008536630225438919,0.0014679891037301385,0.9988335351230521,5.2425,99,14,0.1414141414141414
terminal_value_shifted_H,H,0.05,28,0.0010457210611000505,0.0022705074618842858,0.999368583845376,5.2425,99,14,0.1414141414141414
terminal_value_shifted_H,H,0.05,29,0.0010113429881410635,0.0022265111339322408,0.9994943184949538,5.2425,99,14,0.1414141414141414
terminal_value_shifted_H,H,0.05,30,0.0010556735374910625,0.0021637798927390817,0.9996235867964698,5.2425,99,14,0.1414141414141414
terminal_value_shifted_H,H,0.05,31,0.0012762214907715986,0.0020465242663531003,0.998133930644447,5.2425,99,14,0.1414141414141414
terminal_value_shifted_H,H,0.05,32,0.0009722169515664943,0.0016176530072254947,0.9994697229411131,5.2425,99,14,0.1414141414141414
terminal_value_shifted_H,H,0.05,33,0.0009023857970875682,0.001563422427600103,0.9986764850831399,5.2425,99,14,0.1414141414141414
terminal_value_shifted_H,H,0.05,34,0.0010876457966956085,0.002266860389632086,0.9980637720463486,5.2425,99,14,0.1414141414141414
terminal_value_shifted_H,H,0.05,35,0.001299837145427405,0.0024287023845153133,0.9983853323805141,5.2425,99,14,0.1414141414141414
terminal_value_shifted_H,H,0.05,36,0.0009351475392216844,0.0014125617557192438,0.99928656584269,5.2425,99,14,0.1414141414141414
terminal_value_shifted_H,H,0.05,37,0.0009258067882787888,0.002151752830124587,0.9994760061205541,5.2425,99,14,0.1414141414141414
terminal_value_shifted_H,H,0.05,38,0.0008395097000820058,0.001282065706400326,0.9993398139231627,5.2425,99,14,0.1414141414141414
terminal_value_shifted_H,H,0.05,39,0.0010853270516019565,0.0024183097200054515,0.9986852050568154,5.2425,99,14,0.1414141414141414
terminal_value_shifted_H,H,0.05,40,0.0008529253353534055,0.0008952306223789508,0.9993199972161573,5.2425,99,14,0.1414141414141414
terminal_value_shifted_H,H,0.05,41,0.0011255639959438103,0.0025344968423933745,0.9992356125140385,5.2425,99,14,0.1414141414141414
terminal_value_shifted_H,H,0.05,42,0.0009621814904128808,0.0016242967643572692,0.9987257509030192,5.2425,99,14,0.1414141414141414
terminal_value_shifted_H,H,0.05,43,0.0011232613956662773,0.0022733798644773984,0.9996348790645903,5.2425,99,14,0.1414141414141414
terminal_value_shifted_H,H,0.05,44,0.0008283604391697471,0.0012643881674465618,0.9993054725335392,5.2425,99,14,0.1414141414141414
terminal_value_shifted_H,H,0.05,45,0.0009818458075513826,0.0010473969197192234,0.9988904924735856,5.2425,99,14,0.1414141414141414
terminal_value_shifted_H,H,0.05,46,0.0012372398756569105,0.003258165385704226,0.9994651219994299,5.2425,99,14,0.1414141414141414
terminal_value_shifted_H,H,0.05,47,0.0009663016334320053,0.002418497665627073,0.9994684530288016,5.2425,99,14,0.1414141414141414
terminal_value_shifted_H,H,0.05,48,0.001215019092374346,0.0030432236044223293,0.9991564446887969,5.2425,99,14,0.1414141414141414
terminal_value_shifted_H,H,0.05,49,0.001007063533277122,0.0020829533322573868,0.9992401013355957,5.2425,99,14,0.1414141414141414
terminal_value_shifted_H,H,0.05,50,0.0008816496994474367,0.0015565090866382914,0.9986116457247821,5.2425,99,14,0.1414141414141414
terminal_value_shifted_H,H,0.05,51,0.0009605450572347095,0.001001035122519589,0.9989478991492734,5.2425,99,14,0.1414141414141414
terminal_value_shifted_H,H,0.05,52,0.0011350892081662004,0.0026625722590969403,0.9993163448600983,5.2425,99,14,0.1414141414141414
terminal_value_shifted_H,H,0.05,53,0.0010308191576116489,0.00199370421970535,0.9983975902438432,5.2425,99,14,0.1414141414141414
terminal_value_shifted_H,H,0.05,54,0.0012156450768842722,0.0019212363712366454,0.998094372127378,5.2425,99,14,0.1414141414141414
terminal_value_shifted_H,H,0.05,55,0.0008524410577164455,0.0016214424527357663,0.9993994226446996,5.2425,99,14,0.1414141414141414
terminal_value_shifted_H,H,0.05,56,0.0012420179233392965,0.0020025183053387074,0.9979460110135973,5.2425,99,14,0.1414141414141414
terminal_value_shifted_H,H,0.05,57,0.0010229632775019537,0.0017594827533214952,0.998015475597685,5.2425,99,14,0.1414141414141414
terminal_value_shifted_H,H,0.05,58,0.0009698323126925159,0.0025265144410256957,0.9994520876561555,5.2425,99,14,0.1414141414141414
terminal_value_shifted_H,H,0.05,59,0.0012605811153727972,0.0023565301276873285,0.9982937008779504,5.2425,99,14,0.1414141414141414
terminal_value_shifted_H,H,0.08,10,0.0012710673136997791,0.001723905585903629,0.9990077164926437,5.2425,99,14,0.1414141414141414
terminal_value_shifted_H,H,0.08,11,0.0018078596996288538,0.003477666706932059,0.9973036879054556,5.2425,99,14,0.1414141414141414
terminal_value_shifted_H,H,0.08,12,0.0018347527177408644,0.0038036735830260238,0.9975919192441918,5.2425,99,14,0.1414141414141414
terminal_value_shifted_H,H,0.08,13,0.0014142893614229601,0.0024348620445203695,0.9991089351667315,5.2425,99,14,0.1414141414141414
terminal_value_shifted_H,H,0.08,14,0.00145554807333064,0.0030598203473669594,0.998926661497917,5.2425,99,14,0.1414141414141414
terminal_value_shifted_H,H,0.08,15,0.0015435667773236277,0.0014424760879211407,0.998100635275899,5.2425,99,14,0.1414141414141414
terminal_value_shifted_H,H,0.08,16,0.002230917278936021,0.003097904011596375,0.996827357620535,5.2425,99,14,0.1414141414141414
terminal_value_shifted_H,H,0.08,17,0.001997558288159591,0.003984774245273215,0.9995209694655831,5.2425,99,14,0.1414141414141414
terminal_value_shifted_H,H,0.08,18,0.0018281877570487856,0.0031246014815540235,0.9978496329785934,5.2425,99,14,0.1414141414141414
terminal_value_shifted_H,H,0.08,19,0.0022027842102904146,0.005170812823615423,0.9981154081621342,5.2425,99,14,0.1414141414141414
terminal_value_shifted_H,H,0.08,20,0.0020467607360436487,0.003400025728316769,0.9969526900331075,5.2425,99,14,0.1414141414141414
terminal_value_shifted_H,H,0.08,21,0.0019711817250794056,0.004195613426732914,0.9993147170723878,5.2425,99,14,0.1414141414141414
terminal_value_shifted_H,H,0.08,22,0.0012823295806216777,0.001955579121055595,0.9989850447235891,5.2425,99,14,0.1414141414141414
terminal_value_shifted_H,H,0.08,23,0.0018178123107243991,0.0031311337929064154,0.9995158565219608,5.2425,99,14,0.1414141414141414
terminal_value_shifted_H,H,0.08,24,0.0020171154643680287,0.004226732681284817,0.9992917677661614,5.2425,99,14,0.1414141414141414
terminal_value_shifted_H,H,0.08,25,0.001863226869383841,0.004440562678207249,0.9989162656762919,5.2425,99,14,0.1414141414141414
terminal_value_shifted_H,H,0.08,26,0.001695735850530733,0.002246360129285363,0.9980852841314368,5.2425,99,14,0.1414141414141414
terminal_value_shifted_H,H,0.08,27,0.0013463960055136513,0.002572110171780495,0.9981959298381431,5.2425,99,14,0.1414141414141414
terminal_value_shifted_H,H,0.08,28,0.0015917252592148204,0.0040733574004566675,0.9992894932350264,5.2425,99,14,0.1414141414141414
terminal_value_shifted_H,H,0.08,29,0.0015407169674103848,0.004192159534199491,0.9994625780719733,5.2425,99,14,0.1414141414141414
terminal_value_shifted_H,H,0.08,30,0.002055519556954472,0.004200248756848546,0.9995033606641347,5.2425,99,14,0.1414141414141414
terminal_value_shifted_H,H,0.08,31,0.0022295518964696513,0.002986535910036614,0.99675435410678,5.2425,99,14,0.1414141414141414
terminal_value_shifted_H,H,0.08,32,0.001732404568163915,0.0029736710940980737,0.999432048755801,5.2425,99,14,0.1414141414141414
terminal_value_shifted_H,H,0.08,33,0.0015154760395000432,0.0029329454492872387,0.9980387292159446,5.2425,99,14,0.1414141414141414
terminal_value_shifted_H,H,0.08,34,0.001895887903261773,0.004389056674429681,0.9966964439886314,5.2425,99,14,0.1414141414141414
terminal_value_shifted_H,H,0.08,35,0.0022796967562215276,0.003778961134313419,0.9972880519091061,5.2425,99,14,0.1414141414141414
terminal_value_shifted_H,H,0.08,36,0.0013479578253312902,0.002085415861423745,0.9990149996336346,5.2425,99,14,0.1414141414141414
terminal_value_shifted_H,H,0.08,37,0.0016284741251621519,0.0035562254730585607,0.9989423109573263,5.2425,99,14,0.1414141414141414
terminal_value_shifted_H,H,0.08,38,0.0014737020740892665,0.0026528343485977546,0.9992294522888769,5.2425,99,14,0.1414141414141414
terminal_value_shifted_H,H,0.08,39,0.0017451637891963347,0.0038400351379750397,0.9978031510476079,5.2425,99,14,0.1414141414141414
terminal_value_shifted_H,H,0.08,40,0.001294205500105019,0.0013639426244484998,0.9989386225084373,5.2425,99,14,0.1414141414141414
terminal_value_shifted_H,H,0.08,41,0.00177988940647584,0.004437360431391757,0.9990785058000411,5.2425,99,14,0.1414141414141414
terminal_value_shifted_H,H,0.08,42,0.001685541889020978,0.003138911655763743,0.998159326240767,5.2425,99,14,0.1414141414141414
terminal_value_shifted_H,H,0.08,43,0.001965372985593284,0.0038649177538894186,0.9994682560546427,5.2425,99,14,0.1414141414141414
terminal_value_shifted_H,H,0.08,44,0.0014341428778708084,0.0025645586202077686,0.9991711090552318,5.2425,99,14,0.1414141414141414
terminal_value_shifted_H,H,0.08,45,0.0015967737790544701,0.0016676267190920413,0.9982938010993296,5.2425,99,14,0.1414141414141414
terminal_value_shifted_H,H,0.08,46,0.0021784000897106075,0.0063072872724735385,0.9992731703101997,5.2425,99,14,0.1414141414141414
terminal_value_shifted_H,H,0.08,47,0.0015908660821041041,0.004301233808217453,0.9989059925933335,5.2425,99,14,0.1414141414141414
terminal_value_shifted_H,H,0.08,48,0.002097236734351212,0.005562513925000179,0.9986978614871033,5.2425,99,14,0.1414141414141414
terminal_value_shifted_H,H,0.08,49,0.001574462518559892,0.0034626904370655964,0.9989732880123084,5.2425,99,14,0.1414141414141414
terminal_value_shifted_H,H,0.08,50,0.001448229852159078,0.0029387526927986407,0.9978838212899785,5.2425,99,14,0.1414141414141414
terminal_value_shifted_H,H,0.08,51,0.0015154645427017891,0.0014594164132786247,0.9983662594368166,5.2425,99,14,0.1414141414141414
terminal_value_shifted_H,H,0.08,52,0.0018198262505196268,0.004873595478899984,0.9992287153860594,5.2425,99,14,0.1414141414141414
terminal_value_shifted_H,H,0.08,53,0.0018106207213173507,0.0039163542529222495,0.9974467024695908,5.2425,99,14,0.1414141414141414
terminal_value_shifted_H,H,0.08,54,0.0020541987869610247,0.003235970284560019,0.996717008739187,5.2425,99,14,0.1414141414141414
terminal_value_shifted_H,H,0.08,55,0.0014644543400148694,0.0029150201191747716,0.9994273017632019,5.2425,99,14,0.1414141414141414
terminal_value_shifted_H,H,0.08,56,0.0021555599427760847,0.0033728979462063213,0.9963703634661569,5.2425,99,14,0.1414141414141414
terminal_value_shifted_H,H,0.08,57,0.0016710155050710727,0.0032769090087266806,0.9964724866903432,5.2425,99,14,0.1414141414141414
terminal_value_shifted_H,H,0.08,58,0.001612371508312917,0.004535940955357476,0.9988371641802021,5.2425,99,14,0.1414141414141414
terminal_value_shifted_H,H,0.08,59,0.002211286733404015,0.003598179685830094,0.99702638321101,5.2425,99,14,0.1414141414141414
