task,step,value_depth,candidate_count,previous_terminal_phi,tail_phi,tail_phi_abs_error,terminal_outside_residual,residual_threshold,phi,current_value,best_successor_value,best_value_margin,best_fallback_norm,best_fallback_amp,best_fallback_index,state_stage_cost,expected_stage_cost,bellman_gap
Z,1,1,41,0.0020415222502339833,0.0020415222502339833,0.0,1,0.001,0.0020415222502339833,0.00331299678507497,0.0022714745348409865,0.0010415222502339833,0.0,0.0,0,0.0010415222502339833,0.0010415222502339833,0.0
Z,1,2,41,0.0020415222502339833,0.0020415222502339833,0.0,1,0.001,0.0020415222502339833,0.004844606049789495,0.0038030837995555117,0.0010415222502339833,0.0,0.0,0,0.0010415222502339833,0.0010415222502339833,0.0
Z,2,1,41,0.002026341232292242,0.002026341232292242,0.0,1,0.001,0.002026341232292242,0.003282594802421373,0.002256253570129131,0.001026341232292242,0.0,0.0,0,0.001026341232292242,0.001026341232292242,0.0
Z,2,2,41,0.002026341232292242,0.002026341232292242,0.0,1,0.001,0.002026341232292242,0.004807595642452882,0.00378125441016064,0.001026341232292242,0.0,0.0,0,0.001026341232292242,0.001026341232292242,0.0
Z,3,1,41,0.002256253570129131,0.002256253570129131,0.0,1,0.001,0.002256253570129131,0.00378125441016064,0.002525000840031509,0.0012562535701291311,0.0,0.0,0,0.0012562535701291311,0.0012562535701291311,0.0
Z,3,2,41,0.002256253570129131,0.002256253570129131,0.0,1,0.001,0.002256253570129131,0.005582260855620193,0.004326007285491062,0.0012562535701291311,0.0,0.0,0,0.0012562535701291311,0.0012562535701291311,0.0
Z,4,1,41,0.0023834887293366497,0.0023834887293366497,0.0,1,0.001,0.0023834887293366497,0.004039449776786338,0.0026559610474496884,0.0013834887293366497,0.0,0.0,0,0.0013834887293366497,0.0013834887293366497,0.0
Z,4,2,41,0.0023834887293366497,0.0023834887293366497,0.0,1,0.001,0.0023834887293366497,0.0059502501528538605,0.004566761423517211,0.0013834887293366497,0.0,0.0,0,0.0013834887293366497,0.0013834887293366497,0.0
Z,5,1,41,0.002584536389571887,0.002584536389571887,0.0,1,0.001,0.002584536389571887,0.004467945168083611,0.0028834087785117243,0.001584536389571887,0.25,0.5,3,0.001584536389571887,0.001584536389571887,0.0
Z,5,2,41,0.002584536389571887,0.002584536389571887,0.0,1,0.001,0.002584536389571887,0.006693001067183688,0.005108464677611801,0.001584536389571887,1.0,1.0,11,0.001584536389571887,0.001584536389571887,0.0
Z,6,1,41,0.0028831646562249985,0.0028831646562249985,0.0,1,0.001,0.0028831646562249985,0.00510445082465326,0.003221286168428261,0.0018831646562249985,0.0,0.0,0,0.0018831646562249985,0.0018831646562249985,0.0
Z,6,2,41,0.0028831646562249985,0.0028831646562249985,0.0,1,0.001,0.0028831646562249985,0.007720050203416639,0.00583688554719164,0.0018831646562249985,0.0,0.0,0,0.0018831646562249985,0.0018831646562249985,0.0
Z,7,1,41,0.003047633659873157,0.003047633659873157,0.0,1,0.001,0.003047633659873157,0.0053776313302495654,0.0033299976703764084,0.002047633659873157,0.0,0.0,0,0.002047633659873157,0.002047633659873157,0.0
Z,7,2,41,0.003047633659873157,0.003047633659873157,0.0,1,0.001,0.003047633659873157,0.008101704190332593,0.006054070530459436,0.002047633659873157,0.0,0.0,0,0.002047633659873157,0.002047633659873157,0.0
Z,8,1,41,0.0032325847099518995,0.0032325847099518995,0.0,1,0.001,0.0032325847099518995,0.0058216711835720825,0.003589086473620183,0.0022325847099518995,0.0,0.0,0,0.0022325847099518995,0.0022325847099518995,0.0
Z,8,2,41,0.0032325847099518995,0.0032325847099518995,0.0,1,0.001,0.0032325847099518995,0.008792656774354065,0.006560072064402165,0.0022325847099518995,0.0,0.0,0,0.0022325847099518995,0.0022325847099518995,0.0
Z,9,1,41,0.0034077559489118364,0.0034077559489118364,0.0,1,0.001,0.0034077559489118364,0.0061717260055654125,0.003763970056653576,0.0024077559489118364,0.24999999999999994,0.49999999999999994,6,0.0024077559489118364,0.0024077559489118364,0.0
Z,9,2,41,0.0034077559489118364,0.0034077559489118364,0.0,1,0.001,0.0034077559489118364,0.009351222782233591,0.006943466833321755,0.0024077559489118364,0.24999999999999994,0.49999999999999994,6,0.0024077559489118364,0.0024077559489118364,0.0
Z,10,1,41,0.003064422497545974,0.003064422497545974,0.0,1,0.001,0.003064422497545974,0.005421817404209246,0.003357394906663272,0.002064422497545974,0.24999999999999994,0.49999999999999994,7,0.002064422497545974,0.002064422497545974,0.0
Z,10,2,41,0.003064422497545974,0.003064422497545974,0.0,1,0.001,0.003064422497545974,0.008124926704067241,0.0060605042065212675,0.002064422497545974,0.24999999999999994,0.49999999999999994,7,0.002064422497545974,0.002064422497545974,0.0
Z,11,1,41,0.0033293719795650795,0.0033293719795650795,0.0,1,0.001,0.0033293719795650795,0.005966213751257111,0.0036368417716920315,0.0023293719795650794,0.0,0.0,0,0.0023293719795650794,0.0023293719795650794,0.0
Z,11,2,41,0.0033293719795650795,0.0033293719795650795,0.0,1,0.001,0.0033293719795650795,0.008981051486761345,0.006651679507196266,0.0023293719795650794,0.0,0.0,0,0.0023293719795650794,0.0023293719795650794,0.0
Z,12,1,41,0.0035217982043523957,0.0035217982043523957,0.0,1,0.001,0.0035217982043523957,0.006425059416792799,0.0039032612124404037,0.0025217982043523957,0.0,0.0,0,0.0025217982043523957,0.0025217982043523957,0.0
Z,12,2,41,0.0035217982043523957,0.0035217982043523957,0.0,1,0.001,0.0035217982043523957,0.009786849207865234,0.007265051003512838,0.0025217982043523957,0.0,0.0,0,0.0025217982043523957,0.0025217982043523957,0.0
Z,13,1,41,0.0038950659673245847,0.0038950659673245847,0.0,1,0.001,0.0038950659673245847,0.0072531069888296185,0.004358041021505034,0.0028950659673245846,0.0,0.0,0,0.0028950659673245846,0.0028950659673245846,0.0
Z,13,2,41,0.0038950659673245847,0.0038950659673245847,0.0,1,0.001,0.0038950659673245847,0.011088156116878196,0.008193090149553613,0.0028950659673245838,0.0,0.0,0,0.0028950659673245846,0.0028950659673245846,8.673617379884035e-19
Z,14,1,41,0.00435297100174592,0.00435297100174592,0.0,1,0.001,0.00435297100174592,0.008223035957940314,0.004870064956194395,0.003352971001745919,0.0,0.0,0,0.00335297100174592,0.00335297100174592,8.673617379884035e-19
Z,14,2,41,0.00435297100174592,0.00435297100174592,0.0,1,0.001,0.00435297100174592,0.012676696983325693,0.009323725981579774,0.003352971001745919,0.0,0.0,0,0.00335297100174592,0.00335297100174592,8.673617379884035e-19
Z,15,1,41,0.00464955533587471,0.00464955533587471,0.0,1,0.001,0.00464955533587471,0.008864869731632495,0.005215314395757786,0.0036495553358747088,0.0,0.0,0,0.0036495553358747096,0.0036495553358747096,8.673617379884035e-19
Z,15,2,41,0.00464955533587471,0.00464955533587471,0.0,1,0.001,0.00464955533587471,0.013685638014358688,0.010036082678483979,0.0036495553358747088,0.0,0.0,0,0.0036495553358747096,0.0036495553358747096,8.673617379884035e-19
Z,16,1,41,0.005174867090535502,0.005174867090535502,0.0,1,0.001,0.005174867090535502,0.009964432473561581,0.00578956538302608,0.0041748670905355015,0.0,0.0,0,0.004174867090535502,0.004174867090535502,8.673617379884035e-19
Z,16,2,41,0.005174867090535502,0.005174867090535502,0.0,1,0.001,0.005174867090535502,0.015425678235422964,0.011250811144887463,0.0041748670905355015,0.0,0.0,0,0.004174867090535502,0.004174867090535502,8.673617379884035e-19
Z,17,1,41,0.0055255909618900576,0.0055255909618900576,0.0,1,0.001,0.0055255909618900576,0.010672932137971186,0.0061473411760811295,0.004525590961890057,0.0,0.0,0,0.0045255909618900575,0.0045255909618900575,8.673617379884035e-19
Z,17,2,41,0.0055255909618900576,0.0055255909618900576,0.0,1,0.001,0.0055255909618900576,0.016482276733494547,0.01195668577160449,0.004525590961890057,0.0,0.0,0,0.0045255909618900575,0.0045255909618900575,8.673617379884035e-19
Z,18,1,41,0.006092782491319559,0.006092782491319559,0.0,1,0.001,0.006092782491319559,0.01173118675075413,0.006638404259434572,0.0050927824913195585,0.0,0.0,0,0.005092782491319559,0.005092782491319559,8.673617379884035e-19
Z,18,2,41,0.006092782491319559,0.006092782491319559,0.0,1,0.001,0.006092782491319559,0.018013552158871918,0.01292076966755236,0.0050927824913195585,0.0,0.0,0,0.005092782491319559,0.005092782491319559,8.673617379884035e-19
Z,19,1,41,0.0056280676035384836,0.0056280676035384836,0.0,1,0.001,0.0056280676035384836,0.010688003093882799,0.006059935490344316,0.004628067603538483,0.0,0.0,0,0.0046280676035384835,0.0046280676035384835,8.673617379884035e-19
Z,19,2,41,0.0056280676035384836,0.0056280676035384836,0.0,1,0.001,0.0056280676035384836,0.016058984525125566,0.011430916921587084,0.004628067603538483,0.0,0.0,0,0.0046280676035384835,0.0046280676035384835,8.673617379884035e-19
Z,20,1,41,0.004881731079065886,0.004881731079065886,0.0,1,0.001,0.004881731079065886,0.009069280203989706,0.005187549124923821,0.003881731079065885,0.24999999999999994,0.49999999999999994,8,0.003881731079065886,0.003881731079065886,8.673617379884035e-19
Z,20,2,41,0.004881731079065886,0.004881731079065886,0.0,1,0.001,0.004881731079065886,0.013554570967333611,0.009672839888267726,0.003881731079065885,0.9999999999999998,0.9999999999999999,16,0.003881731079065886,0.003881731079065886,8.673617379884035e-19
Z,21,1,41,0.005096611515210944,0.005096611515210944,0.0,1,0.001,0.005096611515210944,0.009451221050011518,0.005354609534800575,0.004096611515210943,0.0,0.0,0,0.004096611515210944,0.004096611515210944,8.673617379884035e-19
Z,21,2,41,0.005096611515210944,0.005096611515210944,0.0,1,0.001,0.005096611515210944,0.014097625390217833,0.01000101387500689,0.004096611515210943,0.0,0.0,0,0.004096611515210944,0.004096611515210944,8.673617379884035e-19
Z,22,1,41,0.004701739725409604,0.004701739725409604,0.0,1,0.001,0.004701739725409604,0.008606390248844173,0.00490465052343457,0.003701739725409603,0.0,0.0,0,0.003701739725409604,0.003701739725409604,8.673617379884035e-19
Z,22,2,41,0.004701739725409604,0.004701739725409604,0.0,1,0.001,0.004701739725409604,0.012727078969396954,0.009025339243987351,0.003701739725409603,0.0,0.0,0,0.003701739725409604,0.003701739725409604,8.673617379884035e-19
Z,23,1,41,0.0048337679649592055,0.0048337679649592055,0.0,1,0.001,0.0048337679649592055,0.008932859095437805,0.0050990911304786,0.0038337679649592046,0.0,0.0,0,0.0038337679649592055,0.0038337679649592055,8.673617379884035e-19
Z,23,2,41,0.0048337679649592055,0.0048337679649592055,0.0,1,0.001,0.0048337679649592055,0.013333341137637754,0.00949957317267855,0.0038337679649592046,0.0,0.0,0,0.0038337679649592055,0.0038337679649592055,8.673617379884035e-19
Z,24,1,41,0.004855861042766446,0.004855861042766446,0.0,1,0.001,0.004855861042766446,0.008964860347754504,0.005108999304988059,0.0038558610427664453,0.25,0.5,4,0.003855861042766446,0.003855861042766446,8.673617379884035e-19
Z,24,2,41,0.004855861042766446,0.004855861042766446,0.0,1,0.001,0.004855861042766446,0.013286554379988672,0.009430693337222226,0.0038558610427664453,4.0,2.0,20,0.003855861042766446,0.003855861042766446,8.673617379884035e-19
Z,25,1,41,0.0044562383512529655,0.0044562383512529655,0.0,1,0.001,0.0044562383512529655,0.00819785738423736,0.0047416190329843955,0.0034562383512529646,0.0,0.0,0,0.0034562383512529654,0.0034562383512529654,8.673617379884035e-19
Z,25,2,41,0.0044562383512529655,0.0044562383512529655,0.0,1,0.001,0.0044562383512529655,0.012303460282801063,0.008847221931548098,0.0034562383512529646,0.0,0.0,0,0.0034562383512529654,0.0034562383512529654,8.673617379884035e-19
Z,26,1,41,0.00467001573059516,0.00467001573059516,0.0,1,0.001,0.00467001573059516,0.008697494300473126,0.005027478569877966,0.0036700157305951595,0.0,0.0,0,0.0036700157305951603,0.0036700157305951603,8.673617379884035e-19
Z,26,2,41,0.00467001573059516,0.00467001573059516,0.0,1,0.001,0.00467001573059516,0.013174052689234862,0.009504036958639703,0.0036700157305951595,0.0,0.0,0,0.0036700157305951603,0.0036700157305951603,8.673617379884035e-19
Z,27,1,41,0.004937645576920696,0.004937645576920696,0.0,1,0.001,0.004937645576920696,0.009322396730157188,0.005384751153236493,0.003937645576920695,0.0,0.0,0,0.003937645576920696,0.003937645576920696,8.673617379884035e-19
Z,27,2,41,0.004937645576920696,0.004937645576920696,0.0,1,0.001,0.004937645576920696,0.014243818688429201,0.010306173111508506,0.003937645576920695,0.0,0.0,0,0.003937645576920696,0.003937645576920696,8.673617379884035e-19
Z,28,1,41,0.0051619721348036135,0.0051619721348036135,0.0,1,0.001,0.0051619721348036135,0.009855955042763605,0.005693982907959992,0.004161972134803613,0.0,0.0,0,0.0041619721348036135,0.0041619721348036135,8.673617379884035e-19
Z,28,2,41,0.0051619721348036135,0.0051619721348036135,0.0,1,0.001,0.0051619721348036135,0.015174652345214416,0.011012680210410804,0.004161972134803613,0.0,0.0,0,0.0041619721348036135,0.0041619721348036135,8.673617379884035e-19
Z,29,1,41,0.005693982907959992,0.005693982907959992,0.0,1,0.001,0.005693982907959992,0.011012680210410804,0.0063186973024508125,0.004693982907959991,0.24999999999999994,0.49999999999999994,7,0.004693982907959992,0.004693982907959992,8.673617379884035e-19
Z,29,2,41,0.005693982907959992,0.005693982907959992,0.0,1,0.001,0.005693982907959992,0.017056317431128155,0.012362334523168164,0.004693982907959991,0.24999999999999994,0.49999999999999994,7,0.004693982907959992,0.004693982907959992,8.673617379884035e-19
Z,30,1,41,0.005999031781424108,0.005999031781424108,0.0,1,0.001,0.005999031781424108,0.011724536815701174,0.006725505034277067,0.004999031781424107,0.0,0.0,0,0.004999031781424108,0.004999031781424108,8.673617379884035e-19
Z,30,2,41,0.005999031781424108,0.005999031781424108,0.0,1,0.001,0.005999031781424108,0.018278112805802604,0.013279081024378497,0.004999031781424107,0.0,0.0,0,0.004999031781424108,0.004999031781424108,8.673617379884035e-19
Z,31,1,41,0.006630645481194353,0.006630645481194353,0.0,1,0.001,0.006630645481194353,0.013071445782506116,0.007440800301311765,0.005630645481194352,0.0,0.0,0,0.005630645481194353,0.005630645481194353,8.673617379884035e-19
Z,31,2,41,0.006630645481194353,0.006630645481194353,0.0,1,0.001,0.006630645481194353,0.02040713857054751,0.014776493089353158,0.005630645481194352,0.0,0.0,0,0.005630645481194353,0.005630645481194353,8.673617379884035e-19
Z,32,1,41,0.007235077884662079,0.007235077884662079,0.0,1,0.001,0.007235077884662079,0.01435032701071727,0.008115249126055192,0.006235077884662078,0.0,0.0,0,0.006235077884662079,0.006235077884662079,8.673617379884035e-19
Z,32,2,41,0.007235077884662079,0.007235077884662079,0.0,1,0.001,0.007235077884662079,0.022434628914859152,0.016199551030197074,0.006235077884662078,0.0,0.0,0,0.006235077884662079,0.006235077884662079,8.673617379884035e-19
Z,33,1,41,0.007773961662153987,0.007773961662153987,0.0,1,0.001,0.007773961662153987,0.015404948190134486,0.0086309865279805,0.006773961662153986,0.0,0.0,0,0.006773961662153987,0.006773961662153987,8.673617379884035e-19
Z,33,2,41,0.007773961662153987,0.007773961662153987,0.0,1,0.001,0.007773961662153987,0.02396849440802082,0.017194532745866832,0.006773961662153986,0.0,0.0,0,0.006773961662153987,0.006773961662153987,8.673617379884035e-19
Z,34,1,41,0.00821560531072496,0.00821560531072496,0.0,1,0.001,0.00821560531072496,0.016293043589589565,0.009077438278864605,0.00721560531072496,0.0,0.0,0,0.0072156053107249605,0.0072156053107249605,8.673617379884035e-19
Z,34,2,41,0.00821560531072496,0.00821560531072496,0.0,1,0.001,0.00821560531072496,0.025060898273257276,0.017845292962532316,0.00721560531072496,4.0,2.0,17,0.0072156053107249605,0.0072156053107249605,8.673617379884035e-19
Z,35,1,41,0.0074207486152537555,0.0074207486152537555,0.0,1,0.001,0.0074207486152537555,0.014258252312437485,0.00783750369718373,0.006420748615253755,1.0,1.0,9,0.0064207486152537555,0.0064207486152537555,8.673617379884035e-19
Z,35,2,41,0.0074207486152537555,0.0074207486152537555,0.0,1,0.001,0.0074207486152537555,0.02144938783595024,0.015028639220696485,0.006420748615253755,4.0,2.0,17,0.0064207486152537555,0.0064207486152537555,8.673617379884035e-19
Z,36,1,41,0.006799122493903874,0.006799122493903874,0.0,1,0.001,0.006799122493903874,0.012498785139580228,0.006699662645676355,0.005799122493903873,0.0,0.0,0,0.005799122493903874,0.005799122493903874,8.673617379884035e-19
Z,36,2,41,0.006799122493903874,0.006799122493903874,0.0,1,0.001,0.006799122493903874,0.01820801351188378,0.012408891017979908,0.005799122493903873,0.0,0.0,0,0.005799122493903874,0.005799122493903874,8.673617379884035e-19
Z,37,1,41,0.006699662645676355,0.006699662645676355,0.0,1,0.001,0.006699662645676355,0.012408891017979908,0.006709228372303554,0.005699662645676354,0.0,0.0,0,0.005699662645676355,0.005699662645676355,8.673617379884035e-19
Z,37,2,41,0.006699662645676355,0.006699662645676355,0.0,1,0.001,0.006699662645676355,0.018221224802612117,0.012521562156935763,0.005699662645676354,0.0,0.0,0,0.005699662645676355,0.005699662645676355,8.673617379884035e-19
Z,38,1,41,0.006709228372303554,0.006709228372303554,0.0,1,0.001,0.006709228372303554,0.012521562156935763,0.00681233378463221,0.005709228372303553,0.0,0.0,0,0.005709228372303554,0.005709228372303554,8.673617379884035e-19
Z,38,2,41,0.006709228372303554,0.006709228372303554,0.0,1,0.001,0.006709228372303554,0.018434198677048007,0.012724970304744454,0.005709228372303553,0.0,0.0,0,0.005709228372303554,0.005709228372303554,8.673617379884035e-19
Z,39,1,41,0.006193847468242399,0.006193847468242399,0.0,1,0.001,0.006193847468242399,0.01128820590632617,0.006094358438083772,0.005193847468242398,0.24999999999999994,0.49999999999999994,5,0.0051938474682423985,0.0051938474682423985,8.673617379884035e-19
Z,39,2,41,0.006193847468242399,0.006193847468242399,0.0,1,0.001,0.006193847468242399,0.015989664329653347,0.01079581686141095,0.005193847468242398,15.999999999999996,3.9999999999999996,37,0.0051938474682423985,0.0051938474682423985,8.673617379884035e-19
Z,40,1,41,0.00606115499530064,0.00606115499530064,0.0,1,0.001,0.00606115499530064,0.010968255432802651,0.005907100437502012,0.005061154995300639,0.0,0.0,0,0.00506115499530064,0.00506115499530064,8.673617379884035e-19
Z,40,2,41,0.00606115499530064,0.00606115499530064,0.0,1,0.001,0.00606115499530064,0.015813373220868135,0.010752218225567496,0.005061154995300639,0.0,0.0,0,0.00506115499530064,0.00506115499530064,8.673617379884035e-19
Z,41,1,41,0.005832370855754256,0.005832370855754256,0.0,1,0.001,0.005832370855754256,0.010511126004293825,0.00567875514853957,0.004832370855754255,0.0,0.0,0,0.0048323708557542555,0.0048323708557542555,8.673617379884035e-19
Z,41,2,41,0.005832370855754256,0.005832370855754256,0.0,1,0.001,0.005832370855754256,0.015135932973910346,0.010303562118156091,0.004832370855754255,0.0,0.0,0,0.0048323708557542555,0.0048323708557542555,8.673617379884035e-19
Z,42,1,41,0.005568057708460528,0.005568057708460528,0.0,1,0.001,0.005568057708460528,0.010128726247341277,0.00556066853888075,0.004568057708460527,0.0,0.0,0,0.004568057708460528,0.004568057708460528,8.673617379884035e-19
Z,42,2,41,0.005568057708460528,0.005568057708460528,0.0,1,0.001,0.005568057708460528,0.01478525807179492,0.010217200363334393,0.004568057708460527,0.0,0.0,0,0.004568057708460528,0.004568057708460528,8.673617379884035e-19
Z,43,1,41,0.00556066853888075,0.00556066853888075,0.0,1,0.001,0.00556066853888075,0.010217200363334393,0.005656531824453644,0.004560668538880749,0.0,0.0,0,0.00456066853888075,0.00456066853888075,8.673617379884035e-19
Z,43,2,41,0.00556066853888075,0.00556066853888075,0.0,1,0.001,0.00556066853888075,0.01492226824196493,0.01036159970308418,0.004560668538880749,0.0,0.0,0,0.00456066853888075,0.00456066853888075,8.673617379884035e-19
Z,44,1,41,0.005575308535733153,0.005575308535733153,0.0,1,0.001,0.005575308535733153,0.010234527303530881,0.005659218767797729,0.0045753085357331524,4.0,2.0,19,0.004575308535733153,0.004575308535733153,8.673617379884035e-19
Z,44,2,41,0.005575308535733153,0.005575308535733153,0.0,1,0.001,0.005575308535733153,0.015129110923987048,0.010553802388253895,0.0045753085357331524,4.0,2.0,19,0.004575308535733153,0.004575308535733153,8.673617379884035e-19
Z,45,1,41,0.005659218767797729,0.005659218767797729,0.0,1,0.001,0.005659218767797729,0.010553802388253895,0.0058945836204561675,0.004659218767797728,0.0,0.0,0,0.004659218767797729,0.004659218767797729,8.673617379884035e-19
Z,45,2,41,0.005659218767797729,0.005659218767797729,0.0,1,0.001,0.005659218767797729,0.01582262199798949,0.011163403230191764,0.004659218767797728,0.0,0.0,0,0.004659218767797729,0.004659218767797729,8.673617379884035e-19
Z,46,1,41,0.005679584473923971,0.005679584473923971,0.0,1,0.001,0.005679584473923971,0.01066895844426418,0.00598937397034021,0.00467958447392397,0.0,0.0,0,0.004679584473923971,0.004679584473923971,8.673617379884035e-19
Z,46,2,41,0.005679584473923971,0.005679584473923971,0.0,1,0.001,0.005679584473923971,0.016112354373434744,0.011432769899510774,0.00467958447392397,0.0,0.0,0,0.004679584473923971,0.004679584473923971,8.673617379884035e-19
Z,47,1,41,0.00598937397034021,0.00598937397034021,0.0,1,0.001,0.00598937397034021,0.011432769899510774,0.0064433959291705645,0.004989373970340209,0.0,0.0,0,0.00498937397034021,0.00498937397034021,8.673617379884035e-19
Z,47,2,41,0.00598937397034021,0.00598937397034021,0.0,1,0.001,0.00598937397034021,0.017446559198460394,0.012457185228120185,0.004989373970340209,0.0,0.0,0,0.00498937397034021,0.00498937397034021,8.673617379884035e-19
Z,48,1,41,0.006155870273861164,0.006155870273861164,0.0,1,0.001,0.006155870273861164,0.011762609316416449,0.006606739042555286,0.005155870273861163,0.0,0.0,0,0.005155870273861164,0.005155870273861164,8.673617379884035e-19
Z,48,2,41,0.006155870273861164,0.006155870273861164,0.0,1,0.001,0.006155870273861164,0.017840016198211364,0.012684145924350201,0.005155870273861163,0.0,0.0,0,0.005155870273861164,0.005155870273861164,8.673617379884035e-19
Z,49,1,41,0.006606739042555286,0.006606739042555286,0.0,1,0.001,0.006606739042555286,0.012684145924350201,0.007077406881794916,0.005606739042555285,15.999999999999996,3.9999999999999996,39,0.005606739042555286,0.005606739042555286,8.673617379884035e-19
Z,49,2,41,0.006606739042555286,0.006606739042555286,0.0,1,0.001,0.006606739042555286,0.019188370183204517,0.013581631140649232,0.005606739042555285,15.999999999999996,3.9999999999999996,39,0.005606739042555286,0.005606739042555286,8.673617379884035e-19
Z,50,1,41,0.007077406881794916,0.007077406881794916,0.0,1,0.001,0.007077406881794916,0.013581631140649232,0.007504224258854317,0.006077406881794915,0.24999999999999994,0.49999999999999994,7,0.006077406881794916,0.006077406881794916,8.673617379884035e-19
Z,50,2,41,0.007077406881794916,0.007077406881794916,0.0,1,0.001,0.007077406881794916,0.020489540069530486,0.01441213318773557,0.006077406881794915,0.24999999999999994,0.49999999999999994,7,0.006077406881794916,0.006077406881794916,8.673617379884035e-19
Z,51,1,41,0.00677114601225514,0.00677114601225514,0.0,1,0.001,0.00677114601225514,0.01286817121879795,0.0070970252065428105,0.005771146012255139,0.0,0.0,0,0.00577114601225514,0.00577114601225514,8.673617379884035e-19
Z,51,2,41,0.00677114601225514,0.00677114601225514,0.0,1,0.001,0.00677114601225514,0.01937493788264561,0.013603791870390472,0.005771146012255139,0.24999999999999994,0.49999999999999994,7,0.00577114601225514,0.00577114601225514,8.673617379884035e-19
Z,52,1,41,0.006415730322728817,0.006415730322728817,0.0,1,0.001,0.006415730322728817,0.011939213788869175,0.006523483466140359,0.0054157303227288164,0.0,0.0,0,0.005415730322728817,0.005415730322728817,8.673617379884035e-19
Z,52,2,41,0.006415730322728817,0.006415730322728817,0.0,1,0.001,0.006415730322728817,0.01756121204280911,0.012145481720080294,0.0054157303227288164,0.0,0.0,0,0.005415730322728817,0.005415730322728817,8.673617379884035e-19
Z,53,1,41,0.006005721029311295,0.006005721029311295,0.0,1,0.001,0.006005721029311295,0.010971250066160558,0.005965529036849264,0.005005721029311294,0.0,0.0,0,0.005005721029311295,0.005005721029311295,8.673617379884035e-19
Z,53,2,41,0.006005721029311295,0.006005721029311295,0.0,1,0.001,0.006005721029311295,0.015699714221575733,0.01069399319226444,0.005005721029311294,0.0,0.0,0,0.005005721029311295,0.005005721029311295,8.673617379884035e-19
Z,54,1,41,0.005894165063018521,0.005894165063018521,0.0,1,0.001,0.005894165063018521,0.010448390657533724,0.005554225594515204,0.00489416506301852,16.0,4.0,34,0.004894165063018521,0.004894165063018521,8.673617379884035e-19
Z,54,2,41,0.005894165063018521,0.005894165063018521,0.0,1,0.001,0.005894165063018521,0.014717256365592991,0.009823091302574471,0.00489416506301852,16.0,4.0,34,0.004894165063018521,0.004894165063018521,8.673617379884035e-19
Z,55,1,41,0.005554225594515204,0.005554225594515204,0.0,1,0.001,0.005554225594515204,0.009823091302574471,0.0052688657080592685,0.004554225594515203,0.0,0.0,0,0.004554225594515204,0.004554225594515204,8.673617379884035e-19
Z,55,2,41,0.005554225594515204,0.005554225594515204,0.0,1,0.001,0.005554225594515204,0.01412954701463049,0.009575321420115288,0.004554225594515203,0.0,0.0,0,0.004554225594515204,0.004554225594515204,8.673617379884035e-19
Z,56,1,41,0.0052688657080592685,0.0052688657080592685,0.0,1,0.001,0.0052688657080592685,0.009575321420115288,0.00530645571205602,0.004268865708059268,0.0,0.0,0,0.0042688657080592685,0.0042688657080592685,8.673617379884035e-19
Z,56,2,41,0.0052688657080592685,0.0052688657080592685,0.0,1,0.001,0.0052688657080592685,0.014009373963669719,0.009740508255610451,0.004268865708059268,0.0,0.0,0,0.0042688657080592685,0.0042688657080592685,8.673617379884035e-19
Z,57,1,41,0.005047614256399352,0.005047614256399352,0.0,1,0.001,0.005047614256399352,0.009153645428762104,0.005106031172362753,0.004047614256399351,0.0,0.0,0,0.004047614256399352,0.004047614256399352,8.673617379884035e-19
Z,57,2,41,0.005047614256399352,0.005047614256399352,0.0,1,0.001,0.005047614256399352,0.013388143388683868,0.009340529132284517,0.004047614256399351,0.0,0.0,0,0.004047614256399352,0.004047614256399352,8.673617379884035e-19
Z,58,1,41,0.004934895816565928,0.004934895816565928,0.0,1,0.001,0.004934895816565928,0.009033492736234598,0.0050985969196686715,0.003934895816565927,0.0,0.0,0,0.003934895816565928,0.003934895816565928,8.673617379884035e-19
Z,58,2,41,0.004934895816565928,0.004934895816565928,0.0,1,0.001,0.004934895816565928,0.013098087086984005,0.009163191270418078,0.003934895816565927,0.24999999999999994,0.49999999999999994,8,0.003934895816565928,0.003934895816565928,8.673617379884035e-19
Z,59,1,41,0.004320207997395277,0.004320207997395277,0.0,1,0.001,0.004320207997395277,0.007748491559171588,0.004428283561776311,0.003320207997395277,0.9999999999999998,0.9999999999999999,16,0.003320207997395277,0.003320207997395277,0.0
Z,59,2,41,0.004320207997395277,0.004320207997395277,0.0,1,0.001,0.004320207997395277,0.011390714301891862,0.008070506304496586,0.003320207997395276,3.999999999999999,1.9999999999999998,24,0.003320207997395277,0.003320207997395277,8.673617379884035e-19
Z,60,1,41,0.004332642697693519,0.004332642697693519,0.0,1,0.001,0.004332642697693519,0.007772121593794674,0.004439478896101155,0.0033326426976935187,0.0,0.0,0,0.0033326426976935187,0.0033326426976935187,0.0
Z,60,2,41,0.004332642697693519,0.004332642697693519,0.0,1,0.001,0.004332642697693519,0.01143429582625425,0.008101653128560732,0.003332642697693518,0.0,0.0,0,0.0033326426976935187,0.0033326426976935187,8.673617379884035e-19
Z,61,1,41,0.004420700369955587,0.004420700369955587,0.0,1,0.001,0.004420700369955587,0.008008812667479229,0.004588112297523643,0.0034207003699555857,0.0,0.0,0,0.0034207003699555866,0.0034207003699555866,8.673617379884035e-19
Z,61,2,41,0.004420700369955587,0.004420700369955587,0.0,1,0.001,0.004420700369955587,0.011889208990241346,0.00846850862028576,0.0034207003699555857,0.0,0.0,0,0.0034207003699555866,0.0034207003699555866,8.673617379884035e-19
Z,62,1,41,0.004315247985084529,0.004315247985084529,0.0,1,0.001,0.004315247985084529,0.007871147275709117,0.004555899290624589,0.003315247985084528,0.0,0.0,0,0.003315247985084529,0.003315247985084529,8.673617379884035e-19
Z,62,2,41,0.004315247985084529,0.004315247985084529,0.0,1,0.001,0.004315247985084529,0.011759353935440857,0.008444105950356329,0.003315247985084528,0.0,0.0,0,0.003315247985084529,0.003315247985084529,8.673617379884035e-19
Z,63,1,41,0.004555899290624589,0.004555899290624589,0.0,1,0.001,0.004555899290624589,0.008444105950356329,0.004888206659731741,0.003555899290624588,0.25,0.5,4,0.003555899290624589,0.003555899290624589,8.673617379884035e-19
Z,63,2,41,0.004555899290624589,0.004555899290624589,0.0,1,0.001,0.004555899290624589,0.012677174478881323,0.009121275188256735,0.003555899290624588,0.25,0.5,4,0.003555899290624589,0.003555899290624589,8.673617379884035e-19
Z,64,1,41,0.004683530625814149,0.004683530625814149,0.0,1,0.001,0.004683530625814149,0.00875396774913395,0.005070437123319803,0.003683530625814148,0.0,0.0,0,0.0036835306258141487,0.0036835306258141487,8.673617379884035e-19
Z,64,2,41,0.004683530625814149,0.004683530625814149,0.0,1,0.001,0.004683530625814149,0.013282142195112298,0.00959861156929815,0.003683530625814148,4.0,2.0,20,0.0036835306258141487,0.0036835306258141487,8.673617379884035e-19
Z,65,1,41,0.005001828673700817,0.005001828673700817,0.0,1,0.001,0.005001828673700817,0.009339380604487225,0.005337551930786409,0.004001828673700816,0.0,0.0,0,0.004001828673700817,0.004001828673700817,8.673617379884035e-19
Z,65,2,41,0.005001828673700817,0.005001828673700817,0.0,1,0.001,0.005001828673700817,0.014095719739637767,0.010093891065936951,0.004001828673700816,0.0,0.0,0,0.004001828673700817,0.004001828673700817,8.673617379884035e-19
Z,66,1,41,0.004797502665384021,0.004797502665384021,0.0,1,0.001,0.004797502665384021,0.008795383897695873,0.004997881232311853,0.00379750266538402,0.0,0.0,0,0.003797502665384021,0.003797502665384021,8.673617379884035e-19
Z,66,2,41,0.004797502665384021,0.004797502665384021,0.0,1,0.001,0.004797502665384021,0.01305629985411505,0.00925879718873103,0.00379750266538402,0.0,0.0,0,0.003797502665384021,0.003797502665384021,8.673617379884035e-19
Z,67,1,41,0.004997881232311853,0.004997881232311853,0.0,1,0.001,0.004997881232311853,0.00925879718873103,0.005260915956419178,0.003997881232311852,0.0,0.0,0,0.003997881232311853,0.003997881232311853,8.673617379884035e-19
Z,67,2,41,0.004997881232311853,0.004997881232311853,0.0,1,0.001,0.004997881232311853,0.01385103073962192,0.009853149507310068,0.003997881232311852,0.0,0.0,0,0.003997881232311853,0.003997881232311853,8.673617379884035e-19
Z,68,1,41,0.004177090293189696,0.004177090293189696,0.0,1,0.001,0.004177090293189696,0.007276650411415204,0.004099560118225508,0.003177090293189696,0.0,0.0,0,0.003177090293189696,0.003177090293189696,0.0
Z,68,2,41,0.004177090293189696,0.004177090293189696,0.0,1,0.001,0.004177090293189696,0.010390582349526391,0.007213492056336695,0.003177090293189696,0.0,0.0,0,0.003177090293189696,0.003177090293189696,0.0
Z,69,1,41,0.003999960271134709,0.003999960271134709,0.0,1,0.001,0.003999960271134709,0.006926760247660855,0.003926799976526146,0.0029999602711347087,0.24999999999999994,0.49999999999999994,6,0.0029999602711347087,0.0029999602711347087,0.0
Z,69,2,41,0.003999960271134709,0.003999960271134709,0.0,1,0.001,0.003999960271134709,0.009611678265353156,0.006611717994218448,0.0029999602711347087,15.999999999999996,3.9999999999999996,38,0.0029999602711347087,0.0029999602711347087,0.0
Z,70,1,41,0.0038326895183158766,0.0038326895183158766,0.0,1,0.001,0.0038326895183158766,0.006578083005905359,0.0037453934875894823,0.0028326895183158765,0.0,0.0,0,0.0028326895183158765,0.0028326895183158765,0.0
Z,70,2,41,0.0038326895183158766,0.0038326895183158766,0.0,1,0.001,0.0038326895183158766,0.009300429384733454,0.006467739866417578,0.0028326895183158765,0.0,0.0,0,0.0028326895183158765,0.0028326895183158765,0.0
Z,71,1,41,0.003068970729021528,0.003068970729021528,0.0,1,0.001,0.003068970729021528,0.005007321956427336,0.0029383512274058082,0.002068970729021528,0.0,0.0,0,0.002068970729021528,0.002068970729021528,0.0
Z,71,2,41,0.003068970729021528,0.003068970729021528,0.0,1,0.001,0.003068970729021528,0.006884289726151698,0.00481531899713017,0.002068970729021528,0.0,0.0,0,0.002068970729021528,0.002068970729021528,0.0
Z,72,1,41,0.0029383512274058082,0.0029383512274058082,0.0,1,0.001,0.0029383512274058082,0.00481531899713017,0.0028769677697243617,0.0019383512274058082,0.0,0.0,0,0.0019383512274058082,0.0019383512274058082,0.0
Z,72,2,41,0.0029383512274058082,0.0029383512274058082,0.0,1,0.001,0.0029383512274058082,0.006686651228815588,0.00474830000140978,0.0019383512274058082,0.0,0.0,0,0.0019383512274058082,0.0019383512274058082,0.0
Z,73,1,41,0.0018975132623689703,0.0018975132623689703,0.0,1,0.001,0.0018975132623689703,0.0026018871772589764,0.0017043739148900061,0.0008975132623689703,0.25,0.5,1,0.0008975132623689703,0.0008975132623689703,0.0
Z,73,2,41,0.0018975132623689703,0.0018975132623689703,0.0,1,0.001,0.0018975132623689703,0.0031787029294944955,0.0022811896671255253,0.0008975132623689703,0.25,0.5,1,0.0008975132623689703,0.0008975132623689703,0.0
Z,74,1,41,0.0015256332333190917,0.0015256332333190917,0.0,1,0.001,0.0015256332333190917,0.0019213991919701046,0.001395765958651013,0.0005256332333190917,0.0,0.0,0,0.0005256332333190917,0.0005256332333190917,0.0
Z,74,2,41,0.0015256332333190917,0.0015256332333190917,0.0,1,0.001,0.0015256332333190917,0.0022999017811093665,0.0017742685477902748,0.0005256332333190917,0.0,0.0,0,0.0005256332333190917,0.0005256332333190917,0.0
Z,75,1,41,0.0013564083439032912,0.0013564083439032912,0.0,1,0.001,0.0013564083439032912,0.0016440283048972945,0.0012876199609940034,0.00035640834390329116,0.0,0.0,0,0.00035640834390329116,0.00035640834390329116,0.0
Z,75,2,41,0.0013564083439032912,0.0013564083439032912,0.0,1,0.001,0.0013564083439032912,0.0019736948422744652,0.001617286498371174,0.00035640834390329116,0.0,0.0,0,0.00035640834390329116,0.00035640834390329116,0.0
Z,76,1,41,0.0012748431580721711,0.0012748431580721711,0.0,1,0.001,0.0012748431580721711,0.001625393296012607,0.0013505501379404358,0.0002748431580721711,0.0,0.0,0,0.0002748431580721711,0.0002748431580721711,0.0
Z,76,2,41,0.0012748431580721711,0.0012748431580721711,0.0,1,0.001,0.0012748431580721711,0.0020660442872220356,0.0017912011291498645,0.0002748431580721711,0.0,0.0,0,0.0002748431580721711,0.0002748431580721711,0.0
Z,77,1,41,0.0012998158370976995,0.0012998158370976995,0.0,1,0.001,0.0012998158370976995,0.0017701759366229594,0.00147036009952526,0.00029981583709769947,0.0,0.0,0,0.00029981583709769947,0.00029981583709769947,0.0
Z,77,2,41,0.0012998158370976995,0.0012998158370976995,0.0,1,0.001,0.0012998158370976995,0.002413718613089153,0.0021139027759914534,0.00029981583709769947,0.0,0.0,0,0.00029981583709769947,0.00029981583709769947,0.0
Z,78,1,41,0.0013725516370194576,0.0013725516370194576,0.0,1,0.001,0.0013725516370194576,0.0018917076296781016,0.001519155992658644,0.00037255163701945763,0.24999999999999994,0.49999999999999994,8,0.00037255163701945763,0.00037255163701945763,0.0
Z,78,2,41,0.0013725516370194576,0.0013725516370194576,0.0,1,0.001,0.0013725516370194576,0.0026508914692214506,0.002278339832201993,0.00037255163701945763,0.24999999999999994,0.49999999999999994,8,0.00037255163701945763,0.00037255163701945763,0.0
Z,79,1,41,0.001519155992658644,0.001519155992658644,0.0,1,0.001,0.001519155992658644,0.002278339832201993,0.001759183839543349,0.000519155992658644,0.0,0.0,0,0.000519155992658644,0.000519155992658644,0.0
Z,79,2,41,0.001519155992658644,0.001519155992658644,0.0,1,0.001,0.001519155992658644,0.0033210863577653477,0.0028019303651067038,0.000519155992658644,0.0,0.0,0,0.000519155992658644,0.000519155992658644,0.0
Z,80,1,41,0.0017535732154342482,0.0017535732154342482,0.0,1,0.001,0.0017535732154342482,0.002787665628123417,0.002034092412689169,0.0007535732154342481,0.0,0.0,0,0.0007535732154342481,0.0007535732154342481,0.0
Z,80,2,41,0.0017535732154342482,0.0017535732154342482,0.0,1,0.001,0.0017535732154342482,0.004145995561062989,0.003392422345628741,0.0007535732154342481,0.0,0.0,0,0.0007535732154342481,0.0007535732154342481,0.0
Z,81,1,41,0.002034092412689169,0.002034092412689169,0.0,1,0.001,0.002034092412689169,0.003392422345628741,0.002358329932939572,0.0010340924126891688,0.0,0.0,0,0.0010340924126891688,0.0010340924126891688,0.0
Z,81,2,41,0.002034092412689169,0.002034092412689169,0.0,1,0.001,0.002034092412689169,0.005115250523867189,0.0040811581111780204,0.0010340924126891688,0.0,0.0,0,0.0010340924126891688,0.0010340924126891688,0.0
Z,82,1,41,0.002329353783913621,0.002329353783913621,0.0,1,0.001,0.002329353783913621,0.00399051379948099,0.0026611600155673695,0.0013293537839136208,0.0,0.0,0,0.0013293537839136208,0.0013293537839136208,0.0
Z,82,2,41,0.002329353783913621,0.002329353783913621,0.0,1,0.001,0.002329353783913621,0.006042140737976412,0.0047127869540627915,0.0013293537839136208,0.0,0.0,0,0.0013293537839136208,0.0013293537839136208,0.0
Z,83,1,41,0.0025262036703329535,0.0025262036703329535,0.0,1,0.001,0.0025262036703329535,0.004381663676073296,0.002855460005740343,0.0015262036703329535,1.0,1.0,11,0.0015262036703329535,0.0015262036703329535,0.0
Z,83,2,41,0.0025262036703329535,0.0025262036703329535,0.0,1,0.001,0.0025262036703329535,0.006558535501810446,0.005032331831477493,0.0015262036703329535,4.0,2.0,19,0.0015262036703329535,0.0015262036703329535,0.0
Z,84,1,41,0.002536092610769723,0.002536092610769723,0.0,1,0.001,0.002536092610769723,0.004319272840294355,0.0027831802295246316,0.0015360926107697232,0.0,0.0,0,0.0015360926107697232,0.0015360926107697232,0.0
Z,84,2,41,0.002536092610769723,0.002536092610769723,0.0,1,0.001,0.002536092610769723,0.006386371300858043,0.00485027869008832,0.0015360926107697232,0.0,0.0,0,0.0015360926107697232,0.0015360926107697232,0.0
Z,85,1,41,0.0026844447819236936,0.0026844447819236936,0.0,1,0.001,0.0026844447819236936,0.004639494242713532,0.002955049460789838,0.0016844447819236935,0.0,0.0,0,0.0016844447819236935,0.0016844447819236935,0.0
Z,85,2,41,0.0026844447819236936,0.0026844447819236936,0.0,1,0.001,0.0026844447819236936,0.006906309743082499,0.005221864961158806,0.0016844447819236935,0.0,0.0,0,0.0016844447819236935,0.0016844447819236935,0.0
Z,86,1,41,0.002711916509481299,0.002711916509481299,0.0,1,0.001,0.002711916509481299,0.00468678571165445,0.0029748692021731513,0.0017119165094812991,0.0,0.0,0,0.0017119165094812991,0.0017119165094812991,0.0
Z,86,2,41,0.002711916509481299,0.002711916509481299,0.0,1,0.001,0.002711916509481299,0.006946022480843328,0.005234105971362029,0.0017119165094812991,0.0,0.0,0,0.0017119165094812991,0.0017119165094812991,0.0
Z,87,1,41,0.0028404304160447383,0.0028404304160447383,0.0,1,0.001,0.0028404304160447383,0.0049042601364005034,0.003063829720355765,0.0018404304160447383,0.24999999999999994,0.49999999999999994,6,0.0018404304160447383,0.0018404304160447383,0.0
Z,87,2,41,0.0028404304160447383,0.0028404304160447383,0.0,1,0.001,0.0028404304160447383,0.00726029321542618,0.005419862799381441,0.0018404304160447383,0.24999999999999994,0.49999999999999994,6,0.0018404304160447383,0.0018404304160447383,0.0
Z,88,1,41,0.002857110641351447,0.002857110641351447,0.0,1,0.001,0.002857110641351447,0.004973819354141027,0.00311670871278958,0.0018571106413514471,0.24999999999999994,0.49999999999999994,7,0.0018571106413514471,0.0018571106413514471,0.0
Z,88,2,41,0.002857110641351447,0.002857110641351447,0.0,1,0.001,0.002857110641351447,0.007371441102275828,0.005514330460924381,0.0018571106413514471,8.999999999999998,2.9999999999999996,31,0.0018571106413514471,0.0018571106413514471,0.0
Z,89,1,41,0.0027907815253554735,0.0027907815253554735,0.0,1,0.001,0.0027907815253554735,0.004871893002872761,0.003081111477517287,0.0017907815253554735,0.0,0.0,0,0.0017907815253554735,0.0017907815253554735,0.0
Z,89,2,41,0.0027907815253554735,0.0027907815253554735,0.0,1,0.001,0.0027907815253554735,0.007310752335025034,0.0055199708096695605,0.0017907815253554735,0.0,0.0,0,0.0017907815253554735,0.0017907815253554735,0.0
Z,90,1,41,0.0029773276981741245,0.0029773276981741245,0.0,1,0.001,0.0029773276981741245,0.005289366444424162,0.0033120387462500372,0.0019773276981741245,0.0,0.0,0,0.0019773276981741245,0.0019773276981741245,0.0
Z,90,2,41,0.0029773276981741245,0.0029773276981741245,0.0,1,0.001,0.0029773276981741245,0.00801127605528429,0.006033948357110166,0.0019773276981741245,0.0,0.0,0,0.0019773276981741245,0.0019773276981741245,0.0
Z,91,1,41,0.0031393621392014834,0.0031393621392014834,0.0,1,0.001,0.0031393621392014834,0.005675292265216778,0.003535930126015295,0.0021393621392014834,0.0,0.0,0,0.0021393621392014834,0.0021393621392014834,0.0
Z,91,2,41,0.0031393621392014834,0.0031393621392014834,0.0,1,0.001,0.0031393621392014834,0.008699327029144473,0.00655996488994299,0.0021393621392014834,0.0,0.0,0,0.0021393621392014834,0.0021393621392014834,0.0
Z,92,1,41,0.003535930126015295,0.003535930126015295,0.0,1,0.001,0.003535930126015295,0.00655996488994299,0.004024034763927695,0.002535930126015295,0.0,0.0,0,0.002535930126015295,0.002535930126015295,0.0
Z,92,2,41,0.003535930126015295,0.003535930126015295,0.0,1,0.001,0.003535930126015295,0.010130439393505853,0.007594509267490558,0.002535930126015295,0.0,0.0,0,0.002535930126015295,0.002535930126015295,0.0
Z,93,1,41,0.004024034763927695,0.004024034763927695,0.0,1,0.001,0.004024034763927695,0.007594509267490558,0.004570474503562863,0.0030240347639276946,0.0,0.0,0,0.0030240347639276946,0.0030240347639276946,0.0
Z,93,2,41,0.004024034763927695,0.004024034763927695,0.0,1,0.001,0.004024034763927695,0.01175732613375672,0.008733291369829026,0.0030240347639276938,16.0,4.0,34,0.0030240347639276946,0.0030240347639276946,8.673617379884035e-19
Z,94,1,41,0.004247522191998018,0.004247522191998018,0.0,1,0.001,0.004247522191998018,0.008083017902831717,0.0048354957108337,0.0032475221919980174,0.0,0.0,0,0.0032475221919980183,0.0032475221919980183,8.673617379884035e-19
Z,94,2,41,0.004247522191998018,0.004247522191998018,0.0,1,0.001,0.004247522191998018,0.012568605155872992,0.009321082963874974,0.0032475221919980174,0.0,0.0,0,0.0032475221919980183,0.0032475221919980183,8.673617379884035e-19
Z,95,1,41,0.004757241938814841,0.004757241938814841,0.0,1,0.001,0.004757241938814841,0.00905493349051821,0.005297691551703371,0.00375724193881484,0.0,0.0,0,0.0037572419388148407,0.0037572419388148407,8.673617379884035e-19
Z,95,2,41,0.004757241938814841,0.004757241938814841,0.0,1,0.001,0.004757241938814841,0.013967537567127666,0.010210295628312827,0.00375724193881484,0.0,0.0,0,0.0037572419388148407,0.0037572419388148407,8.673617379884035e-19
Z,96,1,41,0.00508992070617139,0.00508992070617139,0.0,1,0.001,0.00508992070617139,0.009695384931672373,0.0056054642255009834,0.004089920706171389,0.0,0.0,0,0.00408992070617139,0.00408992070617139,8.673617379884035e-19
Z,96,2,41,0.00508992070617139,0.00508992070617139,0.0,1,0.001,0.00508992070617139,0.01487673295538619,0.010786812249214801,0.004089920706171389,0.0,0.0,0,0.00408992070617139,0.00408992070617139,8.673617379884035e-19
Z,97,1,41,0.0056054642255009834,0.0056054642255009834,0.0,1,0.001,0.0056054642255009834,0.010786812249214801,0.006181348023713819,0.0046054642255009826,0.0,0.0,0,0.004605464225500983,0.004605464225500983,8.673617379884035e-19
Z,97,2,41,0.0056054642255009834,0.0056054642255009834,0.0,1,0.001,0.0056054642255009834,0.01666754424209855,0.012062080016597566,0.0046054642255009826,0.0,0.0,0,0.004605464225500983,0.004605464225500983,8.673617379884035e-19
Z,98,1,41,0.005948974989240914,0.005948974989240914,0.0,1,0.001,0.005948974989240914,0.011443363627108225,0.006494388637867311,0.004948974989240913,0.0,0.0,0,0.004948974989240914,0.004948974989240914,8.673617379884035e-19
Z,98,2,41,0.005948974989240914,0.005948974989240914,0.0,1,0.001,0.005948974989240914,0.017543767246016508,0.012594792256775594,0.004948974989240913,0.0,0.0,0,0.004948974989240914,0.004948974989240914,8.673617379884035e-19
Z,99,1,41,0.006494388637867311,0.006494388637867311,0.0,1,0.001,0.006494388637867311,0.012594792256775594,0.007100403618908284,0.00549438863786731,0.0,0.0,0,0.005494388637867311,0.005494388637867311,8.673617379884035e-19
Z,99,2,41,0.006494388637867311,0.006494388637867311,0.0,1,0.001,0.006494388637867311,0.019404050888747283,0.013909662250879973,0.00549438863786731,0.0,0.0,0,0.005494388637867311,0.005494388637867311,8.673617379884035e-19
H,1,1,41,0.001362620597661908,0.001362620597661908,0.0,1,0.001,0.001362620597661908,0.0020514084680324793,0.0016887878703705714,0.00036262059766190794,0.0,0.0,0,0.00036262059766190794,0.00036262059766190794,0.0
H,1,2,41,0.001362620597661908,0.001362620597661908,0.0,1,0.001,0.001362620597661908,0.0031009508813789003,0.0027383302837169924,0.00036262059766190794,0.0,0.0,0,0.00036262059766190794,0.00036262059766190794,0.0
H,2,1,41,0.0015292750135441485,0.0015292750135441485,0.0,1,0.001,0.0015292750135441485,0.002321371376074231,0.0017920963625300823,0.0005292750135441485,0.0,0.0,0,0.0005292750135441485,0.0005292750135441485,0.0
H,2,2,41,0.0015292750135441485,0.0015292750135441485,0.0,1,0.001,0.0015292750135441485,0.0034115196035958088,0.0028822445900516603,0.0005292750135441485,0.0,0.0,0,0.0005292750135441485,0.0005292750135441485,0.0
H,3,1,41,0.0017920963625300823,0.0017920963625300823,0.0,1,0.001,0.0017920963625300823,0.0028822445900516603,0.002090148227521578,0.0007920963625300823,0.0,0.0,0,0.0007920963625300823,0.0007920963625300823,0.0
H,3,2,41,0.0017920963625300823,0.0017920963625300823,0.0,1,0.001,0.0017920963625300823,0.00433122936087592,0.003539132998345838,0.0007920963625300823,0.0,0.0,0,0.0007920963625300823,0.0007920963625300823,0.0
H,4,1,41,0.002090148227521578,0.002090148227521578,0.0,1,0.001,0.002090148227521578,0.003539132998345838,0.00244898477082426,0.001090148227521578,0.0,0.0,0,0.001090148227521578,0.001090148227521578,0.0
H,4,2,41,0.002090148227521578,0.002090148227521578,0.0,1,0.001,0.002090148227521578,0.005383495131394066,0.004293346903872488,0.001090148227521578,0.0,0.0,0,0.001090148227521578,0.001090148227521578,0.0
H,5,1,41,0.002376640662202903,0.002376640662202903,0.0,1,0.001,0.002376640662202903,0.004140974133253456,0.0027643334710505535,0.001376640662202903,0.25,0.5,3,0.001376640662202903,0.001376640662202903,0.0
H,5,2,41,0.002376640662202903,0.002376640662202903,0.0,1,0.001,0.002376640662202903,0.00634151580464864,0.004964875142445737,0.001376640662202903,0.25,0.5,3,0.001376640662202903,0.001376640662202903,0.0
H,6,1,41,0.0027198595251786764,0.0027198595251786764,0.0,1,0.001,0.0027198595251786764,0.00477295893464258,0.003053099409463904,0.0017198595251786764,0.0,0.0,0,0.0017198595251786764,0.0017198595251786764,0.0
H,6,2,41,0.0027198595251786764,0.0027198595251786764,0.0,1,0.001,0.0027198595251786764,0.007229214463266709,0.005509354938088033,0.0017198595251786764,0.0,0.0,0,0.0017198595251786764,0.0017198595251786764,0.0
H,7,1,41,0.00290791565890601,0.00290791565890601,0.0,1,0.001,0.00290791565890601,0.005109134660648337,0.0032012190017423267,0.00190791565890601,0.0,0.0,0,0.00190791565890601,0.00190791565890601,0.0
H,7,2,41,0.00290791565890601,0.00290791565890601,0.0,1,0.001,0.00290791565890601,0.007681348351637704,0.005773432692731694,0.00190791565890601,0.0,0.0,0,0.00190791565890601,0.00190791565890601,0.0
H,8,1,41,0.0028743557997629107,0.0028743557997629107,0.0,1,0.001,0.0028743557997629107,0.0051171013425124765,0.0032427455427495658,0.0018743557997629107,0.0,0.0,0,0.0018743557997629107,0.0018743557997629107,0.0
H,8,2,41,0.0028743557997629107,0.0028743557997629107,0.0,1,0.001,0.0028743557997629107,0.007706591594027314,0.005832235794264403,0.0018743557997629107,0.0,0.0,0,0.0018743557997629107,0.0018743557997629107,0.0
H,9,1,41,0.0032427455427495658,0.0032427455427495658,0.0,1,0.001,0.0032427455427495658,0.005832235794264403,0.0035894902515148375,0.0022427455427495658,0.24999999999999994,0.49999999999999994,7,0.0022427455427495658,0.0022427455427495658,0.0
H,9,2,41,0.0032427455427495658,0.0032427455427495658,0.0,1,0.001,0.0032427455427495658,0.00890765694009043,0.006664911397340865,0.0022427455427495658,0.24999999999999994,0.49999999999999994,7,0.0022427455427495658,0.0022427455427495658,0.0
H,10,1,41,0.0031299852094118785,0.0031299852094118785,0.0,1,0.001,0.0031299852094118785,0.005605200047782728,0.003475214838370849,0.0021299852094118785,0.9999999999999998,0.9999999999999999,14,0.0021299852094118785,0.0021299852094118785,0.0
H,10,2,41,0.0031299852094118785,0.0031299852094118785,0.0,1,0.001,0.0031299852094118785,0.008465933499700125,0.006335948290288247,0.0021299852094118785,0.9999999999999998,0.9999999999999999,14,0.0021299852094118785,0.0021299852094118785,0.0
H,11,1,41,0.0032978774200627184,0.0032978774200627184,0.0,1,0.001,0.0032978774200627184,0.005981458626192205,0.0036835812061294868,0.0022978774200627184,0.0,0.0,0,0.0022978774200627184,0.0022978774200627184,0.0
H,11,2,41,0.0032978774200627184,0.0032978774200627184,0.0,1,0.001,0.0032978774200627184,0.009140487745243899,0.00684261032518118,0.0022978774200627184,0.0,0.0,0,0.0022978774200627184,0.0022978774200627184,0.0
H,12,1,41,0.003192340493067519,0.003192340493067519,0.0,1,0.001,0.003192340493067519,0.005635637523553783,0.0034432970304862642,0.002192340493067519,0.0,0.0,0,0.002192340493067519,0.002192340493067519,0.0
H,12,2,41,0.003192340493067519,0.003192340493067519,0.0,1,0.001,0.003192340493067519,0.008463297696465604,0.006270957203398085,0.002192340493067519,0.0,0.0,0,0.002192340493067519,0.002192340493067519,0.0
H,13,1,41,0.00334727045019257,0.00334727045019257,0.0,1,0.001,0.00334727045019257,0.006042519385800798,0.003695248935608228,0.00234727045019257,0.0,0.0,0,0.00234727045019257,0.00234727045019257,0.0
H,13,2,41,0.00334727045019257,0.00334727045019257,0.0,1,0.001,0.00334727045019257,0.009122716473661982,0.006775446023469412,0.00234727045019257,0.0,0.0,0,0.00234727045019257,0.00234727045019257,0.0
H,14,1,41,0.0029482791619422632,0.0029482791619422632,0.0,1,0.001,0.0029482791619422632,0.00514983548159629,0.0032015563196540267,0.0019482791619422632,0.0,0.0,0,0.0019482791619422632,0.0019482791619422632,0.0
H,14,2,41,0.0029482791619422632,0.0029482791619422632,0.0,1,0.001,0.0029482791619422632,0.007675456583653805,0.0057271774217115415,0.0019482791619422632,0.0,0.0,0,0.0019482791619422632,0.0019482791619422632,0.0
H,15,1,41,0.002692108776397556,0.002692108776397556,0.0,1,0.001,0.002692108776397556,0.004490355106433455,0.0027982463300358987,0.001692108776397556,1.0,1.0,10,0.001692108776397556,0.001692108776397556,0.0
H,15,2,41,0.002692108776397556,0.002692108776397556,0.0,1,0.001,0.002692108776397556,0.0065892718159729375,0.0048971630395753816,0.001692108776397556,1.0,1.0,10,0.001692108776397556,0.001692108776397556,0.0
H,16,1,41,0.0026665270080821965,0.0026665270080821965,0.0,1,0.001,0.0026665270080821965,0.004472028506408891,0.0028055014983266943,0.0016665270080821965,0.0,0.0,0,0.0016665270080821965,0.0016665270080821965,0.0
H,16,2,41,0.0026665270080821965,0.0026665270080821965,0.0,1,0.001,0.0026665270080821965,0.006485717207043032,0.004819190198960836,0.0016665270080821965,0.0,0.0,0,0.0016665270080821965,0.0016665270080821965,0.0
H,17,1,41,0.002438367905550874,0.002438367905550874,0.0,1,0.001,0.002438367905550874,0.004000251331953032,0.0025618834264021575,0.0014383679055508742,0.0,0.0,0,0.0014383679055508742,0.0014383679055508742,0.0
H,17,2,41,0.002438367905550874,0.002438367905550874,0.0,1,0.001,0.002438367905550874,0.005789370127579999,0.004351002222029125,0.0014383679055508742,0.0,0.0,0,0.0014383679055508742,0.0014383679055508742,0.0
H,18,1,41,0.0025109715698557467,0.0025109715698557467,0.0,1,0.001,0.0025109715698557467,0.004234885713116706,0.0027239141432609595,0.0015109715698557466,0.0,0.0,0,0.0015109715698557466,0.0015109715698557466,0.0
H,18,2,41,0.0025109715698557467,0.0025109715698557467,0.0,1,0.001,0.0025109715698557467,0.006218653558043125,0.004707681988187378,0.0015109715698557466,0.0,0.0,0,0.0015109715698557466,0.0015109715698557466,0.0
H,19,1,41,0.0027239141432609595,0.0027239141432609595,0.0,1,0.001,0.0027239141432609595,0.004707681988187378,0.0029837678449264188,0.0017239141432609595,0.24999999999999994,0.49999999999999994,5,0.0017239141432609595,0.0017239141432609595,0.0
H,19,2,41,0.0027239141432609595,0.0027239141432609595,0.0,1,0.001,0.0027239141432609595,0.006779437162212522,0.005055523018951563,0.0017239141432609595,3.999999999999999,1.9999999999999998,21,0.0017239141432609595,0.0017239141432609595,0.0
H,20,1,41,0.0024684146753591527,0.0024684146753591527,0.0,1,0.001,0.0024684146753591527,0.004189389529998721,0.0027209748546395685,0.0014684146753591526,0.0,0.0,0,0.0014684146753591526,0.0014684146753591526,0.0
H,20,2,41,0.0024684146753591527,0.0024684146753591527,0.0,1,0.001,0.0024684146753591527,0.006208859992297847,0.004740445316938694,0.0014684146753591526,0.9999999999999998,0.9999999999999999,13,0.0014684146753591526,0.0014684146753591526,0.0
H,21,1,41,0.002665734579231839,0.002665734579231839,0.0,1,0.001,0.002665734579231839,0.004595470239816727,0.002929735660584888,0.001665734579231839,0.0,0.0,0,0.001665734579231839,0.001665734579231839,0.0
H,21,2,41,0.002665734579231839,0.002665734579231839,0.0,1,0.001,0.002665734579231839,0.006847524966143265,0.005181790386911426,0.001665734579231839,0.0,0.0,0,0.001665734579231839,0.001665734579231839,0.0
H,22,1,41,0.002749676852660088,0.002749676852660088,0.0,1,0.001,0.002749676852660088,0.004774456246124535,0.003024779393464447,0.0017496768526600879,0.0,0.0,0,0.0017496768526600879,0.0017496768526600879,0.0
H,22,2,41,0.002749676852660088,0.002749676852660088,0.0,1,0.001,0.002749676852660088,0.0070830530896868835,0.005333376237026796,0.0017496768526600879,0.0,0.0,0,0.0017496768526600879,0.0017496768526600879,0.0
H,23,1,41,0.0029521126206860093,0.0029521126206860093,0.0,1,0.001,0.0029521126206860093,0.005208085452575153,0.0032559728318891437,0.0019521126206860093,0.25,0.5,3,0.0019521126206860093,0.0019521126206860093,0.0
H,23,2,41,0.0029521126206860093,0.0029521126206860093,0.0,1,0.001,0.0029521126206860093,0.007868300444446004,0.005916187823759995,0.0019521126206860093,0.25,0.5,3,0.0019521126206860093,0.0019521126206860093,0.0
H,24,1,41,0.0032559728318891437,0.0032559728318891437,0.0,1,0.001,0.0032559728318891437,0.005916187823759995,0.0036602149918708513,0.0022559728318891437,0.25,0.5,4,0.0022559728318891437,0.0022559728318891437,0.0
H,24,2,41,0.0032559728318891437,0.0032559728318891437,0.0,1,0.001,0.0032559728318891437,0.009117492441986392,0.006861519610097248,0.0022559728318891437,0.0,0.0,0,0.0022559728318891437,0.0022559728318891437,0.0
H,25,1,41,0.0031916933849076776,0.0031916933849076776,0.0,1,0.001,0.0031916933849076776,0.005727135091700559,0.0035354417067928814,0.0021916933849076775,0.25,0.5,3,0.0021916933849076775,0.0021916933849076775,0.0
H,25,2,41,0.0031916933849076776,0.0031916933849076776,0.0,1,0.001,0.0031916933849076776,0.008658644782575222,0.006466951397667544,0.0021916933849076775,1.0,1.0,11,0.0021916933849076775,0.0021916933849076775,0.0
H,26,1,41,0.0029853543632143223,0.0029853543632143223,0.0,1,0.001,0.0029853543632143223,0.005297560495280657,0.003312206132066335,0.0019853543632143223,0.0,0.0,0,0.0019853543632143223,0.0019853543632143223,0.0
H,26,2,41,0.0029853543632143223,0.0029853543632143223,0.0,1,0.001,0.0029853543632143223,0.008013068680682774,0.006027714317468452,0.0019853543632143223,0.0,0.0,0,0.0019853543632143223,0.0019853543632143223,0.0
H,27,1,41,0.0032387979720159346,0.0032387979720159346,0.0,1,0.001,0.0032387979720159346,0.005841743154331108,0.003602945182315173,0.0022387979720159346,0.0,0.0,0,0.0022387979720159346,0.0022387979720159346,0.0
H,27,2,41,0.0032387979720159346,0.0032387979720159346,0.0,1,0.001,0.0032387979720159346,0.008915237851206745,0.006676439879190811,0.0022387979720159346,0.0,0.0,0,0.0022387979720159346,0.0022387979720159346,0.0
H,28,1,41,0.003602945182315173,0.003602945182315173,0.0,1,0.001,0.003602945182315173,0.006676439879190811,0.0040734946968756375,0.002602945182315173,0.0,0.0,0,0.002602945182315173,0.002602945182315173,0.0
H,28,2,41,0.003602945182315173,0.003602945182315173,0.0,1,0.001,0.003602945182315173,0.0102986814276424,0.007695736245327226,0.002602945182315173,0.0,0.0,0,0.002602945182315173,0.002602945182315173,0.0
H,29,1,41,0.003035235779247872,0.003035235779247872,0.0,1,0.001,0.003035235779247872,0.005260436741552307,0.003225200962304435,0.0020352357792478718,0.9999999999999998,0.9999999999999999,15,0.0020352357792478718,0.0020352357792478718,0.0
H,29,2,41,0.003035235779247872,0.003035235779247872,0.0,1,0.001,0.003035235779247872,0.00779252454333894,0.005757288764091068,0.0020352357792478718,0.9999999999999998,0.9999999999999999,15,0.0020352357792478718,0.0020352357792478718,0.0
H,30,1,41,0.0028539415808631063,0.0028539415808631063,0.0,1,0.001,0.0028539415808631063,0.0048496894208381125,0.002995747839975006,0.0018539415808631063,0.0,0.0,0,0.0018539415808631063,0.0018539415808631063,0.0
H,30,2,41,0.0028539415808631063,0.0028539415808631063,0.0,1,0.001,0.0028539415808631063,0.007087254705487428,0.005233313124624322,0.0018539415808631063,0.0,0.0,0,0.0018539415808631063,0.0018539415808631063,0.0
H,31,1,41,0.0023924397454716806,0.0023924397454716806,0.0,1,0.001,0.0023924397454716806,0.0038823000853703766,0.002489860339898696,0.0013924397454716806,0.0,0.0,0,0.0013924397454716806,0.0013924397454716806,0.0
H,31,2,41,0.0023924397454716806,0.0023924397454716806,0.0,1,0.001,0.0023924397454716806,0.005542562860870405,0.004150123115398725,0.0013924397454716806,0.0,0.0,0,0.0013924397454716806,0.0013924397454716806,0.0
H,32,1,41,0.0022767663069654318,0.0022767663069654318,0.0,1,0.001,0.0022767663069654318,0.0036111601989493114,0.0023343938919838797,0.0012767663069654317,0.0,0.0,0,0.0012767663069654317,0.0012767663069654317,0.0
H,32,2,41,0.0022767663069654318,0.0022767663069654318,0.0,1,0.001,0.0022767663069654318,0.0051000867970448244,0.0038233204900793927,0.0012767663069654317,0.0,0.0,0,0.0012767663069654317,0.0012767663069654317,0.0
H,33,1,41,0.0013511430618538822,0.0013511430618538822,0.0,1,0.001,0.0013511430618538822,0.0016032482911736224,0.0012521052293197402,0.0003511430618538822,0.0,0.0,0,0.0003511430618538822,0.0003511430618538822,0.0
H,33,2,41,0.0013511430618538822,0.0013511430618538822,0.0,1,0.001,0.0013511430618538822,0.0018274869091066768,0.0014763438472527946,0.0003511430618538822,0.0,0.0,0,0.0003511430618538822,0.0003511430618538822,0.0
H,34,1,41,0.0012068767523358212,0.0012068767523358212,0.0,1,0.001,0.0012068767523358212,0.001309937919519063,0.0011030611671832419,0.00020687675233582118,1.0,1.0,10,0.00020687675233582118,0.00020687675233582118,0.0
H,34,2,41,0.0012068767523358212,0.0012068767523358212,0.0,1,0.001,0.0012068767523358212,0.0012717743637941734,0.0010648976114583522,0.00020687675233582118,9.0,3.0,26,0.00020687675233582118,0.00020687675233582118,0.0
H,35,1,41,0.0010289491708403292,0.0010289491708403292,0.0,1,0.001,0.0010289491708403292,0.0009742072672316521,0.0009452580963913229,2.89491708403292e-05,0.25,0.5,2,2.89491708403292e-05,2.89491708403292e-05,0.0
H,35,2,41,0.0010289491708403292,0.0010289491708403292,0.0,1,0.001,0.0010289491708403292,0.0009403426477375765,0.0009113934768972473,2.89491708403292e-05,0.25,0.5,2,2.89491708403292e-05,2.89491708403292e-05,0.0
H,36,1,41,0.0005383862094744951,0.0005383862094744951,0.0,0,0.001,0.0005383862094744951,0.00048468124428477366,0.00048468124428477366,0.0,0.0,0.0,0,0.0,0.0,0.0
H,36,2,41,0.0005383862094744951,0.0005383862094744951,0.0,0,0.001,0.0005383862094744951,0.0005022719315217195,0.0005022719315217195,0.0,0.24999999999999994,0.49999999999999994,8,0.0,0.0,0.0
H,37,1,41,0.00044877479604865655,0.00044877479604865655,0.0,0,0.001,0.00044877479604865655,0.00047856444822972494,0.00047856444822972494,0.0,0.0,0.0,0,0.0,0.0,0.0
H,37,2,41,0.00044877479604865655,0.00044877479604865655,0.0,0,0.001,0.00044877479604865655,0.0005706738041506496,0.0005706738041506496,0.0,0.0,0.0,0,0.0,0.0,0.0
H,38,1,41,0.00047856444822972494,0.00047856444822972494,0.0,0,0.001,0.00047856444822972494,0.0005706738041506496,0.0005706738041506496,0.0,0.0,0.0,0,0.0,0.0,0.0
H,38,2,41,0.00047856444822972494,0.00047856444822972494,0.0,0,0.001,0.00047856444822972494,0.0007163572882430413,0.0007163572882430413,0.0,0.0,0.0,0,0.0,0.0,0.0
H,39,1,41,0.0005706738041506496,0.0005706738041506496,0.0,0,0.001,0.0005706738041506496,0.0007163572882430413,0.0007163572882430413,0.0,0.24999999999999994,0.49999999999999994,5,0.0,0.0,0.0
H,39,2,41,0.0005706738041506496,0.0005706738041506496,0.0,0,0.001,0.0005706738041506496,0.0008744007998032974,0.0008744007998032974,0.0,15.999999999999996,3.9999999999999996,37,0.0,0.0,0.0
H,40,1,41,0.0007163572882430413,0.0007163572882430413,0.0,0,0.001,0.0007163572882430413,0.0009093636286839832,0.0009093636286839832,0.0,0.0,0.0,0,0.0,0.0,0.0
H,40,2,41,0.0007163572882430413,0.0007163572882430413,0.0,0,0.001,0.0007163572882430413,0.001157663583960862,0.001157663583960862,0.0,0.0,0.0,0,0.0,0.0,0.0
H,41,1,41,0.0008974842875410158,0.0008974842875410158,0.0,0,0.001,0.0008974842875410158,0.0011257338684404553,0.0011257338684404553,0.0,0.0,0.0,0,0.0,0.0,0.0
H,41,2,41,0.0008974842875410158,0.0008974842875410158,0.0,0,0.001,0.0008974842875410158,0.0015293728322558773,0.0015293728322558773,0.0,0.0,0.0,0,0.0,0.0,0.0
H,42,1,41,0.0011195083784193774,0.0011195083784193774,0.0,1,0.001,0.0011195083784193774,0.0015151932833321275,0.00139568490491275,0.00011950837841937737,0.0,0.0,0,0.00011950837841937737,0.00011950837841937737,0.0
H,42,2,41,0.0011195083784193774,0.0011195083784193774,0.0,1,0.001,0.0011195083784193774,0.0022173438269864638,0.0020978354485670864,0.00011950837841937737,0.0,0.0,0,0.00011950837841937737,0.00011950837841937737,0.0
H,43,1,41,0.00139568490491275,0.00139568490491275,0.0,1,0.001,0.00139568490491275,0.0020978354485670864,0.0017021505436543363,0.0003956849049127501,0.25,0.5,3,0.0003956849049127501,0.0003956849049127501,0.0
H,43,2,41,0.00139568490491275,0.00139568490491275,0.0,1,0.001,0.00139568490491275,0.0030272311824033563,0.0026315462774906062,0.0003956849049127501,0.0,0.0,0,0.0003956849049127501,0.0003956849049127501,0.0
H,44,1,41,0.0015827777620372602,0.0015827777620372602,0.0,1,0.001,0.0015827777620372602,0.002422891241622164,0.001840113479584904,0.0005827777620372602,4.0,2.0,19,0.0005827777620372602,0.0005827777620372602,0.0
H,44,2,41,0.0015827777620372602,0.0015827777620372602,0.0,1,0.001,0.0015827777620372602,0.003430287068541463,0.002847509306504203,0.0005827777620372602,16.0,4.0,35,0.0005827777620372602,0.0005827777620372602,0.0
H,45,1,41,0.001748641476692063,0.001748641476692063,0.0,1,0.001,0.001748641476692063,0.002708173592378801,0.001959532115686738,0.000748641476692063,0.0,0.0,0,0.000748641476692063,0.000748641476692063,0.0
H,45,2,41,0.001748641476692063,0.001748641476692063,0.0,1,0.001,0.001748641476692063,0.0038715604389992237,0.0031229189623071607,0.000748641476692063,0.25,0.5,4,0.000748641476692063,0.000748641476692063,0.0
H,46,1,41,0.0017196762139164712,0.0017196762139164712,0.0,1,0.001,0.0017196762139164712,0.002575797421845363,0.0018561212079288916,0.0007196762139164712,0.0,0.0,0,0.0007196762139164712,0.0007196762139164712,0.0
H,46,2,41,0.0017196762139164712,0.0017196762139164712,0.0,1,0.001,0.0017196762139164712,0.003668465840655057,0.0029487896267385858,0.0007196762139164712,0.0,0.0,0,0.0007196762139164712,0.0007196762139164712,0.0
H,47,1,41,0.001831625943361656,0.001831625943361656,0.0,1,0.001,0.001831625943361656,0.002897734524394937,0.002066108581033281,0.000831625943361656,0.0,0.0,0,0.000831625943361656,0.000831625943361656,0.0
H,47,2,41,0.001831625943361656,0.001831625943361656,0.0,1,0.001,0.001831625943361656,0.004238566685389267,0.003406940742027611,0.000831625943361656,0.0,0.0,0,0.000831625943361656,0.000831625943361656,0.0
H,48,1,41,0.0018010443037402013,0.0018010443037402013,0.0,1,0.001,0.0018010443037402013,0.002801041449898644,0.001999997146158443,0.0008010443037402013,0.0,0.0,0,0.0008010443037402013,0.0008010443037402013,0.0
H,48,2,41,0.0018010443037402013,0.0018010443037402013,0.0,1,0.001,0.0018010443037402013,0.004024351507612609,0.0032233072038724076,0.0008010443037402013,0.0,0.0,0,0.0008010443037402013,0.0008010443037402013,0.0
H,49,1,41,0.001999997146158443,0.001999997146158443,0.0,1,0.001,0.001999997146158443,0.0032233072038724076,0.0022233100577139647,0.0009999971461584429,15.999999999999996,3.9999999999999996,39,0.0009999971461584429,0.0009999971461584429,0.0
H,49,2,41,0.001999997146158443,0.001999997146158443,0.0,1,0.001,0.001999997146158443,0.004699608161445172,0.0036996110152867296,0.0009999971461584429,15.999999999999996,3.9999999999999996,39,0.0009999971461584429,0.0009999971461584429,0.0
H,50,1,41,0.0022233100577139647,0.0022233100577139647,0.0,1,0.001,0.0022233100577139647,0.0036996110152867296,0.002476300957572765,0.0012233100577139647,0.0,0.0,0,0.0012233100577139647,0.0012233100577139647,0.0
H,50,2,41,0.0022233100577139647,0.0022233100577139647,0.0,1,0.001,0.0022233100577139647,0.005504984323527079,0.004281674265813115,0.0012233100577139647,0.0,0.0,0,0.0012233100577139647,0.0012233100577139647,0.0
H,51,1,41,0.0023215867448687436,0.0023215867448687436,0.0,1,0.001,0.0023215867448687436,0.003937549860450821,0.0026159631155820776,0.0013215867448687435,0.0,0.0,0,0.0013215867448687435,0.0013215867448687435,0.0
H,51,2,41,0.0023215867448687436,0.0023215867448687436,0.0,1,0.001,0.0023215867448687436,0.005920580139980149,0.004598993395111405,0.0013215867448687435,0.0,0.0,0,0.0013215867448687435,0.0013215867448687435,0.0
H,52,1,41,0.0024917847762973705,0.0024917847762973705,0.0,1,0.001,0.0024917847762973705,0.004351954445250703,0.002860169668953333,0.0014917847762973705,0.0,0.0,0,0.0014917847762973705,0.0014917847762973705,0.0
H,52,2,41,0.0024917847762973705,0.0024917847762973705,0.0,1,0.001,0.0024917847762973705,0.006662759219389152,0.005170974443091781,0.0014917847762973705,0.0,0.0,0,0.0014917847762973705,0.0014917847762973705,0.0
H,53,1,41,0.0026730899493994514,0.0026730899493994514,0.0,1,0.001,0.0026730899493994514,0.004759620906720296,0.0030865309573208446,0.0016730899493994514,0.0,0.0,0,0.0016730899493994514,0.0016730899493994514,0.0
H,53,2,41,0.0026730899493994514,0.0026730899493994514,0.0,1,0.001,0.0026730899493994514,0.00722477304459679,0.005551683095197339,0.0016730899493994514,0.0,0.0,0,0.0016730899493994514,0.0016730899493994514,0.0
H,54,1,41,0.0030865309573208446,0.0030865309573208446,0.0,1,0.001,0.0030865309573208446,0.005551683095197339,0.003465152137876494,0.0020865309573208446,4.0,2.0,18,0.0020865309573208446,0.0020865309573208446,0.0
H,54,2,41,0.0030865309573208446,0.0030865309573208446,0.0,1,0.001,0.0030865309573208446,0.008303021477157219,0.006216490519836374,0.0020865309573208446,16.0,4.0,34,0.0020865309573208446,0.0020865309573208446,0.0
H,55,1,41,0.0033433668807421185,0.0033433668807421185,0.0,1,0.001,0.0033433668807421185,0.005903593721062522,0.003560226840320403,0.0023433668807421185,0.0,0.0,0,0.0023433668807421185,0.0023433668807421185,0.0
H,55,2,41,0.0033433668807421185,0.0033433668807421185,0.0,1,0.001,0.0033433668807421185,0.00878818988929664,0.006444823008554521,0.0023433668807421185,0.0,0.0,0,0.0023433668807421185,0.0023433668807421185,0.0
H,56,1,41,0.003267179317727298,0.003267179317727298,0.0,1,0.001,0.003267179317727298,0.005738501256930082,0.0034713219392027844,0.002267179317727298,0.0,0.0,0,0.002267179317727298,0.002267179317727298,0.0
H,56,2,41,0.003267179317727298,0.003267179317727298,0.0,1,0.001,0.003267179317727298,0.008513032769693523,0.006245853451966225,0.002267179317727298,0.0,0.0,0,0.002267179317727298,0.002267179317727298,0.0
H,57,1,41,0.0030231799239374274,0.0030231799239374274,0.0,1,0.001,0.0030231799239374274,0.005289664071759113,0.0032664841478216855,0.0020231799239374274,0.0,0.0,0,0.0020231799239374274,0.0020231799239374274,0.0
H,57,2,41,0.0030231799239374274,0.0030231799239374274,0.0,1,0.001,0.0030231799239374274,0.007731948314569978,0.005708768390632551,0.0020231799239374274,0.0,0.0,0,0.0020231799239374274,0.0020231799239374274,0.0
H,58,1,41,0.0029188238136924616,0.0029188238136924616,0.0,1,0.001,0.0029188238136924616,0.005040081372670404,0.0031212575589779426,0.0019188238136924616,0.24999999999999994,0.49999999999999994,5,0.0019188238136924616,0.0019188238136924616,0.0
H,58,2,41,0.0029188238136924616,0.0029188238136924616,0.0,1,0.001,0.0029188238136924616,0.007472643483780213,0.0055538196700877515,0.0019188238136924616,0.24999999999999994,0.49999999999999994,5,0.0019188238136924616,0.0019188238136924616,0.0
H,59,1,41,0.003016608787292631,0.003016608787292631,0.0,1,0.001,0.003016608787292631,0.00534264280433753,0.0033260340170448988,0.002016608787292631,0.0,0.0,0,0.002016608787292631,0.002016608787292631,0.0
H,59,2,41,0.003016608787292631,0.003016608787292631,0.0,1,0.001,0.003016608787292631,0.00797826198127439,0.005961653193981759,0.002016608787292631,3.999999999999999,1.9999999999999998,24,0.002016608787292631,0.002016608787292631,0.0
H,60,1,41,0.0031674159010478264,0.0031674159010478264,0.0,1,0.001,0.0031674159010478264,0.005492253620201893,0.003324837719154067,0.0021674159010478264,0.0,0.0,0,0.0021674159010478264,0.0021674159010478264,0.0
H,60,2,41,0.0031674159010478264,0.0031674159010478264,0.0,1,0.001,0.0031674159010478264,0.008036855649403709,0.005869439748355882,0.0021674159010478264,0.0,0.0,0,0.0021674159010478264,0.0021674159010478264,0.0
H,61,1,41,0.003086952867298799,0.003086952867298799,0.0,1,0.001,0.003086952867298799,0.00533430125370632,0.003247348386407521,0.002086952867298799,0.0,0.0,0,0.002086952867298799,0.002086952867298799,0.0
H,61,2,41,0.003086952867298799,0.003086952867298799,0.0,1,0.001,0.003086952867298799,0.007830835802538768,0.0057438829352399684,0.002086952867298799,0.0,0.0,0,0.002086952867298799,0.002086952867298799,0.0
H,62,1,41,0.0030418722714088686,0.0030418722714088686,0.0,1,0.001,0.0030418722714088686,0.005310025264849868,0.0032681529934409995,0.0020418722714088686,0.0,0.0,0,0.0020418722714088686,0.0020418722714088686,0.0
H,62,2,41,0.0030418722714088686,0.0030418722714088686,0.0,1,0.001,0.0030418722714088686,0.007868458297958405,0.005826586026549536,0.0020418722714088686,0.0,0.0,0,0.0020418722714088686,0.0020418722714088686,0.0
H,63,1,41,0.003223283299180549,0.003223283299180549,0.0,1,0.001,0.003223283299180549,0.005650069530883873,0.0034267862317033243,0.0022232832991805488,0.25,0.5,4,0.0022232832991805488,0.0022232832991805488,0.0
H,63,2,41,0.003223283299180549,0.003223283299180549,0.0,1,0.001,0.003223283299180549,0.00824079311973232,0.0060175098205517705,0.0022232832991805488,1.0,1.0,12,0.0022232832991805488,0.0022232832991805488,0.0
H,64,1,41,0.0034267862317033243,0.0034267862317033243,0.0,1,0.001,0.0034267862317033243,0.006127159979658196,0.0037003737479548715,0.0024267862317033243,9.0,3.0,28,0.0024267862317033243,0.0024267862317033243,0.0
H,64,2,41,0.0034267862317033243,0.0034267862317033243,0.0,1,0.001,0.0034267862317033243,0.00912529811662602,0.006698511884922696,0.0024267862317033243,9.0,3.0,28,0.0024267862317033243,0.0024267862317033243,0.0
H,65,1,41,0.003561732138253268,0.003561732138253268,0.0,1,0.001,0.003561732138253268,0.006405129477213182,0.003843397338959914,0.002561732138253268,0.0,0.0,0,0.002561732138253268,0.002561732138253268,0.0
H,65,2,41,0.003561732138253268,0.003561732138253268,0.0,1,0.001,0.003561732138253268,0.009628597909539975,0.0070668657712867075,0.002561732138253268,0.0,0.0,0,0.002561732138253268,0.002561732138253268,0.0
H,66,1,41,0.0037515672803088013,0.0037515672803088013,0.0,1,0.001,0.0037515672803088013,0.006853045955840236,0.004101478675531435,0.0027515672803088012,0.0,0.0,0,0.0027515672803088012,0.0027515672803088012,0.0
H,66,2,41,0.0037515672803088013,0.0037515672803088013,0.0,1,0.001,0.0037515672803088013,0.01040584519687709,0.007654277916568288,0.0027515672803088012,0.0,0.0,0,0.0027515672803088012,0.0027515672803088012,0.0
H,67,1,41,0.0039039893435419484,0.0039039893435419484,0.0,1,0.001,0.0039039893435419484,0.007222318763208954,0.004318329419667005,0.0029039893435419484,0.0,0.0,0,0.0029039893435419484,0.0029039893435419484,0.0
H,67,2,41,0.0039039893435419484,0.0039039893435419484,0.0,1,0.001,0.0039039893435419484,0.011053340926704153,0.008149351583162205,0.0029039893435419475,0.0,0.0,0,0.0029039893435419484,0.0029039893435419484,8.673617379884035e-19
H,68,1,41,0.004256569003680467,0.004256569003680467,0.0,1,0.001,0.004256569003680467,0.00803169922130123,0.004775130217620764,0.0032565690036804665,0.0,0.0,0,0.0032565690036804673,0.0032565690036804673,8.673617379884035e-19
H,68,2,41,0.004256569003680467,0.004256569003680467,0.0,1,0.001,0.004256569003680467,0.012400494531108822,0.009143925527428355,0.0032565690036804665,0.9999999999999998,0.9999999999999999,14,0.0032565690036804673,0.0032565690036804673,8.673617379884035e-19
H,69,1,41,0.004775130217620764,0.004775130217620764,0.0,1,0.001,0.004775130217620764,0.009165827080462076,0.005390696862841313,0.0037751302176207632,0.0,0.0,0,0.003775130217620764,0.003775130217620764,8.673617379884035e-19
H,69,2,41,0.004775130217620764,0.004775130217620764,0.0,1,0.001,0.004775130217620764,0.01426385180787934,0.010488721590258578,0.0037751302176207632,0.0,0.0,0,0.003775130217620764,0.003775130217620764,8.673617379884035e-19
H,70,1,41,0.005323603634182057,0.005323603634182057,0.0,1,0.001,0.005323603634182057,0.01027038752532429,0.0059467838911422335,0.004323603634182056,0.0,0.0,0,0.004323603634182057,0.004323603634182057,8.673617379884035e-19
H,70,2,41,0.005323603634182057,0.005323603634182057,0.0,1,0.001,0.005323603634182057,0.015976365801638595,0.011652762167456539,0.004323603634182056,0.0,0.0,0,0.004323603634182057,0.004323603634182057,8.673617379884035e-19
H,71,1,41,0.005504730150488142,0.005504730150488142,0.0,1,0.001,0.005504730150488142,0.010587764543877061,0.00608303439338892,0.004504730150488141,0.0,0.0,0,0.004504730150488142,0.004504730150488142,8.673617379884035e-19
H,71,2,41,0.005504730150488142,0.005504730150488142,0.0,1,0.001,0.005504730150488142,0.016339228315877037,0.011834498165388896,0.004504730150488141,0.0,0.0,0,0.004504730150488142,0.004504730150488142,8.673617379884035e-19
H,72,1,41,0.005048834765932798,0.005048834765932798,0.0,1,0.001,0.005048834765932798,0.009391829614322403,0.005342994848389605,0.0040488347659327975,0.0,0.0,0,0.004048834765932798,0.004048834765932798,8.673617379884035e-19
H,72,2,41,0.005048834765932798,0.005048834765932798,0.0,1,0.001,0.005048834765932798,0.014165848304719814,0.010117013538787016,0.0040488347659327975,0.0,0.0,0,0.004048834765932798,0.004048834765932798,8.673617379884035e-19
H,73,1,41,0.0052753345528010614,0.0052753345528010614,0.0,1,0.001,0.0052753345528010614,0.009834195852096564,0.005558861299295503,0.0042753345528010606,0.25,0.5,2,0.004275334552801061,0.004275334552801061,8.673617379884035e-19
H,73,2,41,0.0052753345528010614,0.0052753345528010614,0.0,1,0.001,0.0052753345528010614,0.014669301775485415,0.010393967222684354,0.0042753345528010606,1.0,1.0,9,0.004275334552801061,0.004275334552801061,8.673617379884035e-19
H,74,1,41,0.004621946620878899,0.004621946620878899,0.0,1,0.001,0.004621946620878899,0.008486454790442785,0.004864508169563887,0.003621946620878898,0.0,0.0,0,0.0036219466208788987,0.0036219466208788987,8.673617379884035e-19
H,74,2,41,0.004621946620878899,0.004621946620878899,0.0,1,0.001,0.004621946620878899,0.012667060813816168,0.00904511419293727,0.003621946620878898,0.0,0.0,0,0.0036219466208788987,0.0036219466208788987,8.673617379884035e-19
H,75,1,41,0.004738118172767647,0.004738118172767647,0.0,1,0.001,0.004738118172767647,0.008684266050690094,0.004946147877922448,0.003738118172767646,0.0,0.0,0,0.003738118172767647,0.003738118172767647,8.673617379884035e-19
H,75,2,41,0.004738118172767647,0.004738118172767647,0.0,1,0.001,0.004738118172767647,0.012906090370341725,0.009167972197574079,0.003738118172767646,0.0,0.0,0,0.003738118172767647,0.003738118172767647,8.673617379884035e-19
H,76,1,41,0.003920708478382599,0.003920708478382599,0.0,1,0.001,0.003920708478382599,0.006685633373135679,0.00376492489475308,0.0029207084783825993,0.0,0.0,0,0.0029207084783825993,0.0029207084783825993,0.0
H,76,2,41,0.003920708478382599,0.003920708478382599,0.0,1,0.001,0.003920708478382599,0.009284811800831601,0.006364103322449002,0.0029207084783825993,0.0,0.0,0,0.0029207084783825993,0.0029207084783825993,0.0
H,77,1,41,0.0036856991728522956,0.0036856991728522956,0.0,1,0.001,0.0036856991728522956,0.0062568152826028576,0.003571116109750562,0.0026856991728522956,0.0,0.0,0,0.0026856991728522956,0.0026856991728522956,0.0
H,77,2,41,0.0036856991728522956,0.0036856991728522956,0.0,1,0.001,0.0036856991728522956,0.008756161415935328,0.006070462243083032,0.0026856991728522956,0.0,0.0,0,0.0026856991728522956,0.0026856991728522956,0.0
H,78,1,41,0.0035120737037256863,0.0035120737037256863,0.0,1,0.001,0.0035120737037256863,0.005941881004218907,0.0034298073004932206,0.0025120737037256863,0.0,0.0,0,0.0025120737037256863,0.0025120737037256863,0.0
H,78,2,41,0.0035120737037256863,0.0035120737037256863,0.0,1,0.001,0.0035120737037256863,0.008012542134794716,0.00550046843106903,0.0025120737037256863,3.999999999999999,1.9999999999999998,21,0.0025120737037256863,0.0025120737037256863,0.0
H,79,1,41,0.003243894272273347,0.003243894272273347,0.0,1,0.001,0.003243894272273347,0.005381889019410059,0.0031379947471367117,0.002243894272273347,0.24999999999999994,0.49999999999999994,5,0.002243894272273347,0.002243894272273347,0.0
H,79,2,41,0.003243894272273347,0.003243894272273347,0.0,1,0.001,0.003243894272273347,0.007429614190751383,0.005185719918478036,0.002243894272273347,3.999999999999999,1.9999999999999998,21,0.002243894272273347,0.002243894272273347,0.0
H,80,1,41,0.0029938612704395323,0.0029938612704395323,0.0,1,0.001,0.0029938612704395323,0.004870202938451127,0.002876341668011595,0.0019938612704395323,0.0,0.0,0,0.0019938612704395323,0.0019938612704395323,0.0
H,80,2,41,0.0029938612704395323,0.0029938612704395323,0.0,1,0.001,0.0029938612704395323,0.00670322088682305,0.004709359616383518,0.0019938612704395323,0.0,0.0,0,0.0019938612704395323,0.0019938612704395323,0.0
H,81,1,41,0.002680087153700189,0.002680087153700189,0.0,1,0.001,0.002680087153700189,0.004328270905608022,0.002648183751907833,0.001680087153700189,0.0,0.0,0,0.001680087153700189,0.001680087153700189,0.0
H,81,2,41,0.002680087153700189,0.002680087153700189,0.0,1,0.001,0.002680087153700189,0.006033004678397453,0.0043529175246972635,0.001680087153700189,0.0,0.0,0,0.001680087153700189,0.001680087153700189,0.0
H,82,1,41,0.002536824947226679,0.002536824947226679,0.0,1,0.001,0.002536824947226679,0.004091092425914823,0.0025542674786881436,0.001536824947226679,0.0,0.0,0,0.001536824947226679,0.001536824947226679,0.0
H,82,2,41,0.002536824947226679,0.002536824947226679,0.0,1,0.001,0.002536824947226679,0.005771696015646298,0.004234871068419619,0.001536824947226679,0.0,0.0,0,0.001536824947226679,0.001536824947226679,0.0
H,83,1,41,0.0022410087879057225,0.0022410087879057225,0.0,1,0.001,0.0022410087879057225,0.003573991333696882,0.0023329825457911596,0.0012410087879057225,0.25,0.5,3,0.0012410087879057225,0.0012410087879057225,0.0
H,83,2,41,0.0022410087879057225,0.0022410087879057225,0.0,1,0.001,0.0022410087879057225,0.005077398479864112,0.00383638969195839,0.0012410087879057225,0.25,0.5,3,0.0012410087879057225,0.0012410087879057225,0.0
H,84,1,41,0.002051168001456105,0.002051168001456105,0.0,1,0.001,0.002051168001456105,0.0032936661085615016,0.0022424981071053965,0.001051168001456105,0.0,0.0,0,0.001051168001456105,0.001051168001456105,0.0
H,84,2,41,0.002051168001456105,0.002051168001456105,0.0,1,0.001,0.002051168001456105,0.004820205304516998,0.0037690373030608926,0.001051168001456105,0.0,0.0,0,0.001051168001456105,0.001051168001456105,0.0
H,85,1,41,0.0021830341537435877,0.0021830341537435877,0.0,1,0.001,0.0021830341537435877,0.0036268552728255183,0.0024438211190819306,0.0011830341537435876,0.0,0.0,0,0.0011830341537435876,0.0011830341537435876,0.0
H,85,2,41,0.0021830341537435877,0.0021830341537435877,0.0,1,0.001,0.0021830341537435877,0.005428861890353369,0.004245827736609782,0.0011830341537435876,0.0,0.0,0,0.0011830341537435876,0.0011830341537435876,0.0
H,86,1,41,0.002325124596837265,0.002325124596837265,0.0,1,0.001,0.002325124596837265,0.003974361405290652,0.002649236808453387,0.001325124596837265,0.0,0.0,0,0.001325124596837265,0.001325124596837265,0.0
H,86,2,41,0.002325124596837265,0.002325124596837265,0.0,1,0.001,0.002325124596837265,0.006045767022709004,0.004720642425871739,0.001325124596837265,0.0,0.0,0,0.001325124596837265,0.001325124596837265,0.0
H,87,1,41,0.002649236808453387,0.002649236808453387,0.0,1,0.001,0.002649236808453387,0.004720642425871739,0.003071405617418352,0.0016492368084533868,0.0,0.0,0,0.0016492368084533868,0.0016492368084533868,0.0
H,87,2,41,0.002649236808453387,0.002649236808453387,0.0,1,0.001,0.002649236808453387,0.00726202353052278,0.005612786722069393,0.0016492368084533868,0.0,0.0,0,0.0016492368084533868,0.0016492368084533868,0.0
H,88,1,41,0.0030091121457701334,0.0030091121457701334,0.0,1,0.001,0.0030091121457701334,0.005524048128583808,0.0035149359828136745,0.0020091121457701333,0.0,0.0,0,0.0020091121457701333,0.0020091121457701333,0.0
H,88,2,41,0.0030091121457701334,0.0030091121457701334,0.0,1,0.001,0.0030091121457701334,0.008626701553767347,0.006617589407997213,0.0020091121457701333,0.9999999999999998,0.9999999999999999,15,0.0020091121457701333,0.0020091121457701333,0.0
H,89,1,41,0.003374543081125024,0.003374543081125024,0.0,1,0.001,0.003374543081125024,0.006232078853078416,0.0038575357719533923,0.002374543081125024,0.0,0.0,0,0.002374543081125024,0.002374543081125024,0.0
H,89,2,41,0.003374543081125024,0.003374543081125024,0.0,1,0.001,0.003374543081125024,0.009666045168262147,0.007291502087137123,0.002374543081125024,0.0,0.0,0,0.002374543081125024,0.002374543081125024,0.0
H,90,1,41,0.0035328819717818927,0.0035328819717818927,0.0,1,0.001,0.0035328819717818927,0.006483595857651168,0.003950713885869275,0.0025328819717818927,0.0,0.0,0,0.0025328819717818927,0.0025328819717818927,0.0
H,90,2,41,0.0035328819717818927,0.0035328819717818927,0.0,1,0.001,0.0035328819717818927,0.009928509273596843,0.007395627301814951,0.0025328819717818927,0.0,0.0,0,0.0025328819717818927,0.0025328819717818927,0.0
H,91,1,41,0.0038741808564196345,0.0038741808564196345,0.0,1,0.001,0.0038741808564196345,0.007260393196559641,0.004386212340140007,0.0028741808564196345,0.0,0.0,0,0.0028741808564196345,0.0028741808564196345,0.0
H,91,2,41,0.0038741808564196345,0.0038741808564196345,0.0,1,0.001,0.0038741808564196345,0.011209417615628194,0.00833523675920856,0.0028741808564196336,0.0,0.0,0,0.0028741808564196345,0.0028741808564196345,8.673617379884035e-19
H,92,1,41,0.0037639828117880594,0.0037639828117880594,0.0,1,0.001,0.0037639828117880594,0.0068889447819849925,0.004124961970196933,0.0027639828117880594,0.25,0.5,2,0.0027639828117880594,0.0027639828117880594,0.0
H,92,2,41,0.0037639828117880594,0.0037639828117880594,0.0,1,0.001,0.0037639828117880594,0.010355781759811106,0.007591798948023047,0.0027639828117880594,0.0,0.0,0,0.0027639828117880594,0.0027639828117880594,0.0
H,93,1,41,0.004124961970196933,0.004124961970196933,0.0,1,0.001,0.004124961970196933,0.007614045012154861,0.004489083041957928,0.003124961970196933,0.25,0.5,2,0.003124961970196933,0.003124961970196933,0.0
H,93,2,41,0.004124961970196933,0.004124961970196933,0.0,1,0.001,0.004124961970196933,0.010672150327803493,0.00754718835760656,0.003124961970196933,16.0,4.0,34,0.003124961970196933,0.003124961970196933,0.0
H,94,1,41,0.003057177512151038,0.003057177512151038,0.0,1,0.001,0.003057177512151038,0.005043785102323146,0.002986607590172108,0.002057177512151038,0.25,0.5,2,0.002057177512151038,0.002057177512151038,0.0
H,94,2,41,0.003057177512151038,0.003057177512151038,0.0,1,0.001,0.003057177512151038,0.007049755702874501,0.004992578190723463,0.002057177512151038,1.0,1.0,10,0.002057177512151038,0.002057177512151038,0.0
H,95,1,41,0.0026827421775178217,0.0026827421775178217,0.0,1,0.001,0.0026827421775178217,0.004313405352941836,0.002630663175424014,0.0016827421775178217,0.0,0.0,0,0.0016827421775178217,0.0016827421775178217,0.0
H,95,2,41,0.0026827421775178217,0.0026827421775178217,0.0,1,0.001,0.0026827421775178217,0.005958847848912529,0.004276105671394707,0.0016827421775178217,0.0,0.0,0,0.0016827421775178217,0.0016827421775178217,0.0
H,96,1,41,0.002437296939859314,0.002437296939859314,0.0,1,0.001,0.002437296939859314,0.00390881430988771,0.0024715173700283963,0.0014372969398593139,0.0,0.0,0,0.0014372969398593139,0.0014372969398593139,0.0
H,96,2,41,0.002437296939859314,0.002437296939859314,0.0,1,0.001,0.002437296939859314,0.005481352273761899,0.004044055333902585,0.0014372969398593139,0.0,0.0,0,0.0014372969398593139,0.0014372969398593139,0.0
H,97,1,41,0.0019041789710783213,0.0019041789710783213,0.0,1,0.001,0.0019041789710783213,0.0027976820263046426,0.0018935030552263213,0.0009041789710783213,0.0,0.0,0,0.0009041789710783213,0.0009041789710783213,0.0
H,97,2,41,0.0019041789710783213,0.0019041789710783213,0.0,1,0.001,0.0019041789710783213,0.003747305631447354,0.0028431266603690325,0.0009041789710783213,0.0,0.0,0,0.0009041789710783213,0.0009041789710783213,0.0
H,98,1,41,0.0018573347677362587,0.0018573347677362587,0.0,1,0.001,0.0018573347677362587,0.002706128259349753,0.0018487934916134943,0.0008573347677362586,0.0,0.0,0,0.0008573347677362586,0.0008573347677362586,0.0
H,98,2,41,0.0018573347677362587,0.0018573347677362587,0.0,1,0.001,0.0018573347677362587,0.003628346372806209,0.00277101160506995,0.0008573347677362586,0.0,0.0,0,0.0008573347677362586,0.0008573347677362586,0.0
H,99,1,41,0.0018487934916134943,0.0018487934916134943,0.0,1,0.001,0.0018487934916134943,0.00277101160506995,0.0019222181134564559,0.0008487934916134943,0.0,0.0,0,0.0008487934916134943,0.0008487934916134943,0.0
H,99,2,41,0.0018487934916134943,0.0018487934916134943,0.0,1,0.001,0.0018487934916134943,0.003860610958043258,0.0030118174664297637,0.0008487934916134943,0.0,0.0,0,0.0008487934916134943,0.0008487934916134943,0.0
