task,step,fallback_spec,candidate_count,previous_terminal_phi,best_margin,best_fallback_phi,best_fallback_norm,terminal_outside_residual,residual_threshold
Z,1,default,41,0.0020415222502339833,-0.00022995228460700318,0.0022714745348409865,0.0,1,0.001
Z,1,midpoint_inrange,65,0.0020415222502339833,-0.00022995228460700318,0.0022714745348409865,0.0,1,0.001
Z,1,dense_inrange,97,0.0020415222502339833,-0.00022995228460700318,0.0022714745348409865,0.0,1,0.001
Z,2,default,41,0.002026341232292242,-0.0002299123378368892,0.002256253570129131,0.0,1,0.001
Z,2,midpoint_inrange,65,0.002026341232292242,-0.0002299123378368892,0.002256253570129131,0.0,1,0.001
Z,2,dense_inrange,97,0.002026341232292242,-0.0002299123378368892,0.002256253570129131,0.0,1,0.001
Z,3,default,41,0.002256253570129131,-0.00026874726990237796,0.002525000840031509,0.0,1,0.001
Z,3,midpoint_inrange,65,0.002256253570129131,-0.00026874726990237796,0.002525000840031509,0.0,1,0.001
Z,3,dense_inrange,97,0.002256253570129131,-0.00026874726990237796,0.002525000840031509,0.0,1,0.001
Z,4,default,41,0.0023834887293366497,-0.0002724723181130387,0.0026559610474496884,0.0,1,0.001
Z,4,midpoint_inrange,65,0.0023834887293366497,-0.0002724723181130387,0.0026559610474496884,0.0,1,0.001
Z,4,dense_inrange,97,0.0023834887293366497,-0.00023283986531798945,0.002616328594654639,0.0625,1,0.001
Z,5,default,41,0.002584536389571887,-0.0002988723889398373,0.0028834087785117243,0.25,1,0.001
Z,5,midpoint_inrange,65,0.002584536389571887,-0.0002988723889398373,0.0028834087785117243,0.25,1,0.001
Z,5,dense_inrange,97,0.002584536389571887,-0.00029627436468055574,0.0028808107542524428,0.5625,1,0.001
Z,6,default,41,0.0028831646562249985,-0.0003381215122032627,0.003221286168428261,0.0,1,0.001
Z,6,midpoint_inrange,65,0.0028831646562249985,-0.0003381215122032627,0.003221286168428261,0.0,1,0.001
Z,6,dense_inrange,97,0.0028831646562249985,-0.0003381215122032627,0.003221286168428261,0.0,1,0.001
Z,7,default,41,0.003047633659873157,-0.00028236401050325127,0.0033299976703764084,0.0,1,0.001
Z,7,midpoint_inrange,65,0.003047633659873157,-0.00028236401050325127,0.0033299976703764084,0.0,1,0.001
Z,7,dense_inrange,97,0.003047633659873157,-0.00028236401050325127,0.0033299976703764084,0.0,1,0.001
Z,8,default,41,0.0032325847099518995,-0.0003565017636682835,0.003589086473620183,0.0,1,0.001
Z,8,midpoint_inrange,65,0.0032325847099518995,-0.0003565017636682835,0.003589086473620183,0.0,1,0.001
Z,8,dense_inrange,97,0.0032325847099518995,-0.0003548274931937101,0.0035874122031456096,0.062499999999999986,1,0.001
Z,9,default,41,0.0034077559489118364,-0.00035621410774173967,0.003763970056653576,0.24999999999999994,1,0.001
Z,9,midpoint_inrange,65,0.0034077559489118364,-0.00035621410774173967,0.003763970056653576,0.24999999999999994,1,0.001
Z,9,dense_inrange,97,0.0034077559489118364,-0.00035621410774173967,0.003763970056653576,0.24999999999999994,1,0.001
Z,10,default,41,0.003064422497545974,-0.00029297240911729805,0.003357394906663272,0.24999999999999994,1,0.001
Z,10,midpoint_inrange,65,0.003064422497545974,-0.00029297240911729805,0.003357394906663272,0.24999999999999994,1,0.001
Z,10,dense_inrange,97,0.003064422497545974,-0.00029297240911729805,0.003357394906663272,0.24999999999999994,1,0.001
Z,11,default,41,0.0033293719795650795,-0.000307469792126952,0.0036368417716920315,0.0,1,0.001
Z,11,midpoint_inrange,65,0.0033293719795650795,-0.000307469792126952,0.0036368417716920315,0.0,1,0.001
Z,11,dense_inrange,97,0.0033293719795650795,-0.000307469792126952,0.0036368417716920315,0.0,1,0.001
Z,12,default,41,0.0035217982043523957,-0.000381463008088008,0.0039032612124404037,0.0,1,0.001
Z,12,midpoint_inrange,65,0.0035217982043523957,-0.000381463008088008,0.0039032612124404037,0.0,1,0.001
Z,12,dense_inrange,97,0.0035217982043523957,-0.000381463008088008,0.0039032612124404037,0.0,1,0.001
Z,13,default,41,0.0038950659673245847,-0.0004629750541804492,0.004358041021505034,0.0,1,0.001
Z,13,midpoint_inrange,65,0.0038950659673245847,-0.0004629750541804492,0.004358041021505034,0.0,1,0.001
Z,13,dense_inrange,97,0.0038950659673245847,-0.0004397429620371096,0.004334808929361694,0.0625,1,0.001
Z,14,default,41,0.00435297100174592,-0.0005170939544484748,0.004870064956194395,0.0,1,0.001
Z,14,midpoint_inrange,65,0.00435297100174592,-0.0005170939544484748,0.004870064956194395,0.0,1,0.001
Z,14,dense_inrange,97,0.00435297100174592,-0.0005170939544484748,0.004870064956194395,0.0,1,0.001
Z,15,default,41,0.00464955533587471,-0.0005657590598830767,0.005215314395757786,0.0,1,0.001
Z,15,midpoint_inrange,65,0.00464955533587471,-0.0005657590598830767,0.005215314395757786,0.0,1,0.001
Z,15,dense_inrange,97,0.00464955533587471,-0.0005372026143815531,0.005186757950256263,0.0625,1,0.001
Z,16,default,41,0.005174867090535502,-0.0006146982924905772,0.00578956538302608,0.0,1,0.001
Z,16,midpoint_inrange,65,0.005174867090535502,-0.0006146982924905772,0.00578956538302608,0.0,1,0.001
Z,16,dense_inrange,97,0.005174867090535502,-0.0006146982924905772,0.00578956538302608,0.0,1,0.001
Z,17,default,41,0.0055255909618900576,-0.0006217502141910719,0.0061473411760811295,0.0,1,0.001
Z,17,midpoint_inrange,65,0.0055255909618900576,-0.0006217502141910719,0.0061473411760811295,0.0,1,0.001
Z,17,dense_inrange,97,0.0055255909618900576,-0.0006217502141910719,0.0061473411760811295,0.0,1,0.001
Z,18,default,41,0.006092782491319559,-0.0005456217681150122,0.006638404259434572,0.0,1,0.001
Z,18,midpoint_inrange,65,0.006092782491319559,-0.0005456217681150122,0.006638404259434572,0.0,1,0.001
Z,18,dense_inrange,97,0.006092782491319559,-0.0005456217681150122,0.006638404259434572,0.0,1,0.001
Z,19,default,41,0.0056280676035384836,-0.0004318678868058326,0.006059935490344316,0.0,1,0.001
Z,19,midpoint_inrange,65,0.0056280676035384836,-0.0004318678868058326,0.006059935490344316,0.0,1,0.001
Z,19,dense_inrange,97,0.0056280676035384836,-0.00037501208420272214,0.006003079687741206,0.062499999999999986,1,0.001
Z,20,default,41,0.004881731079065886,-0.00030581804585793487,0.005187549124923821,0.24999999999999994,1,0.001
Z,20,midpoint_inrange,65,0.004881731079065886,-0.00030581804585793487,0.005187549124923821,0.24999999999999994,1,0.001
Z,20,dense_inrange,97,0.004881731079065886,-0.0002808131510234346,0.005162544230089321,0.5624999999999999,1,0.001
Z,21,default,41,0.005096611515210944,-0.00025799801958963087,0.005354609534800575,0.0,1,0.001
Z,21,midpoint_inrange,65,0.005096611515210944,-0.00025799801958963087,0.005354609534800575,0.0,1,0.001
Z,21,dense_inrange,97,0.005096611515210944,-0.0002264837782533155,0.00532309529346426,0.062499999999999986,1,0.001
Z,22,default,41,0.004701739725409604,-0.00020291079802496614,0.00490465052343457,0.0,1,0.001
Z,22,midpoint_inrange,65,0.004701739725409604,-0.00020291079802496614,0.00490465052343457,0.0,1,0.001
Z,22,dense_inrange,97,0.004701739725409604,-0.00016231991271712515,0.004864059638126729,0.0625,1,0.001
Z,23,default,41,0.0048337679649592055,-0.00026532316551939467,0.0050990911304786,0.0,1,0.001
Z,23,midpoint_inrange,65,0.0048337679649592055,-0.00026532316551939467,0.0050990911304786,0.0,1,0.001
Z,23,dense_inrange,97,0.0048337679649592055,-0.00026532316551939467,0.0050990911304786,0.0,1,0.001
Z,24,default,41,0.004855861042766446,-0.00025313826222161245,0.005108999304988059,0.25,1,0.001
Z,24,midpoint_inrange,65,0.004855861042766446,-0.00025313826222161245,0.005108999304988059,0.25,1,0.001
Z,24,dense_inrange,97,0.004855861042766446,-0.00025313826222161245,0.005108999304988059,0.25,1,0.001
Z,25,default,41,0.0044562383512529655,-0.00028538068173143,0.0047416190329843955,0.0,1,0.001
Z,25,midpoint_inrange,65,0.0044562383512529655,-0.00028538068173143,0.0047416190329843955,0.0,1,0.001
Z,25,dense_inrange,97,0.0044562383512529655,-0.00028449376496225004,0.0047407321162152155,0.0625,1,0.001
Z,26,default,41,0.00467001573059516,-0.0003574628392828058,0.005027478569877966,0.0,1,0.001
Z,26,midpoint_inrange,65,0.00467001573059516,-0.0003574628392828058,0.005027478569877966,0.0,1,0.001
Z,26,dense_inrange,97,0.00467001573059516,-0.0003220712509456672,0.0049920869815408275,0.0625,1,0.001
Z,27,default,41,0.004937645576920696,-0.0004471055763157969,0.005384751153236493,0.0,1,0.001
Z,27,midpoint_inrange,65,0.004937645576920696,-0.0004471055763157969,0.005384751153236493,0.0,1,0.001
Z,27,dense_inrange,97,0.004937645576920696,-0.00043218752436528785,0.005369833101285984,0.0625,1,0.001
Z,28,default,41,0.0051619721348036135,-0.0005320107731563786,0.005693982907959992,0.0,1,0.001
Z,28,midpoint_inrange,65,0.0051619721348036135,-0.0005320107731563786,0.005693982907959992,0.0,1,0.001
Z,28,dense_inrange,97,0.0051619721348036135,-0.0005285347764868303,0.005690506911290444,0.062499999999999986,1,0.001
Z,29,default,41,0.005693982907959992,-0.0006247143944908204,0.0063186973024508125,0.24999999999999994,1,0.001
Z,29,midpoint_inrange,65,0.005693982907959992,-0.0006247143944908204,0.0063186973024508125,0.24999999999999994,1,0.001
Z,29,dense_inrange,97,0.005693982907959992,-0.0006247143944908204,0.0063186973024508125,0.24999999999999994,1,0.001
Z,30,default,41,0.005999031781424108,-0.0007264732528529591,0.006725505034277067,0.0,1,0.001
Z,30,midpoint_inrange,65,0.005999031781424108,-0.0007264732528529591,0.006725505034277067,0.0,1,0.001
Z,30,dense_inrange,97,0.005999031781424108,-0.0007264732528529591,0.006725505034277067,0.0,1,0.001
Z,31,default,41,0.006630645481194353,-0.0008101548201174119,0.007440800301311765,0.0,1,0.001
Z,31,midpoint_inrange,65,0.006630645481194353,-0.0008101548201174119,0.007440800301311765,0.0,1,0.001
Z,31,dense_inrange,97,0.006630645481194353,-0.0008101548201174119,0.007440800301311765,0.0,1,0.001
Z,32,default,41,0.007235077884662079,-0.0008801712413931129,0.008115249126055192,0.0,1,0.001
Z,32,midpoint_inrange,65,0.007235077884662079,-0.0008801712413931129,0.008115249126055192,0.0,1,0.001
Z,32,dense_inrange,97,0.007235077884662079,-0.0008801712413931129,0.008115249126055192,0.0,1,0.001
Z,33,default,41,0.007773961662153987,-0.0008570248658265125,0.0086309865279805,0.0,1,0.001
Z,33,midpoint_inrange,65,0.007773961662153987,-0.0008570248658265125,0.0086309865279805,0.0,1,0.001
Z,33,dense_inrange,97,0.007773961662153987,-0.0008570248658265125,0.0086309865279805,0.0,1,0.001
Z,34,default,41,0.00821560531072496,-0.0008618329681396447,0.009077438278864605,0.0,1,0.001
Z,34,midpoint_inrange,65,0.00821560531072496,-0.0008618329681396447,0.009077438278864605,0.0,1,0.001
Z,34,dense_inrange,97,0.00821560531072496,-0.0008405270056146205,0.009056132316339581,0.0625,1,0.001
Z,35,default,41,0.0074207486152537555,-0.0004167550819299745,0.00783750369718373,1.0,1,0.001
Z,35,midpoint_inrange,65,0.0074207486152537555,-0.0004167550819299745,0.00783750369718373,1.0,1,0.001
Z,35,dense_inrange,97,0.0074207486152537555,-0.0004165940211454666,0.007837342636399222,1.5625,1,0.001
Z,36,default,41,0.006799122493903874,9.945984822751913e-05,0.006699662645676355,0.0,1,0.001
Z,36,midpoint_inrange,65,0.006799122493903874,9.945984822751913e-05,0.006699662645676355,0.0,1,0.001
Z,36,dense_inrange,97,0.006799122493903874,9.945984822751913e-05,0.006699662645676355,0.0,1,0.001
Z,37,default,41,0.006699662645676355,-9.565726627198956e-06,0.006709228372303554,0.0,1,0.001
Z,37,midpoint_inrange,65,0.006699662645676355,-9.565726627198956e-06,0.006709228372303554,0.0,1,0.001
Z,37,dense_inrange,97,0.006699662645676355,-9.565726627198956e-06,0.006709228372303554,0.0,1,0.001
Z,38,default,41,0.006709228372303554,-0.0001031054123286565,0.00681233378463221,0.0,1,0.001
Z,38,midpoint_inrange,65,0.006709228372303554,-0.0001031054123286565,0.00681233378463221,0.0,1,0.001
Z,38,dense_inrange,97,0.006709228372303554,-0.0001031054123286565,0.00681233378463221,0.0,1,0.001
Z,39,default,41,0.006193847468242399,9.948903015862681e-05,0.006094358438083772,0.24999999999999994,1,0.001
Z,39,midpoint_inrange,65,0.006193847468242399,9.948903015862681e-05,0.006094358438083772,0.24999999999999994,1,0.001
Z,39,dense_inrange,97,0.006193847468242399,0.00010015074649305511,0.0060936967217493435,0.062499999999999986,1,0.001
Z,40,default,41,0.00606115499530064,0.00015405455779862742,0.005907100437502012,0.0,1,0.001
Z,40,midpoint_inrange,65,0.00606115499530064,0.00015405455779862742,0.005907100437502012,0.0,1,0.001
Z,40,dense_inrange,97,0.00606115499530064,0.00015405455779862742,0.005907100437502012,0.0,1,0.001
Z,41,default,41,0.005832370855754256,0.00015361570721468543,0.00567875514853957,0.0,1,0.001
Z,41,midpoint_inrange,65,0.005832370855754256,0.00015361570721468543,0.00567875514853957,0.0,1,0.001
Z,41,dense_inrange,97,0.005832370855754256,0.00015361570721468543,0.00567875514853957,0.0,1,0.001
Z,42,default,41,0.005568057708460528,7.3891695797773105e-06,0.00556066853888075,0.0,1,0.001
Z,42,midpoint_inrange,65,0.005568057708460528,7.3891695797773105e-06,0.00556066853888075,0.0,1,0.001
Z,42,dense_inrange,97,0.005568057708460528,7.3891695797773105e-06,0.00556066853888075,0.0,1,0.001
Z,43,default,41,0.00556066853888075,-9.586328557289331e-05,0.005656531824453644,0.0,1,0.001
Z,43,midpoint_inrange,65,0.00556066853888075,-9.586328557289331e-05,0.005656531824453644,0.0,1,0.001
Z,43,dense_inrange,97,0.00556066853888075,-5.6951209981080664e-05,0.005617619748861831,0.0625,1,0.001
Z,44,default,41,0.005575308535733153,-8.391023206457543e-05,0.005659218767797729,4.0,1,0.001
Z,44,midpoint_inrange,65,0.005575308535733153,-8.391023206457543e-05,0.005659218767797729,4.0,1,0.001
Z,44,dense_inrange,97,0.005575308535733153,-8.391023206457543e-05,0.005659218767797729,4.0,1,0.001
Z,45,default,41,0.005659218767797729,-0.0002353648526584387,0.0058945836204561675,0.0,1,0.001
Z,45,midpoint_inrange,65,0.005659218767797729,-0.0002353648526584387,0.0058945836204561675,0.0,1,0.001
Z,45,dense_inrange,97,0.005659218767797729,-0.0002353648526584387,0.0058945836204561675,0.0,1,0.001
Z,46,default,41,0.005679584473923971,-0.00030978949641623926,0.00598937397034021,0.0,1,0.001
Z,46,midpoint_inrange,65,0.005679584473923971,-0.00030978949641623926,0.00598937397034021,0.0,1,0.001
Z,46,dense_inrange,97,0.005679584473923971,-0.00030978949641623926,0.00598937397034021,0.0,1,0.001
Z,47,default,41,0.00598937397034021,-0.0004540219588303543,0.0064433959291705645,0.0,1,0.001
Z,47,midpoint_inrange,65,0.00598937397034021,-0.0004540219588303543,0.0064433959291705645,0.0,1,0.001
Z,47,dense_inrange,97,0.00598937397034021,-0.0004540219588303543,0.0064433959291705645,0.0,1,0.001
Z,48,default,41,0.006155870273861164,-0.00045086876869412235,0.006606739042555286,0.0,1,0.001
Z,48,midpoint_inrange,65,0.006155870273861164,-0.00045086876869412235,0.006606739042555286,0.0,1,0.001
Z,48,dense_inrange,97,0.006155870273861164,-0.00045086876869412235,0.006606739042555286,0.0,1,0.001
Z,49,default,41,0.006606739042555286,-0.0004706678392396302,0.007077406881794916,15.999999999999996,1,0.001
Z,49,midpoint_inrange,65,0.006606739042555286,-0.0004706678392396302,0.007077406881794916,15.999999999999996,1,0.001
Z,49,dense_inrange,97,0.006606739042555286,-0.0004706678392396302,0.007077406881794916,15.999999999999996,1,0.001
Z,50,default,41,0.007077406881794916,-0.00042681737705940054,0.007504224258854317,0.24999999999999994,1,0.001
Z,50,midpoint_inrange,65,0.007077406881794916,-0.00042681737705940054,0.007504224258854317,0.24999999999999994,1,0.001
Z,50,dense_inrange,97,0.007077406881794916,-0.00035596489800807096,0.007433371779802987,0.062499999999999986,1,0.001
Z,51,default,41,0.00677114601225514,-0.0003258791942876704,0.0070970252065428105,0.0,1,0.001
Z,51,midpoint_inrange,65,0.00677114601225514,-0.0003258791942876704,0.0070970252065428105,0.0,1,0.001
Z,51,dense_inrange,97,0.00677114601225514,-0.00031498164536405276,0.007086127657619193,0.062499999999999986,1,0.001
Z,52,default,41,0.006415730322728817,-0.00010775314341154169,0.006523483466140359,0.0,1,0.001
Z,52,midpoint_inrange,65,0.006415730322728817,-0.00010775314341154169,0.006523483466140359,0.0,1,0.001
Z,52,dense_inrange,97,0.006415730322728817,-4.241790612687091e-05,0.006458148228855688,0.0625,1,0.001
Z,53,default,41,0.006005721029311295,4.0191992462031145e-05,0.005965529036849264,0.0,1,0.001
Z,53,midpoint_inrange,65,0.006005721029311295,4.0191992462031145e-05,0.005965529036849264,0.0,1,0.001
Z,53,dense_inrange,97,0.006005721029311295,4.330461988769768e-05,0.005962416409423597,0.0625,1,0.001
Z,54,default,41,0.005894165063018521,0.0003399394685033169,0.005554225594515204,16.0,1,0.001
Z,54,midpoint_inrange,65,0.005894165063018521,0.0003399394685033169,0.005554225594515204,16.0,1,0.001
Z,54,dense_inrange,97,0.005894165063018521,0.0003399394685033169,0.005554225594515204,16.0,1,0.001
Z,55,default,41,0.005554225594515204,0.00028535988645593535,0.0052688657080592685,0.0,1,0.001
Z,55,midpoint_inrange,65,0.005554225594515204,0.00028535988645593535,0.0052688657080592685,0.0,1,0.001
Z,55,dense_inrange,97,0.005554225594515204,0.00028535988645593535,0.0052688657080592685,0.0,1,0.001
Z,56,default,41,0.0052688657080592685,-3.7590003996751387e-05,0.00530645571205602,0.0,1,0.001
Z,56,midpoint_inrange,65,0.0052688657080592685,-3.7590003996751387e-05,0.00530645571205602,0.0,1,0.001
Z,56,dense_inrange,97,0.0052688657080592685,-1.9543347459856364e-05,0.005288409055519125,0.0625,1,0.001
Z,57,default,41,0.005047614256399352,-5.8416915963400984e-05,0.005106031172362753,0.0,1,0.001
Z,57,midpoint_inrange,65,0.005047614256399352,-5.8416915963400984e-05,0.005106031172362753,0.0,1,0.001
Z,57,dense_inrange,97,0.005047614256399352,-3.71741894972244e-05,0.005084788445896576,0.062499999999999986,1,0.001
Z,58,default,41,0.004934895816565928,-0.00016370110310274383,0.0050985969196686715,0.0,1,0.001
Z,58,midpoint_inrange,65,0.004934895816565928,-0.00016370110310274383,0.0050985969196686715,0.0,1,0.001
Z,58,dense_inrange,97,0.004934895816565928,-0.00016222918383709123,0.005097125000403019,0.062499999999999986,1,0.001
Z,59,default,41,0.004320207997395277,-0.0001080755643810341,0.004428283561776311,0.9999999999999998,1,0.001
Z,59,midpoint_inrange,65,0.004320207997395277,-0.0001080755643810341,0.004428283561776311,0.9999999999999998,1,0.001
Z,59,dense_inrange,97,0.004320207997395277,-0.00010733790240458757,0.004427545899799865,1.5624999999999998,1,0.001
Z,60,default,41,0.004332642697693519,-0.00010683619840763658,0.004439478896101155,0.0,1,0.001
Z,60,midpoint_inrange,65,0.004332642697693519,-0.00010683619840763658,0.004439478896101155,0.0,1,0.001
Z,60,dense_inrange,97,0.004332642697693519,-0.00010683619840763658,0.004439478896101155,0.0,1,0.001
Z,61,default,41,0.004420700369955587,-0.00016741192756805634,0.004588112297523643,0.0,1,0.001
Z,61,midpoint_inrange,65,0.004420700369955587,-0.00016741192756805634,0.004588112297523643,0.0,1,0.001
Z,61,dense_inrange,97,0.004420700369955587,-0.00016741192756805634,0.004588112297523643,0.0,1,0.001
Z,62,default,41,0.004315247985084529,-0.00024065130554005998,0.004555899290624589,0.0,1,0.001
Z,62,midpoint_inrange,65,0.004315247985084529,-0.00024065130554005998,0.004555899290624589,0.0,1,0.001
Z,62,dense_inrange,97,0.004315247985084529,-0.00024065130554005998,0.004555899290624589,0.0,1,0.001
Z,63,default,41,0.004555899290624589,-0.00033230736910715153,0.004888206659731741,0.25,1,0.001
Z,63,midpoint_inrange,65,0.004555899290624589,-0.00033230736910715153,0.004888206659731741,0.25,1,0.001
Z,63,dense_inrange,97,0.004555899290624589,-0.0002802187412588378,0.004836118031883427,0.0625,1,0.001
Z,64,default,41,0.004683530625814149,-0.0003869064975056541,0.005070437123319803,0.0,1,0.001
Z,64,midpoint_inrange,65,0.004683530625814149,-0.0003869064975056541,0.005070437123319803,0.0,1,0.001
Z,64,dense_inrange,97,0.004683530625814149,-0.00037178290766839983,0.005055313533482549,0.0625,1,0.001
Z,65,default,41,0.005001828673700817,-0.000335723257085592,0.005337551930786409,0.0,1,0.001
Z,65,midpoint_inrange,65,0.005001828673700817,-0.000335723257085592,0.005337551930786409,0.0,1,0.001
Z,65,dense_inrange,97,0.005001828673700817,-0.000335723257085592,0.005337551930786409,0.0,1,0.001
Z,66,default,41,0.004797502665384021,-0.00020037856692783212,0.004997881232311853,0.0,1,0.001
Z,66,midpoint_inrange,65,0.004797502665384021,-0.00020037856692783212,0.004997881232311853,0.0,1,0.001
Z,66,dense_inrange,97,0.004797502665384021,-0.00020037856692783212,0.004997881232311853,0.0,1,0.001
Z,67,default,41,0.004997881232311853,-0.000263034724107325,0.005260915956419178,0.0,1,0.001
Z,67,midpoint_inrange,65,0.004997881232311853,-0.000263034724107325,0.005260915956419178,0.0,1,0.001
Z,67,dense_inrange,97,0.004997881232311853,-0.000263034724107325,0.005260915956419178,0.0,1,0.001
Z,68,default,41,0.004177090293189696,7.753017496418824e-05,0.004099560118225508,0.0,1,0.001
Z,68,midpoint_inrange,65,0.004177090293189696,7.753017496418824e-05,0.004099560118225508,0.0,1,0.001
Z,68,dense_inrange,97,0.004177090293189696,7.753017496418824e-05,0.004099560118225508,0.0,1,0.001
Z,69,default,41,0.003999960271134709,7.316029460856244e-05,0.003926799976526146,0.24999999999999994,1,0.001
Z,69,midpoint_inrange,65,0.003999960271134709,7.316029460856244e-05,0.003926799976526146,0.24999999999999994,1,0.001
Z,69,dense_inrange,97,0.003999960271134709,7.316029460856244e-05,0.003926799976526146,0.24999999999999994,1,0.001
Z,70,default,41,0.0038326895183158766,8.729603072639425e-05,0.0037453934875894823,0.0,1,0.001
Z,70,midpoint_inrange,65,0.0038326895183158766,8.729603072639425e-05,0.0037453934875894823,0.0,1,0.001
Z,70,dense_inrange,97,0.0038326895183158766,8.729603072639425e-05,0.0037453934875894823,0.0,1,0.001
Z,71,default,41,0.003068970729021528,0.00013061950161571967,0.0029383512274058082,0.0,1,0.001
Z,71,midpoint_inrange,65,0.003068970729021528,0.00013061950161571967,0.0029383512274058082,0.0,1,0.001
Z,71,dense_inrange,97,0.003068970729021528,0.00013061950161571967,0.0029383512274058082,0.0,1,0.001
Z,72,default,41,0.0029383512274058082,6.138345768144648e-05,0.0028769677697243617,0.0,1,0.001
Z,72,midpoint_inrange,65,0.0029383512274058082,6.138345768144648e-05,0.0028769677697243617,0.0,1,0.001
Z,72,dense_inrange,97,0.0029383512274058082,6.455768520598898e-05,0.0028737935421998193,0.0625,1,0.001
Z,73,default,41,0.0018975132623689703,0.00019313934747896416,0.0017043739148900061,0.25,1,0.001
Z,73,midpoint_inrange,65,0.0018975132623689703,0.00019313934747896416,0.0017043739148900061,0.25,1,0.001
Z,73,dense_inrange,97,0.0018975132623689703,0.00020668839988936122,0.001690824862479609,0.0625,1,0.001
Z,74,default,41,0.0015256332333190917,0.00012986727466807874,0.001395765958651013,0.0,1,0.001
Z,74,midpoint_inrange,65,0.0015256332333190917,0.00012986727466807874,0.001395765958651013,0.0,1,0.001
Z,74,dense_inrange,97,0.0015256332333190917,0.00012986727466807874,0.001395765958651013,0.0,1,0.001
Z,75,default,41,0.0013564083439032912,6.878838290928779e-05,0.0012876199609940034,0.0,1,0.001
Z,75,midpoint_inrange,65,0.0013564083439032912,6.878838290928779e-05,0.0012876199609940034,0.0,1,0.001
Z,75,dense_inrange,97,0.0013564083439032912,6.878838290928779e-05,0.0012876199609940034,0.0,1,0.001
Z,76,default,41,0.0012748431580721711,-7.570697986826469e-05,0.0013505501379404358,0.0,1,0.001
Z,76,midpoint_inrange,65,0.0012748431580721711,-7.570697986826469e-05,0.0013505501379404358,0.0,1,0.001
Z,76,dense_inrange,97,0.0012748431580721711,-5.734910902926993e-05,0.001332192267101441,0.062499999999999986,1,0.001
Z,77,default,41,0.0012998158370976995,-0.0001705442624275605,0.00147036009952526,0.0,1,0.001
Z,77,midpoint_inrange,65,0.0012998158370976995,-0.0001705442624275605,0.00147036009952526,0.0,1,0.001
Z,77,dense_inrange,97,0.0012998158370976995,-0.00013541976566978225,0.0014352356027674817,0.062499999999999986,1,0.001
Z,78,default,41,0.0013725516370194576,-0.00014660435563918633,0.001519155992658644,0.24999999999999994,1,0.001
Z,78,midpoint_inrange,65,0.0013725516370194576,-0.00014660435563918633,0.001519155992658644,0.24999999999999994,1,0.001
Z,78,dense_inrange,97,0.0013725516370194576,-0.00014660435563918633,0.001519155992658644,0.24999999999999994,1,0.001
Z,79,default,41,0.001519155992658644,-0.00024002784688470502,0.001759183839543349,0.0,1,0.001
Z,79,midpoint_inrange,65,0.001519155992658644,-0.00024002784688470502,0.001759183839543349,0.0,1,0.001
Z,79,dense_inrange,97,0.001519155992658644,-0.00024002784688470502,0.001759183839543349,0.0,1,0.001
Z,80,default,41,0.0017535732154342482,-0.00028051919725492064,0.002034092412689169,0.0,1,0.001
Z,80,midpoint_inrange,65,0.0017535732154342482,-0.00028051919725492064,0.002034092412689169,0.0,1,0.001
Z,80,dense_inrange,97,0.0017535732154342482,-0.00028051919725492064,0.002034092412689169,0.0,1,0.001
Z,81,default,41,0.002034092412689169,-0.0003242375202504033,0.002358329932939572,0.0,1,0.001
Z,81,midpoint_inrange,65,0.002034092412689169,-0.0003242375202504033,0.002358329932939572,0.0,1,0.001
Z,81,dense_inrange,97,0.002034092412689169,-0.0003242375202504033,0.002358329932939572,0.0,1,0.001
Z,82,default,41,0.002329353783913621,-0.00033180623165374873,0.0026611600155673695,0.0,1,0.001
Z,82,midpoint_inrange,65,0.002329353783913621,-0.00033180623165374873,0.0026611600155673695,0.0,1,0.001
Z,82,dense_inrange,97,0.002329353783913621,-0.00033180623165374873,0.0026611600155673695,0.0,1,0.001
Z,83,default,41,0.0025262036703329535,-0.00032925633540738936,0.002855460005740343,1.0,1,0.001
Z,83,midpoint_inrange,65,0.0025262036703329535,-0.00032925633540738936,0.002855460005740343,1.0,1,0.001
Z,83,dense_inrange,97,0.0025262036703329535,-0.00032925633540738936,0.002855460005740343,1.0,1,0.001
Z,84,default,41,0.002536092610769723,-0.0002470876187549084,0.0027831802295246316,0.0,1,0.001
Z,84,midpoint_inrange,65,0.002536092610769723,-0.0002470876187549084,0.0027831802295246316,0.0,1,0.001
Z,84,dense_inrange,97,0.002536092610769723,-0.0002470876187549084,0.0027831802295246316,0.0,1,0.001
Z,85,default,41,0.0026844447819236936,-0.00027060467886614453,0.002955049460789838,0.0,1,0.001
Z,85,midpoint_inrange,65,0.0026844447819236936,-0.00027060467886614453,0.002955049460789838,0.0,1,0.001
Z,85,dense_inrange,97,0.0026844447819236936,-0.00027060467886614453,0.002955049460789838,0.0,1,0.001
Z,86,default,41,0.002711916509481299,-0.0002629526926918521,0.0029748692021731513,0.0,1,0.001
Z,86,midpoint_inrange,65,0.002711916509481299,-0.0002629526926918521,0.0029748692021731513,0.0,1,0.001
Z,86,dense_inrange,97,0.002711916509481299,-0.00023710482288881451,0.0029490213323701137,0.062499999999999986,1,0.001
Z,87,default,41,0.0028404304160447383,-0.0002233993043110269,0.003063829720355765,0.24999999999999994,1,0.001
Z,87,midpoint_inrange,65,0.0028404304160447383,-0.0002233993043110269,0.003063829720355765,0.24999999999999994,1,0.001
Z,87,dense_inrange,97,0.0028404304160447383,-0.00022070037424616606,0.0030611307902909043,0.062499999999999986,1,0.001
Z,88,default,41,0.002857110641351447,-0.00025959807143813296,0.00311670871278958,0.24999999999999994,1,0.001
Z,88,midpoint_inrange,65,0.002857110641351447,-0.00025959807143813296,0.00311670871278958,0.24999999999999994,1,0.001
Z,88,dense_inrange,97,0.002857110641351447,-0.00025959807143813296,0.00311670871278958,0.24999999999999994,1,0.001
Z,89,default,41,0.0027907815253554735,-0.00029032995216181356,0.003081111477517287,0.0,1,0.001
Z,89,midpoint_inrange,65,0.0027907815253554735,-0.00029032995216181356,0.003081111477517287,0.0,1,0.001
Z,89,dense_inrange,97,0.0027907815253554735,-0.00029032995216181356,0.003081111477517287,0.0,1,0.001
Z,90,default,41,0.0029773276981741245,-0.00033471104807591273,0.0033120387462500372,0.0,1,0.001
Z,90,midpoint_inrange,65,0.0029773276981741245,-0.00033471104807591273,0.0033120387462500372,0.0,1,0.001
Z,90,dense_inrange,97,0.0029773276981741245,-0.00033471104807591273,0.0033120387462500372,0.0,1,0.001
Z,91,default,41,0.0031393621392014834,-0.00039656798681381167,0.003535930126015295,0.0,1,0.001
Z,91,midpoint_inrange,65,0.0031393621392014834,-0.00039656798681381167,0.003535930126015295,0.0,1,0.001
Z,91,dense_inrange,97,0.0031393621392014834,-0.00039656798681381167,0.003535930126015295,0.0,1,0.001
Z,92,default,41,0.003535930126015295,-0.0004881046379123996,0.004024034763927695,0.0,1,0.001
Z,92,midpoint_inrange,65,0.003535930126015295,-0.0004881046379123996,0.004024034763927695,0.0,1,0.001
Z,92,dense_inrange,97,0.003535930126015295,-0.0004881046379123996,0.004024034763927695,0.0,1,0.001
Z,93,default,41,0.004024034763927695,-0.0005464397396351683,0.004570474503562863,0.0,1,0.001
Z,93,midpoint_inrange,65,0.004024034763927695,-0.0005464397396351683,0.004570474503562863,0.0,1,0.001
Z,93,dense_inrange,97,0.004024034763927695,-0.0005419184981021452,0.00456595326202984,0.0625,1,0.001
Z,94,default,41,0.004247522191998018,-0.0005879735188356813,0.0048354957108337,0.0,1,0.001
Z,94,midpoint_inrange,65,0.004247522191998018,-0.0005879735188356813,0.0048354957108337,0.0,1,0.001
Z,94,dense_inrange,97,0.004247522191998018,-0.0005879735188356813,0.0048354957108337,0.0,1,0.001
Z,95,default,41,0.004757241938814841,-0.00054044961288853,0.005297691551703371,0.0,1,0.001
Z,95,midpoint_inrange,65,0.004757241938814841,-0.00054044961288853,0.005297691551703371,0.0,1,0.001
Z,95,dense_inrange,97,0.004757241938814841,-0.00054044961288853,0.005297691551703371,0.0,1,0.001
Z,96,default,41,0.00508992070617139,-0.0005155435193295935,0.0056054642255009834,0.0,1,0.001
Z,96,midpoint_inrange,65,0.00508992070617139,-0.0005155435193295935,0.0056054642255009834,0.0,1,0.001
Z,96,dense_inrange,97,0.00508992070617139,-0.0005155435193295935,0.0056054642255009834,0.0,1,0.001
Z,97,default,41,0.0056054642255009834,-0.0005758837982128354,0.006181348023713819,0.0,1,0.001
Z,97,midpoint_inrange,65,0.0056054642255009834,-0.0005758837982128354,0.006181348023713819,0.0,1,0.001
Z,97,dense_inrange,97,0.0056054642255009834,-0.0005758837982128354,0.006181348023713819,0.0,1,0.001
Z,98,default,41,0.005948974989240914,-0.0005454136486263972,0.006494388637867311,0.0,1,0.001
Z,98,midpoint_inrange,65,0.005948974989240914,-0.0005454136486263972,0.006494388637867311,0.0,1,0.001
Z,98,dense_inrange,97,0.005948974989240914,-0.0005454136486263972,0.006494388637867311,0.0,1,0.001
Z,99,default,41,0.006494388637867311,-0.0006060149810409726,0.007100403618908284,0.0,1,0.001
Z,99,midpoint_inrange,65,0.006494388637867311,-0.0006060149810409726,0.007100403618908284,0.0,1,0.001
Z,99,dense_inrange,97,0.006494388637867311,-0.0006060149810409726,0.007100403618908284,0.0,1,0.001
H,1,default,41,0.001362620597661908,-0.0003261672727086634,0.0016887878703705714,0.0,1,0.001
H,1,midpoint_inrange,65,0.001362620597661908,-0.0003261672727086634,0.0016887878703705714,0.0,1,0.001
H,1,dense_inrange,97,0.001362620597661908,-0.0003261672727086634,0.0016887878703705714,0.0,1,0.001
H,2,default,41,0.0015292750135441485,-0.0002628213489859338,0.0017920963625300823,0.0,1,0.001
H,2,midpoint_inrange,65,0.0015292750135441485,-0.0002628213489859338,0.0017920963625300823,0.0,1,0.001
H,2,dense_inrange,97,0.0015292750135441485,-0.0002628213489859338,0.0017920963625300823,0.0,1,0.001
H,3,default,41,0.0017920963625300823,-0.00029805186499149566,0.002090148227521578,0.0,1,0.001
H,3,midpoint_inrange,65,0.0017920963625300823,-0.00029805186499149566,0.002090148227521578,0.0,1,0.001
H,3,dense_inrange,97,0.0017920963625300823,-0.00029805186499149566,0.002090148227521578,0.0,1,0.001
H,4,default,41,0.002090148227521578,-0.0003588365433026819,0.00244898477082426,0.0,1,0.001
H,4,midpoint_inrange,65,0.002090148227521578,-0.0003588365433026819,0.00244898477082426,0.0,1,0.001
H,4,dense_inrange,97,0.002090148227521578,-0.0003588365433026819,0.00244898477082426,0.0,1,0.001
H,5,default,41,0.002376640662202903,-0.00038769280884765056,0.0027643334710505535,0.25,1,0.001
H,5,midpoint_inrange,65,0.002376640662202903,-0.00038769280884765056,0.0027643334710505535,0.25,1,0.001
H,5,dense_inrange,97,0.002376640662202903,-0.00038574699498379605,0.002762387657186699,0.0625,1,0.001
H,6,default,41,0.0027198595251786764,-0.00033323988428522744,0.003053099409463904,0.0,1,0.001
H,6,midpoint_inrange,65,0.0027198595251786764,-0.00033323988428522744,0.003053099409463904,0.0,1,0.001
H,6,dense_inrange,97,0.0027198595251786764,-0.00033323988428522744,0.003053099409463904,0.0,1,0.001
H,7,default,41,0.00290791565890601,-0.0002933033428363166,0.0032012190017423267,0.0,1,0.001
H,7,midpoint_inrange,65,0.00290791565890601,-0.0002933033428363166,0.0032012190017423267,0.0,1,0.001
H,7,dense_inrange,97,0.00290791565890601,-0.0002933033428363166,0.0032012190017423267,0.0,1,0.001
H,8,default,41,0.0028743557997629107,-0.00036838974298665506,0.0032427455427495658,0.0,1,0.001
H,8,midpoint_inrange,65,0.0028743557997629107,-0.00036838974298665506,0.0032427455427495658,0.0,1,0.001
H,8,dense_inrange,97,0.0028743557997629107,-0.00036838974298665506,0.0032427455427495658,0.0,1,0.001
H,9,default,41,0.0032427455427495658,-0.0003467447087652717,0.0035894902515148375,0.24999999999999994,1,0.001
H,9,midpoint_inrange,65,0.0032427455427495658,-0.0003467447087652717,0.0035894902515148375,0.24999999999999994,1,0.001
H,9,dense_inrange,97,0.0032427455427495658,-0.0003467447087652717,0.0035894902515148375,0.24999999999999994,1,0.001
H,10,default,41,0.0031299852094118785,-0.0003452296289589707,0.003475214838370849,0.9999999999999998,1,0.001
H,10,midpoint_inrange,65,0.0031299852094118785,-0.0003452296289589707,0.003475214838370849,0.9999999999999998,1,0.001
H,10,dense_inrange,97,0.0031299852094118785,-0.00032564969828472595,0.0034556349076966045,0.5624999999999999,1,0.001
H,11,default,41,0.0032978774200627184,-0.00038570378606676836,0.0036835812061294868,0.0,1,0.001
H,11,midpoint_inrange,65,0.0032978774200627184,-0.00038570378606676836,0.0036835812061294868,0.0,1,0.001
H,11,dense_inrange,97,0.0032978774200627184,-0.00032587465566518564,0.003623752075727904,0.062499999999999986,1,0.001
H,12,default,41,0.003192340493067519,-0.000250956537418745,0.0034432970304862642,0.0,1,0.001
H,12,midpoint_inrange,65,0.003192340493067519,-0.000250956537418745,0.0034432970304862642,0.0,1,0.001
H,12,dense_inrange,97,0.003192340493067519,-0.000250956537418745,0.0034432970304862642,0.0,1,0.001
H,13,default,41,0.00334727045019257,-0.00034797848541565785,0.003695248935608228,0.0,1,0.001
H,13,midpoint_inrange,65,0.00334727045019257,-0.00034797848541565785,0.003695248935608228,0.0,1,0.001
H,13,dense_inrange,97,0.00334727045019257,-0.0003408887943632602,0.0036881592445558303,0.0625,1,0.001
H,14,default,41,0.0029482791619422632,-0.00025327715771176346,0.0032015563196540267,0.0,1,0.001
H,14,midpoint_inrange,65,0.0029482791619422632,-0.00025327715771176346,0.0032015563196540267,0.0,1,0.001
H,14,dense_inrange,97,0.0029482791619422632,-0.00025327715771176346,0.0032015563196540267,0.0,1,0.001
H,15,default,41,0.002692108776397556,-0.00010613755363834271,0.0027982463300358987,1.0,1,0.001
H,15,midpoint_inrange,65,0.002692108776397556,-0.00010613755363834271,0.0027982463300358987,1.0,1,0.001
H,15,dense_inrange,97,0.002692108776397556,-0.00010613755363834271,0.0027982463300358987,1.0,1,0.001
H,16,default,41,0.0026665270080821965,-0.00013897449024449782,0.0028055014983266943,0.0,1,0.001
H,16,midpoint_inrange,65,0.0026665270080821965,-0.00013897449024449782,0.0028055014983266943,0.0,1,0.001
H,16,dense_inrange,97,0.0026665270080821965,-9.84161042675083e-05,0.002764943112349705,0.0625,1,0.001
H,17,default,41,0.002438367905550874,-0.00012351552085128337,0.0025618834264021575,0.0,1,0.001
H,17,midpoint_inrange,65,0.002438367905550874,-0.00012351552085128337,0.0025618834264021575,0.0,1,0.001
H,17,dense_inrange,97,0.002438367905550874,-0.00012351552085128337,0.0025618834264021575,0.0,1,0.001
H,18,default,41,0.0025109715698557467,-0.0002129425734052129,0.0027239141432609595,0.0,1,0.001
H,18,midpoint_inrange,65,0.0025109715698557467,-0.0002129425734052129,0.0027239141432609595,0.0,1,0.001
H,18,dense_inrange,97,0.0025109715698557467,-0.0002129425734052129,0.0027239141432609595,0.0,1,0.001
H,19,default,41,0.0027239141432609595,-0.00025985370166545924,0.0029837678449264188,0.24999999999999994,1,0.001
H,19,midpoint_inrange,65,0.0027239141432609595,-0.00025985370166545924,0.0029837678449264188,0.24999999999999994,1,0.001
H,19,dense_inrange,97,0.0027239141432609595,-0.00025985370166545924,0.0029837678449264188,0.24999999999999994,1,0.001
H,20,default,41,0.0024684146753591527,-0.0002525601792804158,0.0027209748546395685,0.0,1,0.001
H,20,midpoint_inrange,65,0.0024684146753591527,-0.0002525601792804158,0.0027209748546395685,0.0,1,0.001
H,20,dense_inrange,97,0.0024684146753591527,-0.0002525601792804158,0.0027209748546395685,0.0,1,0.001
H,21,default,41,0.002665734579231839,-0.0002640010813530491,0.002929735660584888,0.0,1,0.001
H,21,midpoint_inrange,65,0.002665734579231839,-0.0002640010813530491,0.002929735660584888,0.0,1,0.001
H,21,dense_inrange,97,0.002665734579231839,-0.00026226860305079286,0.002928003182282632,0.062499999999999986,1,0.001
H,22,default,41,0.002749676852660088,-0.0002751025408043589,0.003024779393464447,0.0,1,0.001
H,22,midpoint_inrange,65,0.002749676852660088,-0.0002751025408043589,0.003024779393464447,0.0,1,0.001
H,22,dense_inrange,97,0.002749676852660088,-0.00023688635291153198,0.00298656320557162,0.0625,1,0.001
H,23,default,41,0.0029521126206860093,-0.0003038602112031344,0.0032559728318891437,0.25,1,0.001
H,23,midpoint_inrange,65,0.0029521126206860093,-0.0003038602112031344,0.0032559728318891437,0.25,1,0.001
H,23,dense_inrange,97,0.0029521126206860093,-0.0002943936649688825,0.003246506285654892,0.0625,1,0.001
H,24,default,41,0.0032559728318891437,-0.00040424215998170754,0.0036602149918708513,0.25,1,0.001
H,24,midpoint_inrange,65,0.0032559728318891437,-0.00040424215998170754,0.0036602149918708513,0.25,1,0.001
H,24,dense_inrange,97,0.0032559728318891437,-0.00040424215998170754,0.0036602149918708513,0.25,1,0.001
H,25,default,41,0.0031916933849076776,-0.0003437483218852039,0.0035354417067928814,0.25,1,0.001
H,25,midpoint_inrange,65,0.0031916933849076776,-0.0003437483218852039,0.0035354417067928814,0.25,1,0.001
H,25,dense_inrange,97,0.0031916933849076776,-0.0003432386139298957,0.0035349319988375733,0.0625,1,0.001
H,26,default,41,0.0029853543632143223,-0.00032685176885201284,0.003312206132066335,0.0,1,0.001
H,26,midpoint_inrange,65,0.0029853543632143223,-0.00032685176885201284,0.003312206132066335,0.0,1,0.001
H,26,dense_inrange,97,0.0029853543632143223,-0.00032685176885201284,0.003312206132066335,0.0,1,0.001
H,27,default,41,0.0032387979720159346,-0.0003641472102992385,0.003602945182315173,0.0,1,0.001
H,27,midpoint_inrange,65,0.0032387979720159346,-0.0003641472102992385,0.003602945182315173,0.0,1,0.001
H,27,dense_inrange,97,0.0032387979720159346,-0.0003641472102992385,0.003602945182315173,0.0,1,0.001
H,28,default,41,0.003602945182315173,-0.00047054951456046434,0.0040734946968756375,0.0,1,0.001
H,28,midpoint_inrange,65,0.003602945182315173,-0.00047054951456046434,0.0040734946968756375,0.0,1,0.001
H,28,dense_inrange,97,0.003602945182315173,-0.00047054951456046434,0.0040734946968756375,0.0,1,0.001
H,29,default,41,0.003035235779247872,-0.00018996518305656324,0.003225200962304435,0.9999999999999998,1,0.001
H,29,midpoint_inrange,65,0.003035235779247872,-0.00018996518305656324,0.003225200962304435,0.9999999999999998,1,0.001
H,29,dense_inrange,97,0.003035235779247872,-0.00018996518305656324,0.003225200962304435,0.9999999999999998,1,0.001
H,30,default,41,0.0028539415808631063,-0.00014180625911189987,0.002995747839975006,0.0,1,0.001
H,30,midpoint_inrange,65,0.0028539415808631063,-0.00014180625911189987,0.002995747839975006,0.0,1,0.001
H,30,dense_inrange,97,0.0028539415808631063,-0.00014180625911189987,0.002995747839975006,0.0,1,0.001
H,31,default,41,0.0023924397454716806,-9.74205944270154e-05,0.002489860339898696,0.0,1,0.001
H,31,midpoint_inrange,65,0.0023924397454716806,-9.74205944270154e-05,0.002489860339898696,0.0,1,0.001
H,31,dense_inrange,97,0.0023924397454716806,-9.74205944270154e-05,0.002489860339898696,0.0,1,0.001
H,32,default,41,0.0022767663069654318,-5.7627585018447947e-05,0.0023343938919838797,0.0,1,0.001
H,32,midpoint_inrange,65,0.0022767663069654318,-5.7627585018447947e-05,0.0023343938919838797,0.0,1,0.001
H,32,dense_inrange,97,0.0022767663069654318,-5.7627585018447947e-05,0.0023343938919838797,0.0,1,0.001
H,33,default,41,0.0013511430618538822,9.903783253414206e-05,0.0012521052293197402,0.0,1,0.001
H,33,midpoint_inrange,65,0.0013511430618538822,9.903783253414206e-05,0.0012521052293197402,0.0,1,0.001
H,33,dense_inrange,97,0.0013511430618538822,9.903783253414206e-05,0.0012521052293197402,0.0,1,0.001
H,34,default,41,0.0012068767523358212,0.00010381558515257933,0.0011030611671832419,1.0,1,0.001
H,34,midpoint_inrange,65,0.0012068767523358212,0.00010635618227095717,0.001100520570064864,2.25,1,0.001
H,34,dense_inrange,97,0.0012068767523358212,0.00010635618227095717,0.001100520570064864,2.25,1,0.001
H,35,default,41,0.0010289491708403292,8.369107444900631e-05,0.0009452580963913229,0.25,1,0.001
H,35,midpoint_inrange,65,0.0010289491708403292,8.369107444900631e-05,0.0009452580963913229,0.25,1,0.001
H,35,dense_inrange,97,0.0010289491708403292,8.369107444900631e-05,0.0009452580963913229,0.25,1,0.001
H,36,default,41,0.0005383862094744951,5.3704965189721454e-05,0.00048468124428477366,0.0,0,0.001
H,36,midpoint_inrange,65,0.0005383862094744951,5.3704965189721454e-05,0.00048468124428477366,0.0,0,0.001
H,36,dense_inrange,97,0.0005383862094744951,5.3704965189721454e-05,0.00048468124428477366,0.0,0,0.001
H,37,default,41,0.00044877479604865655,-2.9789652181068382e-05,0.00047856444822972494,0.0,0,0.001
H,37,midpoint_inrange,65,0.00044877479604865655,-2.9789652181068382e-05,0.00047856444822972494,0.0,0,0.001
H,37,dense_inrange,97,0.00044877479604865655,-2.9789652181068382e-05,0.00047856444822972494,0.0,0,0.001
H,38,default,41,0.00047856444822972494,-9.210935592092462e-05,0.0005706738041506496,0.0,0,0.001
H,38,midpoint_inrange,65,0.00047856444822972494,-9.210935592092462e-05,0.0005706738041506496,0.0,0,0.001
H,38,dense_inrange,97,0.00047856444822972494,-9.210935592092462e-05,0.0005706738041506496,0.0,0,0.001
H,39,default,41,0.0005706738041506496,-0.0001456834840923918,0.0007163572882430413,0.24999999999999994,0,0.001
H,39,midpoint_inrange,65,0.0005706738041506496,-0.0001456834840923918,0.0007163572882430413,0.24999999999999994,0,0.001
H,39,dense_inrange,97,0.0005706738041506496,-0.00014451109207168356,0.0007151848962223331,0.062499999999999986,0,0.001
H,40,default,41,0.0007163572882430413,-0.00019300634044094184,0.0009093636286839832,0.0,0,0.001
H,40,midpoint_inrange,65,0.0007163572882430413,-0.00019300634044094184,0.0009093636286839832,0.0,0,0.001
H,40,dense_inrange,97,0.0007163572882430413,-0.00019300634044094184,0.0009093636286839832,0.0,0,0.001
H,41,default,41,0.0008974842875410158,-0.00022824958089943947,0.0011257338684404553,0.0,0,0.001
H,41,midpoint_inrange,65,0.0008974842875410158,-0.00022824958089943947,0.0011257338684404553,0.0,0,0.001
H,41,dense_inrange,97,0.0008974842875410158,-0.00022824958089943947,0.0011257338684404553,0.0,0,0.001
H,42,default,41,0.0011195083784193774,-0.0002761765264933727,0.00139568490491275,0.0,1,0.001
H,42,midpoint_inrange,65,0.0011195083784193774,-0.0002761765264933727,0.00139568490491275,0.0,1,0.001
H,42,dense_inrange,97,0.0011195083784193774,-0.0002761765264933727,0.00139568490491275,0.0,1,0.001
H,43,default,41,0.00139568490491275,-0.0003064656387415862,0.0017021505436543363,0.25,1,0.001
H,43,midpoint_inrange,65,0.00139568490491275,-0.0003064656387415862,0.0017021505436543363,0.25,1,0.001
H,43,dense_inrange,97,0.00139568490491275,-0.0002645186413234926,0.0016602035462362427,0.0625,1,0.001
H,44,default,41,0.0015827777620372602,-0.00025733571754764373,0.001840113479584904,4.0,1,0.001
H,44,midpoint_inrange,65,0.0015827777620372602,-0.00025733571754764373,0.001840113479584904,4.0,1,0.001
H,44,dense_inrange,97,0.0015827777620372602,-0.00025451992930183853,0.0018372976913390987,3.0625,1,0.001
H,45,default,41,0.001748641476692063,-0.00021089063899467492,0.001959532115686738,0.0,1,0.001
H,45,midpoint_inrange,65,0.001748641476692063,-0.00021089063899467492,0.001959532115686738,0.0,1,0.001
H,45,dense_inrange,97,0.001748641476692063,-0.00016213571995113418,0.0019107771966431972,0.0625,1,0.001
H,46,default,41,0.0017196762139164712,-0.00013644499401242044,0.0018561212079288916,0.0,1,0.001
H,46,midpoint_inrange,65,0.0017196762139164712,-0.00013644499401242044,0.0018561212079288916,0.0,1,0.001
H,46,dense_inrange,97,0.0017196762139164712,-0.00013644499401242044,0.0018561212079288916,0.0,1,0.001
H,47,default,41,0.001831625943361656,-0.00023448263767162497,0.002066108581033281,0.0,1,0.001
H,47,midpoint_inrange,65,0.001831625943361656,-0.00023448263767162497,0.002066108581033281,0.0,1,0.001
H,47,dense_inrange,97,0.001831625943361656,-0.00023448263767162497,0.002066108581033281,0.0,1,0.001
H,48,default,41,0.0018010443037402013,-0.00019895284241824157,0.001999997146158443,0.0,1,0.001
H,48,midpoint_inrange,65,0.0018010443037402013,-0.00019895284241824157,0.001999997146158443,0.0,1,0.001
H,48,dense_inrange,97,0.0018010443037402013,-0.00019191101888056672,0.001992955322620768,0.062499999999999986,1,0.001
H,49,default,41,0.001999997146158443,-0.00022331291155552185,0.0022233100577139647,15.999999999999996,1,0.001
H,49,midpoint_inrange,65,0.001999997146158443,-0.00022331291155552185,0.0022233100577139647,15.999999999999996,1,0.001
H,49,dense_inrange,97,0.001999997146158443,-0.00022331291155552185,0.0022233100577139647,15.999999999999996,1,0.001
H,50,default,41,0.0022233100577139647,-0.00025299089985880013,0.002476300957572765,0.0,1,0.001
H,50,midpoint_inrange,65,0.0022233100577139647,-0.00025299089985880013,0.002476300957572765,0.0,1,0.001
H,50,dense_inrange,97,0.0022233100577139647,-0.00025299089985880013,0.002476300957572765,0.0,1,0.001
H,51,default,41,0.0023215867448687436,-0.000294376370713334,0.0026159631155820776,0.0,1,0.001
H,51,midpoint_inrange,65,0.0023215867448687436,-0.000294376370713334,0.0026159631155820776,0.0,1,0.001
H,51,dense_inrange,97,0.0023215867448687436,-0.0002895240761009582,0.0026111108209697018,0.062499999999999986,1,0.001
H,52,default,41,0.0024917847762973705,-0.0003683848926559624,0.002860169668953333,0.0,1,0.001
H,52,midpoint_inrange,65,0.0024917847762973705,-0.0003683848926559624,0.002860169668953333,0.0,1,0.001
H,52,dense_inrange,97,0.0024917847762973705,-0.0003683848926559624,0.002860169668953333,0.0,1,0.001
H,53,default,41,0.0026730899493994514,-0.0004134410079213932,0.0030865309573208446,0.0,1,0.001
H,53,midpoint_inrange,65,0.0026730899493994514,-0.0004134410079213932,0.0030865309573208446,0.0,1,0.001
H,53,dense_inrange,97,0.0026730899493994514,-0.0004134410079213932,0.0030865309573208446,0.0,1,0.001
H,54,default,41,0.0030865309573208446,-0.0003786211805556494,0.003465152137876494,4.0,1,0.001
H,54,midpoint_inrange,65,0.0030865309573208446,-0.0003786211805556494,0.003465152137876494,4.0,1,0.001
H,54,dense_inrange,97,0.0030865309573208446,-0.0003786211805556494,0.003465152137876494,4.0,1,0.001
H,55,default,41,0.0033433668807421185,-0.0002168599595782847,0.003560226840320403,0.0,1,0.001
H,55,midpoint_inrange,65,0.0033433668807421185,-0.0002168599595782847,0.003560226840320403,0.0,1,0.001
H,55,dense_inrange,97,0.0033433668807421185,-0.0002168599595782847,0.003560226840320403,0.0,1,0.001
H,56,default,41,0.003267179317727298,-0.00020414262147548656,0.0034713219392027844,0.0,1,0.001
H,56,midpoint_inrange,65,0.003267179317727298,-0.00020414262147548656,0.0034713219392027844,0.0,1,0.001
H,56,dense_inrange,97,0.003267179317727298,-0.00020414262147548656,0.0034713219392027844,0.0,1,0.001
H,57,default,41,0.0030231799239374274,-0.0002433042238842581,0.0032664841478216855,0.0,1,0.001
H,57,midpoint_inrange,65,0.0030231799239374274,-0.0002433042238842581,0.0032664841478216855,0.0,1,0.001
H,57,dense_inrange,97,0.0030231799239374274,-0.0002312266765573459,0.0032544066004947733,0.062499999999999986,1,0.001
H,58,default,41,0.0029188238136924616,-0.00020243374528548103,0.0031212575589779426,0.24999999999999994,1,0.001
H,58,midpoint_inrange,65,0.0029188238136924616,-0.00020243374528548103,0.0031212575589779426,0.24999999999999994,1,0.001
H,58,dense_inrange,97,0.0029188238136924616,-0.00020243374528548103,0.0031212575589779426,0.24999999999999994,1,0.001
H,59,default,41,0.003016608787292631,-0.0003094252297522679,0.0033260340170448988,0.0,1,0.001
H,59,midpoint_inrange,65,0.003016608787292631,-0.0003094252297522679,0.0033260340170448988,0.0,1,0.001
H,59,dense_inrange,97,0.003016608787292631,-0.00030926631742184824,0.003325875104714479,0.062499999999999986,1,0.001
H,60,default,41,0.0031674159010478264,-0.00015742181810624034,0.003324837719154067,0.0,1,0.001
H,60,midpoint_inrange,65,0.0031674159010478264,-0.00015742181810624034,0.003324837719154067,0.0,1,0.001
H,60,dense_inrange,97,0.0031674159010478264,-0.00015742181810624034,0.003324837719154067,0.0,1,0.001
H,61,default,41,0.003086952867298799,-0.00016039551910872196,0.003247348386407521,0.0,1,0.001
H,61,midpoint_inrange,65,0.003086952867298799,-0.00016039551910872196,0.003247348386407521,0.0,1,0.001
H,61,dense_inrange,97,0.003086952867298799,-0.00016039551910872196,0.003247348386407521,0.0,1,0.001
H,62,default,41,0.0030418722714088686,-0.00022628072203213084,0.0032681529934409995,0.0,1,0.001
H,62,midpoint_inrange,65,0.0030418722714088686,-0.00022628072203213084,0.0032681529934409995,0.0,1,0.001
H,62,dense_inrange,97,0.0030418722714088686,-0.00022628072203213084,0.0032681529934409995,0.0,1,0.001
H,63,default,41,0.003223283299180549,-0.00020350293252277551,0.0034267862317033243,0.25,1,0.001
H,63,midpoint_inrange,65,0.003223283299180549,-0.00020350293252277551,0.0034267862317033243,0.25,1,0.001
H,63,dense_inrange,97,0.003223283299180549,-0.00020350293252277551,0.0034267862317033243,0.25,1,0.001
H,64,default,41,0.0034267862317033243,-0.0002735875162515472,0.0037003737479548715,9.0,1,0.001
H,64,midpoint_inrange,65,0.0034267862317033243,-0.0002735875162515472,0.0037003737479548715,9.0,1,0.001
H,64,dense_inrange,97,0.0034267862317033243,-0.0002735875162515472,0.0037003737479548715,9.0,1,0.001
H,65,default,41,0.003561732138253268,-0.00028166520070664613,0.003843397338959914,0.0,1,0.001
H,65,midpoint_inrange,65,0.003561732138253268,-0.00028166520070664613,0.003843397338959914,0.0,1,0.001
H,65,dense_inrange,97,0.003561732138253268,-0.00024384801121342392,0.003805580149466692,0.0625,1,0.001
H,66,default,41,0.0037515672803088013,-0.00034991139522263376,0.004101478675531435,0.0,1,0.001
H,66,midpoint_inrange,65,0.0037515672803088013,-0.00034991139522263376,0.004101478675531435,0.0,1,0.001
H,66,dense_inrange,97,0.0037515672803088013,-0.00034991139522263376,0.004101478675531435,0.0,1,0.001
H,67,default,41,0.0039039893435419484,-0.0004143400761250568,0.004318329419667005,0.0,1,0.001
H,67,midpoint_inrange,65,0.0039039893435419484,-0.0004143400761250568,0.004318329419667005,0.0,1,0.001
H,67,dense_inrange,97,0.0039039893435419484,-0.0004143400761250568,0.004318329419667005,0.0,1,0.001
H,68,default,41,0.004256569003680467,-0.0005185612139402968,0.004775130217620764,0.0,1,0.001
H,68,midpoint_inrange,65,0.004256569003680467,-0.0005185612139402968,0.004775130217620764,0.0,1,0.001
H,68,dense_inrange,97,0.004256569003680467,-0.0005185612139402968,0.004775130217620764,0.0,1,0.001
H,69,default,41,0.004775130217620764,-0.0006155666452205485,0.005390696862841313,0.0,1,0.001
H,69,midpoint_inrange,65,0.004775130217620764,-0.0006155666452205485,0.005390696862841313,0.0,1,0.001
H,69,dense_inrange,97,0.004775130217620764,-0.0006155666452205485,0.005390696862841313,0.0,1,0.001
H,70,default,41,0.005323603634182057,-0.0006231802569601763,0.0059467838911422335,0.0,1,0.001
H,70,midpoint_inrange,65,0.005323603634182057,-0.0006231802569601763,0.0059467838911422335,0.0,1,0.001
H,70,dense_inrange,97,0.005323603634182057,-0.0006231802569601763,0.0059467838911422335,0.0,1,0.001
H,71,default,41,0.005504730150488142,-0.0005783042429007776,0.00608303439338892,0.0,1,0.001
H,71,midpoint_inrange,65,0.005504730150488142,-0.0005783042429007776,0.00608303439338892,0.0,1,0.001
H,71,dense_inrange,97,0.005504730150488142,-0.0005550629451819902,0.006059793095670132,0.062499999999999986,1,0.001
H,72,default,41,0.005048834765932798,-0.0002941600824568069,0.005342994848389605,0.0,1,0.001
H,72,midpoint_inrange,65,0.005048834765932798,-0.0002941600824568069,0.005342994848389605,0.0,1,0.001
H,72,dense_inrange,97,0.005048834765932798,-0.0002941600824568069,0.005342994848389605,0.0,1,0.001
H,73,default,41,0.0052753345528010614,-0.00028352674649444187,0.005558861299295503,0.25,1,0.001
H,73,midpoint_inrange,65,0.0052753345528010614,-0.00028352674649444187,0.005558861299295503,0.25,1,0.001
H,73,dense_inrange,97,0.0052753345528010614,-0.00028352674649444187,0.005558861299295503,0.25,1,0.001
H,74,default,41,0.004621946620878899,-0.00024256154868498858,0.004864508169563887,0.0,1,0.001
H,74,midpoint_inrange,65,0.004621946620878899,-0.00024256154868498858,0.004864508169563887,0.0,1,0.001
H,74,dense_inrange,97,0.004621946620878899,-0.00024256154868498858,0.004864508169563887,0.0,1,0.001
H,75,default,41,0.004738118172767647,-0.00020802970515480107,0.004946147877922448,0.0,1,0.001
H,75,midpoint_inrange,65,0.004738118172767647,-0.00020802970515480107,0.004946147877922448,0.0,1,0.001
H,75,dense_inrange,97,0.004738118172767647,-0.00020802970515480107,0.004946147877922448,0.0,1,0.001
H,76,default,41,0.003920708478382599,0.00015578358362951933,0.00376492489475308,0.0,1,0.001
H,76,midpoint_inrange,65,0.003920708478382599,0.00015578358362951933,0.00376492489475308,0.0,1,0.001
H,76,dense_inrange,97,0.003920708478382599,0.00020711833056055035,0.003713590147822049,0.062499999999999986,1,0.001
H,77,default,41,0.0036856991728522956,0.0001145830631017336,0.003571116109750562,0.0,1,0.001
H,77,midpoint_inrange,65,0.0036856991728522956,0.0001145830631017336,0.003571116109750562,0.0,1,0.001
H,77,dense_inrange,97,0.0036856991728522956,0.0001145830631017336,0.003571116109750562,0.0,1,0.001
H,78,default,41,0.0035120737037256863,8.226640323246576e-05,0.0034298073004932206,0.0,1,0.001
H,78,midpoint_inrange,65,0.0035120737037256863,8.226640323246576e-05,0.0034298073004932206,0.0,1,0.001
H,78,dense_inrange,97,0.0035120737037256863,8.226640323246576e-05,0.0034298073004932206,0.0,1,0.001
H,79,default,41,0.003243894272273347,0.00010589952513663514,0.0031379947471367117,0.24999999999999994,1,0.001
H,79,midpoint_inrange,65,0.003243894272273347,0.00010589952513663514,0.0031379947471367117,0.24999999999999994,1,0.001
H,79,dense_inrange,97,0.003243894272273347,0.00010796390221053803,0.003135930370062809,0.5624999999999999,1,0.001
H,80,default,41,0.0029938612704395323,0.00011751960242793735,0.002876341668011595,0.0,1,0.001
H,80,midpoint_inrange,65,0.0029938612704395323,0.00011751960242793735,0.002876341668011595,0.0,1,0.001
H,80,dense_inrange,97,0.0029938612704395323,0.00012161905876476031,0.002872242211674772,0.062499999999999986,1,0.001
H,81,default,41,0.002680087153700189,3.190340179235612e-05,0.002648183751907833,0.0,1,0.001
H,81,midpoint_inrange,65,0.002680087153700189,3.190340179235612e-05,0.002648183751907833,0.0,1,0.001
H,81,dense_inrange,97,0.002680087153700189,3.190340179235612e-05,0.002648183751907833,0.0,1,0.001
H,82,default,41,0.002536824947226679,-1.7442531461464572e-05,0.0025542674786881436,0.0,1,0.001
H,82,midpoint_inrange,65,0.002536824947226679,-1.7442531461464572e-05,0.0025542674786881436,0.0,1,0.001
H,82,dense_inrange,97,0.002536824947226679,-1.7442531461464572e-05,0.0025542674786881436,0.0,1,0.001
H,83,default,41,0.0022410087879057225,-9.19737578854371e-05,0.0023329825457911596,0.25,1,0.001
H,83,midpoint_inrange,65,0.0022410087879057225,-9.19737578854371e-05,0.0023329825457911596,0.25,1,0.001
H,83,dense_inrange,97,0.0022410087879057225,-7.882726876988488e-05,0.0023198360566756074,0.0625,1,0.001
H,84,default,41,0.002051168001456105,-0.00019133010564929137,0.0022424981071053965,0.0,1,0.001
H,84,midpoint_inrange,65,0.002051168001456105,-0.00019133010564929137,0.0022424981071053965,0.0,1,0.001
H,84,dense_inrange,97,0.002051168001456105,-0.00017373105149486728,0.0022248990529509724,0.0625,1,0.001
H,85,default,41,0.0021830341537435877,-0.00026078696533834295,0.0024438211190819306,0.0,1,0.001
H,85,midpoint_inrange,65,0.0021830341537435877,-0.00026078696533834295,0.0024438211190819306,0.0,1,0.001
H,85,dense_inrange,97,0.0021830341537435877,-0.00026078696533834295,0.0024438211190819306,0.0,1,0.001
H,86,default,41,0.002325124596837265,-0.00032411221161612186,0.002649236808453387,0.0,1,0.001
H,86,midpoint_inrange,65,0.002325124596837265,-0.00032411221161612186,0.002649236808453387,0.0,1,0.001
H,86,dense_inrange,97,0.002325124596837265,-0.00032411221161612186,0.002649236808453387,0.0,1,0.001
H,87,default,41,0.002649236808453387,-0.000422168808964965,0.003071405617418352,0.0,1,0.001
H,87,midpoint_inrange,65,0.002649236808453387,-0.000422168808964965,0.003071405617418352,0.0,1,0.001
H,87,dense_inrange,97,0.002649236808453387,-0.000422168808964965,0.003071405617418352,0.0,1,0.001
H,88,default,41,0.0030091121457701334,-0.0005058238370435411,0.0035149359828136745,0.0,1,0.001
H,88,midpoint_inrange,65,0.0030091121457701334,-0.0005058238370435411,0.0035149359828136745,0.0,1,0.001
H,88,dense_inrange,97,0.0030091121457701334,-0.0004960949868166448,0.003505207132586778,0.062499999999999986,1,0.001
H,89,default,41,0.003374543081125024,-0.00048299269082836827,0.0038575357719533923,0.0,1,0.001
H,89,midpoint_inrange,65,0.003374543081125024,-0.00048299269082836827,0.0038575357719533923,0.0,1,0.001
H,89,dense_inrange,97,0.003374543081125024,-0.00047746626172757295,0.003852009342852597,0.062499999999999986,1,0.001
H,90,default,41,0.0035328819717818927,-0.00041783191408738263,0.003950713885869275,0.0,1,0.001
H,90,midpoint_inrange,65,0.0035328819717818927,-0.00041783191408738263,0.003950713885869275,0.0,1,0.001
H,90,dense_inrange,97,0.0035328819717818927,-0.00041783191408738263,0.003950713885869275,0.0,1,0.001
H,91,default,41,0.0038741808564196345,-0.0005120314837203724,0.004386212340140007,0.0,1,0.001
H,91,midpoint_inrange,65,0.0038741808564196345,-0.0005120314837203724,0.004386212340140007,0.0,1,0.001
H,91,dense_inrange,97,0.0038741808564196345,-0.0004970616626457994,0.004371242519065434,0.0625,1,0.001
H,92,default,41,0.0037639828117880594,-0.0003609791584088737,0.004124961970196933,0.25,1,0.001
H,92,midpoint_inrange,65,0.0037639828117880594,-0.0003609791584088737,0.004124961970196933,0.25,1,0.001
H,92,dense_inrange,97,0.0037639828117880594,-0.00033197565452471045,0.00409595846631277,0.0625,1,0.001
H,93,default,41,0.004124961970196933,-0.00036412107176099495,0.004489083041957928,0.25,1,0.001
H,93,midpoint_inrange,65,0.004124961970196933,-0.00036412107176099495,0.004489083041957928,0.25,1,0.001
H,93,dense_inrange,97,0.004124961970196933,-0.00036412107176099495,0.004489083041957928,0.25,1,0.001
H,94,default,41,0.003057177512151038,7.05699219789302e-05,0.002986607590172108,0.25,1,0.001
H,94,midpoint_inrange,65,0.003057177512151038,7.05699219789302e-05,0.002986607590172108,0.25,1,0.001
H,94,dense_inrange,97,0.003057177512151038,8.811473321961028e-05,0.0029690627789314278,0.5625,1,0.001
H,95,default,41,0.0026827421775178217,5.207900209380778e-05,0.002630663175424014,0.0,1,0.001
H,95,midpoint_inrange,65,0.0026827421775178217,5.207900209380778e-05,0.002630663175424014,0.0,1,0.001
H,95,dense_inrange,97,0.0026827421775178217,5.207900209380778e-05,0.002630663175424014,0.0,1,0.001
H,96,default,41,0.002437296939859314,-3.422043016908238e-05,0.0024715173700283963,0.0,1,0.001
H,96,midpoint_inrange,65,0.002437296939859314,-3.422043016908238e-05,0.0024715173700283963,0.0,1,0.001
H,96,dense_inrange,97,0.002437296939859314,-3.422043016908238e-05,0.0024715173700283963,0.0,1,0.001
H,97,default,41,0.0019041789710783213,1.0675915852000062e-05,0.0018935030552263213,0.0,1,0.001
H,97,midpoint_inrange,65,0.0019041789710783213,1.0675915852000062e-05,0.0018935030552263213,0.0,1,0.001
H,97,dense_inrange,97,0.0019041789710783213,1.0675915852000062e-05,0.0018935030552263213,0.0,1,0.001
H,98,default,41,0.0018573347677362587,8.54127612276434e-06,0.0018487934916134943,0.0,1,0.001
H,98,midpoint_inrange,65,0.0018573347677362587,8.54127612276434e-06,0.0018487934916134943,0.0,1,0.001
H,98,dense_inrange,97,0.0018573347677362587,2.671807750530969e-05,0.001830616690230949,0.0625,1,0.001
H,99,default,41,0.0018487934916134943,-7.342462184296156e-05,0.0019222181134564559,0.0,1,0.001
H,99,midpoint_inrange,65,0.0018487934916134943,-7.342462184296156e-05,0.0019222181134564559,0.0,1,0.001
H,99,dense_inrange,97,0.0018487934916134943,-7.342462184296156e-05,0.0019222181134564559,0.0,1,0.001
