system,controller,eval_strength,noise_case,gamma_phi,gamma_relax,seed,final_fidelity,final_leakage,max_leakage,tail_infidelity_mean,final_purity,pulse_energy,segments,training_seconds,training_objective,optimizer_iterations,optimizer_success
five_level_weak_anharmonic,open_leakage_path_seed,0.03,static_only,0.0,0.0,10,0.9385594302258522,0.0442467840959867,0.04834731393124225,0.13188602034729044,0.9999998929561222,0.0013843749999999998,120,67.32922316598706,,,
five_level_weak_anharmonic,open_leakage_path_seed,0.03,static_only,0.0,0.0,11,0.7670929036634855,0.04609719969595172,0.050571120097872124,0.1159487019466316,0.9999997988611964,0.0013843749999999998,120,67.32922316598706,,,
five_level_weak_anharmonic,open_leakage_path_seed,0.03,static_only,0.0,0.0,12,0.800772660557086,0.042079282664754136,0.04397017071811793,0.11385828502018466,0.9999998361987751,0.0013843749999999998,120,67.32922316598706,,,
five_level_weak_anharmonic,open_leakage_path_seed,0.03,static_only,0.0,0.0,13,0.5210049001012788,0.02402228210837143,0.025534061204040892,0.5129517759635257,0.9999999454460391,0.0013843749999999998,120,67.32922316598706,,,
five_level_weak_anharmonic,open_leakage_path_seed,0.03,static_only,0.0,0.0,14,0.6874798154182011,0.028205780652755252,0.0300571019663316,0.3333036117538011,0.9999999242390858,0.0013843749999999998,120,67.32922316598706,,,
five_level_weak_anharmonic,open_leakage_path_seed,0.03,static_only,0.0,0.0,15,0.913352886140659,0.055139534309706306,0.061032155136744204,0.08418080625253001,0.9999998222340329,0.0013843749999999998,120,67.32922316598706,,,
five_level_weak_anharmonic,open_leakage_path_seed,0.03,static_only,0.0,0.0,16,0.8630785865184628,0.05074503166952993,0.054371142348127566,0.06875192418405715,0.9999998165240375,0.0013843749999999998,120,67.32922316598706,,,
five_level_weak_anharmonic,open_leakage_path_seed,0.03,static_only,0.0,0.0,17,0.9448073163456742,0.038801589996633856,0.04326864571648059,0.10539409921830582,0.9999998880700692,0.0013843749999999998,120,67.32922316598706,,,
five_level_weak_anharmonic,open_leakage_path_seed,0.03,static_only,0.0,0.0,18,0.9156054761200509,0.054184327052104186,0.054898103801933607,0.1238107882733133,0.999999878101818,0.0013843749999999998,120,67.32922316598706,,,
five_level_weak_anharmonic,open_leakage_path_seed,0.03,static_only,0.0,0.0,19,0.8161722518844072,0.03415074786434669,0.03871145318278024,0.09541641335476549,0.9999998735629022,0.0013843749999999998,120,67.32922316598706,,,
five_level_weak_anharmonic,open_leakage_path_seed,0.03,static_only,0.0,0.0,20,0.900821467528843,0.054709962256766054,0.05721063776738666,0.07019797745662576,0.999999880693482,0.0013843749999999998,120,67.32922316598706,,,
five_level_weak_anharmonic,open_leakage_path_seed,0.03,static_only,0.0,0.0,21,0.9192366710578953,0.03808217868107455,0.04383324822677126,0.04747327468145988,0.9999998715798559,0.0013843749999999998,120,67.32922316598706,,,
five_level_weak_anharmonic,open_leakage_path_seed,0.03,static_only,0.0,0.0,22,0.9119854332044961,0.0408344654938243,0.045158166501615304,0.05199998696156542,0.999999861573619,0.0013843749999999998,120,67.32922316598706,,,
five_level_weak_anharmonic,open_leakage_path_seed,0.03,static_only,0.0,0.0,23,0.9064179633873213,0.045410076329983284,0.04791916280425257,0.08072717360135527,0.9999998762196693,0.0013843749999999998,120,67.32922316598706,,,
five_level_weak_anharmonic,open_leakage_path_seed,0.03,static_only,0.0,0.0,24,0.8420216361065859,0.02559764272158649,0.034757861175422566,0.15073220713937496,0.9999998788808018,0.0013843749999999998,120,67.32922316598706,,,
five_level_weak_anharmonic,open_leakage_path_seed,0.03,static_only,0.0,0.0,25,0.8257012083104096,0.04053702640648449,0.04370513738154291,0.1626626042796547,0.9999998756901294,0.0013843749999999998,120,67.32922316598706,,,
five_level_weak_anharmonic,open_leakage_path_seed,0.03,static_only,0.0,0.0,26,0.9046966608983575,0.0577231637567861,0.0577231637567861,0.11440784863659814,0.9999998599060711,0.0013843749999999998,120,67.32922316598706,,,
five_level_weak_anharmonic,open_leakage_path_seed,0.03,static_only,0.0,0.0,27,0.8670756228003252,0.04000104334015886,0.043974744024457446,0.16083117914798944,0.9999998965659617,0.0013843749999999998,120,67.32922316598706,,,
five_level_weak_anharmonic,open_leakage_path_seed,0.03,static_only,0.0,0.0,28,0.909072612728995,0.058489386980214,0.0644444156127103,0.06077172555907381,0.9999998065015004,0.0013843749999999998,120,67.32922316598706,,,
five_level_weak_anharmonic,open_leakage_path_seed,0.03,static_only,0.0,0.0,29,0.946434762580584,0.049140573726391135,0.05107110123938008,0.08694053986128827,0.9999998738884137,0.0013843749999999998,120,67.32922316598706,,,
five_level_weak_anharmonic,open_leakage_path_seed,0.03,static_only,0.0,0.0,30,0.8294908478263073,0.038936828162260406,0.03997833656191607,0.22770251809118797,0.9999999138345802,0.0013843749999999998,120,67.32922316598706,,,
five_level_weak_anharmonic,open_leakage_path_seed,0.03,static_only,0.0,0.0,31,0.8081248057560041,0.037567194889427835,0.0477588780765561,0.1063739960918792,0.9999998188833742,0.0013843749999999998,120,67.32922316598706,,,
five_level_weak_anharmonic,open_leakage_path_seed,0.03,static_only,0.0,0.0,32,0.8095284756011647,0.037090347774460186,0.04172199473971361,0.09899587571183549,0.9999998189839673,0.0013843749999999998,120,67.32922316598706,,,
five_level_weak_anharmonic,open_leakage_path_seed,0.03,static_only,0.0,0.0,33,0.814501217299735,0.03838123859434606,0.038428776181931745,0.26074730010869623,0.9999999329445137,0.0013843749999999998,120,67.32922316598706,,,
five_level_weak_anharmonic,open_leakage_path_seed,0.03,static_only,0.0,0.0,34,0.8391474522627522,0.05494725442088422,0.05500974768966582,0.17137630120239006,0.9999998759832843,0.0013843749999999998,120,67.32922316598706,,,
five_level_weak_anharmonic,open_leakage_path_seed,0.03,static_only,0.0,0.0,35,0.9163613272693122,0.062171300607442914,0.06576452373896413,0.08783146993431164,0.9999998521123361,0.0013843749999999998,120,67.32922316598706,,,
five_level_weak_anharmonic,open_leakage_path_seed,0.03,static_only,0.0,0.0,36,0.8387149609369838,0.0421829534819933,0.04784064653993936,0.08684233217420159,0.999999821545023,0.0013843749999999998,120,67.32922316598706,,,
five_level_weak_anharmonic,open_leakage_path_seed,0.03,static_only,0.0,0.0,37,0.8873308609188368,0.037885337993870394,0.04251599768719638,0.19999773682816818,0.9999999064149222,0.0013843749999999998,120,67.32922316598706,,,
five_level_weak_anharmonic,open_leakage_path_seed,0.03,static_only,0.0,0.0,38,0.7253882898057549,0.022758768241234018,0.023795789638172304,0.3326186242769021,0.999999947815384,0.0013843749999999998,120,67.32922316598706,,,
five_level_weak_anharmonic,open_leakage_path_seed,0.03,static_only,0.0,0.0,39,0.8495852394980558,0.04088318220625187,0.05229929669742772,0.10411506475746309,0.9999998100198201,0.0013843749999999998,120,67.32922316598706,,,
five_level_weak_anharmonic,open_leakage_path_seed,0.03,static_only,0.0,0.0,40,0.9306674291038217,0.05450554518659645,0.05693588735168409,0.06140509535418176,0.9999998488812938,0.0013843749999999998,120,67.32922316598706,,,
five_level_weak_anharmonic,open_leakage_path_seed,0.03,static_only,0.0,0.0,41,0.885563652916104,0.047810279162057046,0.050904559195759314,0.06733246697703245,0.9999998629281857,0.0013843749999999998,120,67.32922316598706,,,
five_level_weak_anharmonic,open_leakage_path_seed,0.03,static_only,0.0,0.0,42,0.8712708006419744,0.05168535341241154,0.05168535341241154,0.1640212086457615,0.9999999026394203,0.0013843749999999998,120,67.32922316598706,,,
five_level_weak_anharmonic,open_leakage_path_seed,0.03,static_only,0.0,0.0,43,0.8316593954052589,0.035531149545943275,0.04027005600462219,0.11839408796622206,0.9999998655833929,0.0013843749999999998,120,67.32922316598706,,,
five_level_weak_anharmonic,open_leakage_path_seed,0.03,static_only,0.0,0.0,44,0.6726877086293164,0.027029729638023525,0.029771577146876282,0.4130765789981287,0.9999999454511616,0.0013843749999999998,120,67.32922316598706,,,
five_level_weak_anharmonic,open_leakage_path_seed,0.03,static_only,0.0,0.0,45,0.8649523049516455,0.04848195081676021,0.053443012763449094,0.15208708797274298,0.9999998676705028,0.0013843749999999998,120,67.32922316598706,,,
five_level_weak_anharmonic,open_leakage_path_seed,0.03,static_only,0.0,0.0,46,0.7838628001412463,0.03534165010293622,0.038443431135139816,0.10160758619461548,0.9999998516604384,0.0013843749999999998,120,67.32922316598706,,,
five_level_weak_anharmonic,open_leakage_path_seed,0.03,static_only,0.0,0.0,47,0.9061463952814123,0.038526054313907765,0.04949987258447064,0.058028079342822655,0.9999998474503957,0.0013843749999999998,120,67.32922316598706,,,
five_level_weak_anharmonic,open_leakage_path_seed,0.03,static_only,0.0,0.0,48,0.5599218072894847,0.024110939208806137,0.04404342720990695,0.2638505588974588,0.9999997892742235,0.0013843749999999998,120,67.32922316598706,,,
five_level_weak_anharmonic,open_leakage_path_seed,0.03,static_only,0.0,0.0,49,0.9076089585240091,0.04061471930772054,0.04937550421478876,0.059345573129620154,0.9999998308444873,0.0013843749999999998,120,67.32922316598706,,,
five_level_weak_anharmonic,open_leakage_path_seed,0.03,static_only,0.0,0.0,50,0.8791013487612541,0.0444309712190325,0.050013580146498704,0.1401343179856609,0.9999998642577075,0.0013843749999999998,120,67.32922316598706,,,
five_level_weak_anharmonic,open_leakage_path_seed,0.03,static_only,0.0,0.0,51,0.9397075845766638,0.05793943662310941,0.05933784067013925,0.0688831411987662,0.9999998599754223,0.0013843749999999998,120,67.32922316598706,,,
five_level_weak_anharmonic,open_leakage_path_seed,0.03,static_only,0.0,0.0,52,0.8720193374249984,0.03634400524377335,0.04425972910433995,0.06925837642089354,0.99999984369447,0.0013843749999999998,120,67.32922316598706,,,
five_level_weak_anharmonic,open_leakage_path_seed,0.03,static_only,0.0,0.0,53,0.7602410548213806,0.03994610271573873,0.040169600271320216,0.20987960927911722,0.9999998795874339,0.0013843749999999998,120,67.32922316598706,,,
five_level_weak_anharmonic,open_leakage_path_seed,0.03,static_only,0.0,0.0,54,0.7908553767693389,0.04104008554809524,0.044307051516644935,0.16437885307102035,0.9999998495927317,0.0013843749999999998,120,67.32922316598706,,,
five_level_weak_anharmonic,open_leakage_path_seed,0.03,static_only,0.0,0.0,55,0.6704906880135763,0.035876396386643306,0.03929077364330391,0.3861887766210683,0.9999999230552395,0.0013843749999999998,120,67.32922316598706,,,
five_level_weak_anharmonic,open_leakage_path_seed,0.03,static_only,0.0,0.0,56,0.8457233064283293,0.03457471302365456,0.04927398353636714,0.09576262337791835,0.999999854970905,0.0013843749999999998,120,67.32922316598706,,,
five_level_weak_anharmonic,open_leakage_path_seed,0.03,static_only,0.0,0.0,57,0.9252092849344421,0.06392877091362126,0.0695993627921292,0.10931122863029163,0.9999998464765003,0.0013843749999999998,120,67.32922316598706,,,
five_level_weak_anharmonic,open_leakage_path_seed,0.03,static_only,0.0,0.0,58,0.8902608463597428,0.03449232292203119,0.04110604073238466,0.06895778118105773,0.9999998493872527,0.0013843749999999998,120,67.32922316598706,,,
five_level_weak_anharmonic,open_leakage_path_seed,0.03,static_only,0.0,0.0,59,0.6805465576275876,0.035152909807474986,0.044785517730376756,0.178046650613628,0.9999997895509304,0.0013843749999999998,120,67.32922316598706,,,
five_level_weak_anharmonic,open_leakage_path_seed,0.03,deph_0.001,0.001,0.0,10,0.9296954633005995,0.044879142430861996,0.04873272277382701,0.13877965794717934,0.9802114419392116,0.0013843749999999998,120,67.32922316598706,,,
five_level_weak_anharmonic,open_leakage_path_seed,0.03,deph_0.001,0.001,0.0,11,0.7633061857803081,0.04657282807536833,0.05097618039813456,0.12150600462849157,0.9838724033038208,0.0013843749999999998,120,67.32922316598706,,,
five_level_weak_anharmonic,open_leakage_path_seed,0.03,deph_0.001,0.001,0.0,12,0.7959999966496881,0.042696351952669076,0.044402986385059906,0.12028232716359367,0.9826633302706108,0.0013843749999999998,120,67.32922316598706,,,
five_level_weak_anharmonic,open_leakage_path_seed,0.03,deph_0.001,0.001,0.0,13,0.521722278539412,0.024687245345489606,0.02603312979012906,0.5117428761976166,0.9752947128698027,0.0013843749999999998,120,67.32922316598706,,,
five_level_weak_anharmonic,open_leakage_path_seed,0.03,deph_0.001,0.001,0.0,14,0.685048676686088,0.028627441285943522,0.03039181219168574,0.3350461322537164,0.9765023313706676,0.0013843749999999998,120,67.32922316598706,,,
five_level_weak_anharmonic,open_leakage_path_seed,0.03,deph_0.001,0.001,0.0,15,0.905663471885199,0.05611308059948528,0.06123634492476204,0.09097904060628054,0.9826694965384848,0.0013843749999999998,120,67.32922316598706,,,
five_level_weak_anharmonic,open_leakage_path_seed,0.03,deph_0.001,0.001,0.0,16,0.8572457190724978,0.05116178743895183,0.05474424758581886,0.0754630066751148,0.9840642355805077,0.0013843749999999998,120,67.32922316598706,,,
five_level_weak_anharmonic,open_leakage_path_seed,0.03,deph_0.001,0.001,0.0,17,0.9369754442209142,0.03961775505303944,0.04389895353663498,0.11172483963817084,0.9823065782188032,0.0013843749999999998,120,67.32922316598706,,,
five_level_weak_anharmonic,open_leakage_path_seed,0.03,deph_0.001,0.001,0.0,18,0.9082163360081495,0.054514633580782235,0.05520504492668998,0.13013511043537435,0.9811031983562007,0.0013843749999999998,120,67.32922316598706,,,
five_level_weak_anharmonic,open_leakage_path_seed,0.03,deph_0.001,0.001,0.0,19,0.8114906165980664,0.034643859531643395,0.03907996454383389,0.10143785742335741,0.9839219933684142,0.0013843749999999998,120,67.32922316598706,,,
five_level_weak_anharmonic,open_leakage_path_seed,0.03,deph_0.001,0.001,0.0,20,0.8940835661785586,0.05467215553095395,0.057107208227126005,0.0774215625958803,0.9833280835660322,0.0013843749999999998,120,67.32922316598706,,,
five_level_weak_anharmonic,open_leakage_path_seed,0.03,deph_0.001,0.001,0.0,21,0.9124815099101631,0.03847923125966668,0.04400534739886475,0.05434408628403787,0.9847071956583419,0.0013843749999999998,120,67.32922316598706,,,
five_level_weak_anharmonic,open_leakage_path_seed,0.03,deph_0.001,0.001,0.0,22,0.9050171858499589,0.04142327870193985,0.045614648264050595,0.05890872174812871,0.9843457423180604,0.0013843749999999998,120,67.32922316598706,,,
five_level_weak_anharmonic,open_leakage_path_seed,0.03,deph_0.001,0.001,0.0,23,0.8998118306071113,0.04557539442215397,0.04800698431979877,0.08709340287420522,0.9829087062993938,0.0013843749999999998,120,67.32922316598706,,,
five_level_weak_anharmonic,open_leakage_path_seed,0.03,deph_0.001,0.001,0.0,24,0.8365645643815748,0.02658283934190475,0.03482607195157805,0.1555548481377023,0.9810388268245125,0.0013843749999999998,120,67.32922316598706,,,
five_level_weak_anharmonic,open_leakage_path_seed,0.03,deph_0.001,0.001,0.0,25,0.8206032875937695,0.040959094287493225,0.0440284629726001,0.16734290119453366,0.9805666994548515,0.0013843749999999998,120,67.32922316598706,,,
five_level_weak_anharmonic,open_leakage_path_seed,0.03,deph_0.001,0.001,0.0,26,0.8977261315677109,0.05784578922502304,0.05784578922502304,0.12083090478685157,0.9810533311651571,0.0013843749999999998,120,67.32922316598706,,,
five_level_weak_anharmonic,open_leakage_path_seed,0.03,deph_0.001,0.001,0.0,27,0.8613025611855841,0.04043438157130563,0.04418312909373079,0.16560230993111386,0.9803432800988618,0.0013843749999999998,120,67.32922316598706,,,
five_level_weak_anharmonic,open_leakage_path_seed,0.03,deph_0.001,0.001,0.0,28,0.902031091733823,0.05872152756003102,0.06441905357085409,0.06801585680645257,0.9828459074784778,0.0013843749999999998,120,67.32922316598706,,,
five_level_weak_anharmonic,open_leakage_path_seed,0.03,deph_0.001,0.001,0.0,29,0.9387150384014841,0.04910733516035204,0.050940787053860626,0.09389461163929572,0.9818449968004709,0.0013843749999999998,120,67.32922316598706,,,
five_level_weak_anharmonic,open_leakage_path_seed,0.03,deph_0.001,0.001,0.0,30,0.8243545738749936,0.039084484742372805,0.04010136416494703,0.23172799307149614,0.9790298241474458,0.0013843749999999998,120,67.32922316598706,,,
five_level_weak_anharmonic,open_leakage_path_seed,0.03,deph_0.001,0.001,0.0,31,0.8031507223575061,0.038363978107769814,0.04790544527384266,0.11192366713286102,0.9836682681782969,0.0013843749999999998,120,67.32922316598706,,,
five_level_weak_anharmonic,open_leakage_path_seed,0.03,deph_0.001,0.001,0.0,32,0.8047427608814474,0.037782591645152186,0.042354423638729766,0.10472508200352669,0.9843909783710978,0.0013843749999999998,120,67.32922316598706,,,
five_level_weak_anharmonic,open_leakage_path_seed,0.03,deph_0.001,0.001,0.0,33,0.80911098588518,0.038799453945625784,0.038799453945625784,0.26458760182989205,0.9786322603436362,0.0013843749999999998,120,67.32922316598706,,,
five_level_weak_anharmonic,open_leakage_path_seed,0.03,deph_0.001,0.001,0.0,34,0.8335937390665887,0.05516018281416668,0.055240349859181914,0.17650096505773002,0.9793306754985547,0.0013843749999999998,120,67.32922316598706,,,
five_level_weak_anharmonic,open_leakage_path_seed,0.03,deph_0.001,0.001,0.0,35,0.9086702303559582,0.06228063260861294,0.06568769436393007,0.0951983562408126,0.9826644005601929,0.0013843749999999998,120,67.32922316598706,,,
five_level_weak_anharmonic,open_leakage_path_seed,0.03,deph_0.001,0.001,0.0,36,0.8336821082580186,0.04246004225355715,0.047919755102191264,0.09269662744961271,0.9840606820313155,0.0013843749999999998,120,67.32922316598706,,,
five_level_weak_anharmonic,open_leakage_path_seed,0.03,deph_0.001,0.001,0.0,37,0.8800875022282163,0.03889479674198093,0.04327657433939269,0.20519950576208815,0.9806508188808502,0.0013843749999999998,120,67.32922316598706,,,
five_level_weak_anharmonic,open_leakage_path_seed,0.03,deph_0.001,0.001,0.0,38,0.7224867610444885,0.022995997505294463,0.02397057045534634,0.33449702071404397,0.9776737821768176,0.0013843749999999998,120,67.32922316598706,,,
five_level_weak_anharmonic,open_leakage_path_seed,0.03,deph_0.001,0.001,0.0,39,0.8435244557639592,0.04191310782404567,0.052366119848243464,0.11008117513088206,0.9828248793799916,0.0013843749999999998,120,67.32922316598706,,,
five_level_weak_anharmonic,open_leakage_path_seed,0.03,deph_0.001,0.001,0.0,40,0.9232909725701782,0.05477272504237807,0.05713557992331009,0.06856033343810619,0.9832922587089923,0.0013843749999999998,120,67.32922316598706,,,
five_level_weak_anharmonic,open_leakage_path_seed,0.03,deph_0.001,0.001,0.0,41,0.8791707289623462,0.04810419500155505,0.051133737527482404,0.07436169831421395,0.9839912316092161,0.0013843749999999998,120,67.32922316598706,,,
five_level_weak_anharmonic,open_leakage_path_seed,0.03,deph_0.001,0.001,0.0,42,0.8651389290321131,0.05154034746118619,0.05154034746118619,0.16941035759951434,0.9794927869656718,0.0013843749999999998,120,67.32922316598706,,,
five_level_weak_anharmonic,open_leakage_path_seed,0.03,deph_0.001,0.001,0.0,43,0.8266435813084452,0.03595929347536053,0.040539604744567526,0.12357024845777366,0.9829752527958436,0.0013843749999999998,120,67.32922316598706,,,
five_level_weak_anharmonic,open_leakage_path_seed,0.03,deph_0.001,0.001,0.0,44,0.6697225111504788,0.027563487318933433,0.030049247925246325,0.41448332213950934,0.9763225191653958,0.0013843749999999998,120,67.32922316598706,,,
five_level_weak_anharmonic,open_leakage_path_seed,0.03,deph_0.001,0.001,0.0,45,0.8587748614195037,0.04903645547224178,0.05366214931629698,0.1572533526024136,0.979758645697619,0.0013843749999999998,120,67.32922316598706,,,
five_level_weak_anharmonic,open_leakage_path_seed,0.03,deph_0.001,0.001,0.0,46,0.78031421714174,0.035629231309412424,0.03872722267454387,0.10705896736864386,0.9845976509448415,0.0013843749999999998,120,67.32922316598706,,,
five_level_weak_anharmonic,open_leakage_path_seed,0.03,deph_0.001,0.001,0.0,47,0.899381739350117,0.039395732159416386,0.04955201023285838,0.06472030223026425,0.984416097491952,0.0013843749999999998,120,67.32922316598706,,,
five_level_weak_anharmonic,open_leakage_path_seed,0.03,deph_0.001,0.001,0.0,48,0.56046041713002,0.024984055850988618,0.0441215063193523,0.26628431015396015,0.9817338202709653,0.0013843749999999998,120,67.32922316598706,,,
five_level_weak_anharmonic,open_leakage_path_seed,0.03,deph_0.001,0.001,0.0,49,0.900650524200957,0.04164024416761258,0.049735977735207104,0.06604474006906787,0.9843444068862084,0.0013843749999999998,120,67.32922316598706,,,
five_level_weak_anharmonic,open_leakage_path_seed,0.03,deph_0.001,0.001,0.0,50,0.8726650653701865,0.045198673589375904,0.05049210828418893,0.14544196885680857,0.9806748281505087,0.0013843749999999998,120,67.32922316598706,,,
five_level_weak_anharmonic,open_leakage_path_seed,0.03,deph_0.001,0.001,0.0,51,0.9320083455590766,0.058181109505608175,0.05952171829251662,0.07607426646930665,0.9832975955018403,0.0013843749999999998,120,67.32922316598706,,,
five_level_weak_anharmonic,open_leakage_path_seed,0.03,deph_0.001,0.001,0.0,52,0.8658091727564092,0.03720874274190211,0.04446340879664157,0.07590348679751183,0.9840532249861715,0.0013843749999999998,120,67.32922316598706,,,
five_level_weak_anharmonic,open_leakage_path_seed,0.03,deph_0.001,0.001,0.0,53,0.7563736417335333,0.04031223879108703,0.04063354019968013,0.21381737606525447,0.9794680549239712,0.0013843749999999998,120,67.32922316598706,,,
five_level_weak_anharmonic,open_leakage_path_seed,0.03,deph_0.001,0.001,0.0,54,0.7862342447496456,0.04157862990184025,0.044755431903480636,0.1691319267784414,0.9808771031162011,0.0013843749999999998,120,67.32922316598706,,,
five_level_weak_anharmonic,open_leakage_path_seed,0.03,deph_0.001,0.001,0.0,55,0.6678675890464907,0.036528375476420516,0.03959252335894514,0.3875454566806299,0.9752685027975865,0.0013843749999999998,120,67.32922316598706,,,
five_level_weak_anharmonic,open_leakage_path_seed,0.03,deph_0.001,0.001,0.0,56,0.839885148504509,0.035483167406582417,0.04915968806413806,0.10187304011182802,0.983643588158155,0.0013843749999999998,120,67.32922316598706,,,
five_level_weak_anharmonic,open_leakage_path_seed,0.03,deph_0.001,0.001,0.0,57,0.9175726746843882,0.06447807440396791,0.06975842537252985,0.11563253290956346,0.9819496251709796,0.0013843749999999998,120,67.32922316598706,,,
five_level_weak_anharmonic,open_leakage_path_seed,0.03,deph_0.001,0.001,0.0,58,0.8842225896013572,0.034942489653918996,0.04126771633626458,0.07499742428807565,0.984334691691955,0.0013843749999999998,120,67.32922316598706,,,
five_level_weak_anharmonic,open_leakage_path_seed,0.03,deph_0.001,0.001,0.0,59,0.6786087762430321,0.03593483800803288,0.04519883612397324,0.18227587498363593,0.9825172121181021,0.0013843749999999998,120,67.32922316598706,,,
five_level_weak_anharmonic,open_leakage_path_seed,0.03,relax_0.0005,0.0,0.0005,10,0.929741732910027,0.04391021269847595,0.0478910183704887,0.13981824970067536,0.9855773826097194,0.0013843749999999998,120,67.32922316598706,,,
five_level_weak_anharmonic,open_leakage_path_seed,0.03,relax_0.0005,0.0,0.0005,11,0.7631972895501901,0.04578660022098202,0.0502193143030667,0.12166556782536887,0.9748538068349332,0.0013843749999999998,120,67.32922316598706,,,
five_level_weak_anharmonic,open_leakage_path_seed,0.03,relax_0.0005,0.0,0.0005,12,0.79313498140177,0.04171533587516263,0.043517628304497014,0.12185248921658147,0.9776369759246728,0.0013843749999999998,120,67.32922316598706,,,
five_level_weak_anharmonic,open_leakage_path_seed,0.03,relax_0.0005,0.0,0.0005,13,0.520429402512739,0.023987719403278485,0.0254395288429079,0.5145173166424626,0.9952580231420733,0.0013843749999999998,120,67.32922316598706,,,
five_level_weak_anharmonic,open_leakage_path_seed,0.03,relax_0.0005,0.0,0.0005,14,0.6852191477884585,0.028067568278904664,0.029873034755361738,0.3366718557857833,0.9899632168288761,0.0013843749999999998,120,67.32922316598706,,,
five_level_weak_anharmonic,open_leakage_path_seed,0.03,relax_0.0005,0.0,0.0005,15,0.9065592854141293,0.05490580706812842,0.06034132097143041,0.09108294505500641,0.9805539663962959,0.0013843749999999998,120,67.32922316598706,,,
five_level_weak_anharmonic,open_leakage_path_seed,0.03,relax_0.0005,0.0,0.0005,16,0.8569659877652989,0.050366760163054414,0.05396441873121338,0.07583040562492802,0.976348440092912,0.0013843749999999998,120,67.32922316598706,,,
five_level_weak_anharmonic,open_leakage_path_seed,0.03,relax_0.0005,0.0,0.0005,17,0.9364799845527776,0.03861193415589537,0.04298211769931781,0.11281822063826354,0.9839866842640934,0.0013843749999999998,120,67.32922316598706,,,
five_level_weak_anharmonic,open_leakage_path_seed,0.03,relax_0.0005,0.0,0.0005,18,0.908231031517896,0.053708887362325264,0.05442794323207645,0.13087447072239905,0.9847656825841892,0.0013843749999999998,120,67.32922316598706,,,
five_level_weak_anharmonic,open_leakage_path_seed,0.03,relax_0.0005,0.0,0.0005,19,0.808647232632548,0.03390344877025009,0.038397516380373586,0.1033781923627602,0.9763243903819119,0.0013843749999999998,120,67.32922316598706,,,
five_level_weak_anharmonic,open_leakage_path_seed,0.03,relax_0.0005,0.0,0.0005,20,0.8919994238798226,0.054057483114224536,0.05653847364224962,0.07884483880189076,0.9785525071550737,0.0013843749999999998,120,67.32922316598706,,,
five_level_weak_anharmonic,open_leakage_path_seed,0.03,relax_0.0005,0.0,0.0005,21,0.9110613785720394,0.03775644099594144,0.04339534331452344,0.055659676609755356,0.9772651614624145,0.0013843749999999998,120,67.32922316598706,,,
five_level_weak_anharmonic,open_leakage_path_seed,0.03,relax_0.0005,0.0,0.0005,22,0.9047361854615077,0.04059574674317534,0.04483578276562594,0.05975642394520379,0.9770345810484157,0.0013843749999999998,120,67.32922316598706,,,
five_level_weak_anharmonic,open_leakage_path_seed,0.03,relax_0.0005,0.0,0.0005,23,0.900346039886649,0.04498076594853384,0.04746676620744783,0.08744634626337273,0.9804516123645126,0.0013843749999999998,120,67.32922316598706,,,
five_level_weak_anharmonic,open_leakage_path_seed,0.03,relax_0.0005,0.0,0.0005,24,0.8372772634819309,0.025659510921208994,0.03441101532329571,0.15617212237544476,0.9830514002845052,0.0013843749999999998,120,67.32922316598706,,,
five_level_weak_anharmonic,open_leakage_path_seed,0.03,relax_0.0005,0.0,0.0005,25,0.8213318138778165,0.04027208799969151,0.04338581643158723,0.1679734640413459,0.983489952538061,0.0013843749999999998,120,67.32922316598706,,,
five_level_weak_anharmonic,open_leakage_path_seed,0.03,relax_0.0005,0.0,0.0005,26,0.8980934874922638,0.05718614061634997,0.05718614061634997,0.12121735135857246,0.9839123163529864,0.0013843749999999998,120,67.32922316598706,,,
five_level_weak_anharmonic,open_leakage_path_seed,0.03,relax_0.0005,0.0,0.0005,27,0.8614454401868964,0.039704284497338205,0.04358707752943691,0.16657271954927202,0.9858795036423026,0.0013843749999999998,120,67.32922316598706,,,
five_level_weak_anharmonic,open_leakage_path_seed,0.03,relax_0.0005,0.0,0.0005,28,0.902099177826752,0.05786763627637337,0.06370922972581894,0.0682332120529064,0.9784922468216691,0.0013843749999999998,120,67.32922316598706,,,
five_level_weak_anharmonic,open_leakage_path_seed,0.03,relax_0.0005,0.0,0.0005,29,0.9385840323174207,0.048528826979068906,0.05045732654590851,0.09450181741944318,0.983379559824503,0.0013843749999999998,120,67.32922316598706,,,
five_level_weak_anharmonic,open_leakage_path_seed,0.03,relax_0.0005,0.0,0.0005,30,0.8236290391394956,0.03856567987399617,0.03960040824908595,0.23340855561761978,0.9887862869699808,0.0013843749999999998,120,67.32922316598706,,,
five_level_weak_anharmonic,open_leakage_path_seed,0.03,relax_0.0005,0.0,0.0005,31,0.8041633252161656,0.03749519199333151,0.04734899703728457,0.11187448638678518,0.9759254347045567,0.0013843749999999998,120,67.32922316598706,,,
five_level_weak_anharmonic,open_leakage_path_seed,0.03,relax_0.0005,0.0,0.0005,32,0.805267445998304,0.03695526213564693,0.0415319437442182,0.10485397182310184,0.975631535056506,0.0013843749999999998,120,67.32922316598706,,,
five_level_weak_anharmonic,open_leakage_path_seed,0.03,relax_0.0005,0.0,0.0005,33,0.8083359447832315,0.03811856916902878,0.03814618421134108,0.26637258235036126,0.9903659537716689,0.0013843749999999998,120,67.32922316598706,,,
five_level_weak_anharmonic,open_leakage_path_seed,0.03,relax_0.0005,0.0,0.0005,34,0.8341847025744891,0.0545437155833699,0.054615893598022214,0.17702214867842136,0.9857376587948391,0.0013843749999999998,120,67.32922316598706,,,
five_level_weak_anharmonic,open_leakage_path_seed,0.03,relax_0.0005,0.0,0.0005,35,0.9072927310299174,0.06149793844804896,0.06502086696379838,0.09631976464895857,0.980464063675088,0.0013843749999999998,120,67.32922316598706,,,
five_level_weak_anharmonic,open_leakage_path_seed,0.03,relax_0.0005,0.0,0.0005,36,0.8341558349068939,0.04184243039931157,0.04740647030509959,0.09270904254202826,0.9769424589646919,0.0013843749999999998,120,67.32922316598706,,,
five_level_weak_anharmonic,open_leakage_path_seed,0.03,relax_0.0005,0.0,0.0005,37,0.8791507126209989,0.03769598995861223,0.04221240094133971,0.20667220904728714,0.988583870829855,0.0013843749999999998,120,67.32922316598706,,,
five_level_weak_anharmonic,open_leakage_path_seed,0.03,relax_0.0005,0.0,0.0005,38,0.7215174473870777,0.022594718533353708,0.023609061360630124,0.3366843981634409,0.9913264526862214,0.0013843749999999998,120,67.32922316598706,,,
five_level_weak_anharmonic,open_leakage_path_seed,0.03,relax_0.0005,0.0,0.0005,39,0.8449863760508567,0.04083603530137958,0.051768893344638744,0.10984725500092135,0.979021780909556,0.0013843749999999998,120,67.32922316598706,,,
five_level_weak_anharmonic,open_leakage_path_seed,0.03,relax_0.0005,0.0,0.0005,40,0.923137334332444,0.05398402597823215,0.0563991118876741,0.0690727946605635,0.9798361576507708,0.0013843749999999998,120,67.32922316598706,,,
five_level_weak_anharmonic,open_leakage_path_seed,0.03,relax_0.0005,0.0,0.0005,41,0.8770272211483182,0.047328644197045744,0.050401658778865155,0.07590715559097459,0.9772857077997954,0.0013843749999999998,120,67.32922316598706,,,
five_level_weak_anharmonic,open_leakage_path_seed,0.03,relax_0.0005,0.0,0.0005,42,0.8652489134133753,0.05111180003774907,0.05111180003774907,0.17035206074444947,0.986147634928812,0.0013843749999999998,120,67.32922316598706,,,
five_level_weak_anharmonic,open_leakage_path_seed,0.03,relax_0.0005,0.0,0.0005,43,0.827687051705204,0.03531632250778427,0.03997376519352369,0.12362589181301345,0.9797478556833946,0.0013843749999999998,120,67.32922316598706,,,
five_level_weak_anharmonic,open_leakage_path_seed,0.03,relax_0.0005,0.0,0.0005,44,0.6690874953899777,0.0268165661661679,0.029475989739541575,0.4166382473121287,0.9945294321971795,0.0013843749999999998,120,67.32922316598706,,,
five_level_weak_anharmonic,open_leakage_path_seed,0.03,relax_0.0005,0.0,0.0005,45,0.8595973767938931,0.0481351852125661,0.052953050870790275,0.15792003512073194,0.9848338005491091,0.0013843749999999998,120,67.32922316598706,,,
five_level_weak_anharmonic,open_leakage_path_seed,0.03,relax_0.0005,0.0,0.0005,46,0.7781446819765045,0.03500895448160579,0.03810968018938787,0.10848236812899024,0.9751828050158257,0.0013843749999999998,120,67.32922316598706,,,
five_level_weak_anharmonic,open_leakage_path_seed,0.03,relax_0.0005,0.0,0.0005,47,0.897988958984599,0.03832192480051033,0.048968277657514436,0.06598433540706962,0.9770486414353372,0.0013843749999999998,120,67.32922316598706,,,
five_level_weak_anharmonic,open_leakage_path_seed,0.03,relax_0.0005,0.0,0.0005,48,0.5580237984007173,0.024118229844624528,0.04365964724693505,0.26778395115594267,0.9753357506607153,0.0013843749999999998,120,67.32922316598706,,,
five_level_weak_anharmonic,open_leakage_path_seed,0.03,relax_0.0005,0.0,0.0005,49,0.9002907291952543,0.040502388110774334,0.04897243492249381,0.06679768564671174,0.977375752939704,0.0013843749999999998,120,67.32922316598706,,,
five_level_weak_anharmonic,open_leakage_path_seed,0.03,relax_0.0005,0.0,0.0005,50,0.8733122495334437,0.044216021108077874,0.04965548234278394,0.14607707401809442,0.9845658413116201,0.0013843749999999998,120,67.32922316598706,,,
five_level_weak_anharmonic,open_leakage_path_seed,0.03,relax_0.0005,0.0,0.0005,51,0.9310945602234318,0.057381895441000697,0.05877192170022083,0.07712007547154412,0.980335670806479,0.0013843749999999998,120,67.32922316598706,,,
five_level_weak_anharmonic,open_leakage_path_seed,0.03,relax_0.0005,0.0,0.0005,52,0.8642803969007051,0.03620805632188606,0.04385276868698251,0.07718053567188427,0.9763518201046045,0.0013843749999999998,120,67.32922316598706,,,
five_level_weak_anharmonic,open_leakage_path_seed,0.03,relax_0.0005,0.0,0.0005,53,0.7574473165268941,0.03975172971526597,0.04000598891867235,0.2141029636664205,0.9845526321223342,0.0013843749999999998,120,67.32922316598706,,,
five_level_weak_anharmonic,open_leakage_path_seed,0.03,relax_0.0005,0.0,0.0005,54,0.7879970313577308,0.040912350683547594,0.04412355467534146,0.16876104955665053,0.9821834129601806,0.0013843749999999998,120,67.32922316598706,,,
five_level_weak_anharmonic,open_leakage_path_seed,0.03,relax_0.0005,0.0,0.0005,55,0.6675483374361935,0.03563904685226549,0.038941056122693496,0.38960988393295254,0.9934428812309245,0.0013843749999999998,120,67.32922316598706,,,
five_level_weak_anharmonic,open_leakage_path_seed,0.03,relax_0.0005,0.0,0.0005,56,0.8413637937818161,0.03456333471731732,0.04868600235091092,0.10139320942265426,0.978124427269815,0.0013843749999999998,120,67.32922316598706,,,
five_level_weak_anharmonic,open_leakage_path_seed,0.03,relax_0.0005,0.0,0.0005,57,0.9170665976257052,0.06341190101880911,0.06891903677662159,0.11675299775490965,0.9828969820418243,0.0013843749999999998,120,67.32922316598706,,,
five_level_weak_anharmonic,open_leakage_path_seed,0.03,relax_0.0005,0.0,0.0005,58,0.8845055533307621,0.03423961125449326,0.04071564543040995,0.0754068975512309,0.9780967373734647,0.0013843749999999998,120,67.32922316598706,,,
five_level_weak_anharmonic,open_leakage_path_seed,0.03,relax_0.0005,0.0,0.0005,59,0.6763253098904581,0.035034689481560966,0.04448468934803229,0.1837459103946211,0.975161937334671,0.0013843749999999998,120,67.32922316598706,,,
five_level_weak_anharmonic,open_leakage_path_seed,0.03,combined,0.001,0.0005,10,0.9209740062704591,0.04451965989073614,0.04826168804270847,0.14664571525423273,0.966215987347058,0.0013843749999999998,120,67.32922316598706,,,
five_level_weak_anharmonic,open_leakage_path_seed,0.03,combined,0.001,0.0005,11,0.759409845605487,0.04625220180240719,0.05061638932514456,0.12718885472805447,0.9594191769395165,0.0013843749999999998,120,67.32922316598706,,,
five_level_weak_anharmonic,open_leakage_path_seed,0.03,combined,0.001,0.0005,12,0.7884166258097679,0.04231962752646001,0.04408391179228022,0.12820414327227914,0.9609184040338786,0.0013843749999999998,120,67.32922316598706,,,
five_level_weak_anharmonic,open_leakage_path_seed,0.03,combined,0.001,0.0005,13,0.521082903524364,0.024637973133712632,0.02592925833851001,0.5133578075475805,0.9709178437468328,0.0013843749999999998,120,67.32922316598706,,,
five_level_weak_anharmonic,open_leakage_path_seed,0.03,combined,0.001,0.0005,14,0.6827604442511085,0.028478853275871074,0.030199767371877462,0.3384300607739854,0.9668964983930931,0.0013843749999999998,120,67.32922316598706,,,
five_level_weak_anharmonic,open_leakage_path_seed,0.03,combined,0.001,0.0005,15,0.898944813009823,0.05584685047143645,0.06084117100040676,0.09782266998111581,0.96373794033222,0.0013843749999999998,120,67.32922316598706,,,
five_level_weak_anharmonic,open_leakage_path_seed,0.03,combined,0.001,0.0005,16,0.8511691989514568,0.05077527849419183,0.054329221729983,0.08248565071054767,0.9610319060940165,0.0013843749999999998,120,67.32922316598706,,,
five_level_weak_anharmonic,open_leakage_path_seed,0.03,combined,0.001,0.0005,17,0.9287330705612459,0.039401272679813415,0.043591367756052324,0.11909041717441272,0.9667111970827952,0.0013843749999999998,120,67.32922316598706,,,
five_level_weak_anharmonic,open_leakage_path_seed,0.03,combined,0.001,0.0005,18,0.9009058869769858,0.0540297598479097,0.054726482121645104,0.13714204035678434,0.96629685653379,0.0013843749999999998,120,67.32922316598706,,,
five_level_weak_anharmonic,open_leakage_path_seed,0.03,combined,0.001,0.0005,19,0.8040118292897624,0.034382655513738425,0.03875543834441775,0.10934239742153362,0.9608532813816156,0.0013843749999999998,120,67.32922316598706,,,
five_level_weak_anharmonic,open_leakage_path_seed,0.03,combined,0.001,0.0005,20,0.8853276957951257,0.05402402326847844,0.056440423758954195,0.08599320121744582,0.9624423026922825,0.0013843749999999998,120,67.32922316598706,,,
five_level_weak_anharmonic,open_leakage_path_seed,0.03,combined,0.001,0.0005,21,0.9043707370814822,0.038141879719659544,0.04356255498784345,0.06246838214621045,0.9625178829238511,0.0013843749999999998,120,67.32922316598706,,,
five_level_weak_anharmonic,open_leakage_path_seed,0.03,combined,0.001,0.0005,22,0.8978284326987556,0.04116464806515274,0.04527571656148677,0.0666056477449898,0.9619415433932461,0.0013843749999999998,120,67.32922316598706,,,
five_level_weak_anharmonic,open_leakage_path_seed,0.03,combined,0.001,0.0005,23,0.8937761551490304,0.04514337537118551,0.047554356436445566,0.0937666099458503,0.963865663492322,0.0013843749999999998,120,67.32922316598706,,,
five_level_weak_anharmonic,open_leakage_path_seed,0.03,combined,0.001,0.0005,24,0.8318512326059427,0.02661476546341046,0.03447859491305927,0.1609645268549408,0.9645724606860432,0.0013843749999999998,120,67.32922316598706,,,
five_level_weak_anharmonic,open_leakage_path_seed,0.03,combined,0.001,0.0005,25,0.8162478485335376,0.040682971126207,0.04370032035680338,0.17263064889018742,0.9645394182950964,0.0013843749999999998,120,67.32922316598706,,,
five_level_weak_anharmonic,open_leakage_path_seed,0.03,combined,0.001,0.0005,26,0.8911675536685612,0.05730953827652119,0.05730953827652119,0.12758600853373525,0.9654193739941861,0.0013843749999999998,120,67.32922316598706,,,
five_level_weak_anharmonic,open_leakage_path_seed,0.03,combined,0.001,0.0005,27,0.8557009211483582,0.040127041108846684,0.04379217592194795,0.1713187580870925,0.9666364477495099,0.0013843749999999998,120,67.32922316598706,,,
five_level_weak_anharmonic,open_leakage_path_seed,0.03,combined,0.001,0.0005,28,0.8951068248752293,0.05809677722244366,0.06368897739112134,0.07541733286172214,0.9619174312854212,0.0013843749999999998,120,67.32922316598706,,,
five_level_weak_anharmonic,open_leakage_path_seed,0.03,combined,0.001,0.0005,29,0.9309231223975544,0.048501684720239524,0.050335652137989184,0.10139559486031705,0.9656736374511203,0.0013843749999999998,120,67.32922316598706,,,
five_level_weak_anharmonic,open_leakage_path_seed,0.03,combined,0.001,0.0005,30,0.8185173829707036,0.038709571193710546,0.03971978804436738,0.2374095101611359,0.9682027903110105,0.0013843749999999998,120,67.32922316598706,,,
five_level_weak_anharmonic,open_leakage_path_seed,0.03,combined,0.001,0.0005,31,0.7992027261728109,0.038266895803430456,0.047493469336829075,0.11739920991571429,0.9602492285087751,0.0013843749999999998,120,67.32922316598706,,,
five_level_weak_anharmonic,open_leakage_path_seed,0.03,combined,0.001,0.0005,32,0.8004974650431685,0.03762697685435312,0.04214446056528931,0.11054668000890475,0.9606576781341225,0.0013843749999999998,120,67.32922316598706,,,
five_level_weak_anharmonic,open_leakage_path_seed,0.03,combined,0.001,0.0005,33,0.8029837404607126,0.03852367590172778,0.03852367590172778,0.27018824912052886,0.9693675416910046,0.0013843749999999998,120,67.32922316598706,,,
five_level_weak_anharmonic,open_leakage_path_seed,0.03,combined,0.001,0.0005,34,0.8286461948577094,0.05475561333919021,0.05484476094226476,0.18211386280854888,0.9655156041804537,0.0013843749999999998,120,67.32922316598706,,,
five_level_weak_anharmonic,open_leakage_path_seed,0.03,combined,0.001,0.0005,35,0.8996843422162141,0.06160418693564074,0.06494678144255994,0.10361037436764571,0.9636550515904737,0.0013843749999999998,120,67.32922316598706,,,
five_level_weak_anharmonic,open_leakage_path_seed,0.03,combined,0.001,0.0005,36,0.8291326571899893,0.04211565233355863,0.047487942377510306,0.09853090306933567,0.9616147047450644,0.0013843749999999998,120,67.32922316598706,,,
five_level_weak_anharmonic,open_leakage_path_seed,0.03,combined,0.001,0.0005,37,0.8719915030161162,0.03867495176621871,0.04295016261822593,0.21182682292510055,0.9695922830348637,0.0013843749999999998,120,67.32922316598706,,,
five_level_weak_anharmonic,open_leakage_path_seed,0.03,combined,0.001,0.0005,38,0.7186040575189078,0.022827005288311275,0.023780454868900902,0.33857122248527616,0.9693848420769927,0.0013843749999999998,120,67.32922316598706,,,
five_level_weak_anharmonic,open_leakage_path_seed,0.03,combined,0.001,0.0005,39,0.8389618612073654,0.04183346784276598,0.051834549425572196,0.11577321449119804,0.9624132711943226,0.0013843749999999998,120,67.32922316598706,,,
five_level_weak_anharmonic,open_leakage_path_seed,0.03,combined,0.001,0.0005,40,0.91582261248129,0.054245301041466853,0.05659488564841031,0.07616303154068729,0.9636426294181876,0.0013843749999999998,120,67.32922316598706,,,
five_level_weak_anharmonic,open_leakage_path_seed,0.03,combined,0.001,0.0005,41,0.8707020498531499,0.04761473291689944,0.05062426269312348,0.08286312583928808,0.9618498835011673,0.0013843749999999998,120,67.32922316598706,,,
five_level_weak_anharmonic,open_leakage_path_seed,0.03,combined,0.001,0.0005,42,0.8591404939000826,0.050976370741694366,0.050976370741694366,0.17570383155607566,0.9660731202425914,0.0013843749999999998,120,67.32922316598706,,,
five_level_weak_anharmonic,open_leakage_path_seed,0.03,combined,0.001,0.0005,43,0.8226807143154936,0.0357332214961994,0.04023700810601305,0.1287785836893275,0.9632627114133808,0.0013843749999999998,120,67.32922316598706,,,
five_level_weak_anharmonic,open_leakage_path_seed,0.03,combined,0.001,0.0005,44,0.666112636157059,0.027338667433399744,0.029750303612286366,0.41806046257607493,0.971211393182706,0.0013843749999999998,120,67.32922316598706,,,
five_level_weak_anharmonic,open_leakage_path_seed,0.03,combined,0.001,0.0005,45,0.8534501372311037,0.04867409889217478,0.05316837130370056,0.16305830469783256,0.9650436253363528,0.0013843749999999998,120,67.32922316598706,,,
five_level_weak_anharmonic,open_leakage_path_seed,0.03,combined,0.001,0.0005,46,0.7746110306224765,0.035291796814210796,0.038387977692803,0.1138902500213105,0.9604146553194449,0.0013843749999999998,120,67.32922316598706,,,
five_level_weak_anharmonic,open_leakage_path_seed,0.03,combined,0.001,0.0005,47,0.8912995585047353,0.03916479995390576,0.04902040840025634,0.07261564300134916,0.9620346260294792,0.0013843749999999998,120,67.32922316598706,,,
five_level_weak_anharmonic,open_leakage_path_seed,0.03,combined,0.001,0.0005,48,0.5585211603716551,0.024970966380241877,0.04373493960385977,0.27021911158451917,0.9578240395120738,0.0013843749999999998,120,67.32922316598706,,,
five_level_weak_anharmonic,open_leakage_path_seed,0.03,combined,0.001,0.0005,49,0.8934034069405002,0.041494398791508624,0.049322037422399045,0.07343799378953692,0.9622847434327009,0.0013843749999999998,120,67.32922316598706,,,
five_level_weak_anharmonic,open_leakage_path_seed,0.03,combined,0.001,0.0005,50,0.866920657547334,0.04495985831198057,0.05012016867644864,0.1513521175922983,0.9656807098585677,0.0013843749999999998,120,67.32922316598706,,,
five_level_weak_anharmonic,open_leakage_path_seed,0.03,combined,0.001,0.0005,51,0.9234728783902687,0.05761734622090431,0.05895123594516938,0.08423885307518092,0.9641299846860834,0.0013843749999999998,120,67.32922316598706,,,
five_level_weak_anharmonic,open_leakage_path_seed,0.03,combined,0.001,0.0005,52,0.8581368478896235,0.03704531054080784,0.044053381214175125,0.0837650497120229,0.9610129542669998,0.0013843749999999998,120,67.32922316598706,,,
five_level_weak_anharmonic,open_leakage_path_seed,0.03,combined,0.001,0.0005,53,0.7535692124854719,0.04011032791758484,0.04045869621720688,0.2180288531209146,0.9645169965122041,0.0013843749999999998,120,67.32922316598706,,,
five_level_weak_anharmonic,open_leakage_path_seed,0.03,combined,0.001,0.0005,54,0.7833713898482935,0.04143867069089546,0.04456298083706045,0.17349812139544413,0.9635892840174393,0.0013843749999999998,120,67.32922316598706,,,
five_level_weak_anharmonic,open_leakage_path_seed,0.03,combined,0.001,0.0005,55,0.6649047102854205,0.03627641124567638,0.03923966370570886,0.39098647394895847,0.9690912599298931,0.0013843749999999998,120,67.32922316598706,,,
five_level_weak_anharmonic,open_leakage_path_seed,0.03,combined,0.001,0.0005,56,0.8355598775298554,0.03544426570786563,0.04857701785741375,0.10745964403533259,0.9623510763408575,0.0013843749999999998,120,67.32922316598706,,,
five_level_weak_anharmonic,open_leakage_path_seed,0.03,combined,0.001,0.0005,57,0.9095075034822883,0.06394350390139592,0.06907336367300299,0.12301937220743905,0.9653102893745996,0.0013843749999999998,120,67.32922316598706,,,
five_level_weak_anharmonic,open_leakage_path_seed,0.03,combined,0.001,0.0005,58,0.8785015098527807,0.034677726323275926,0.040874737717702114,0.08140895989370957,0.9629770365623072,0.0013843749999999998,120,67.32922316598706,,,
five_level_weak_anharmonic,open_leakage_path_seed,0.03,combined,0.001,0.0005,59,0.6743837139829285,0.03579723221066211,0.04488790295590939,0.1879500666484545,0.9584032569986445,0.0013843749999999998,120,67.32922316598706,,,
five_level_weak_anharmonic,standalone_open_leakage_adjoint,0.03,static_only,0.0,0.0,10,0.9278380316870636,0.01705023622418811,0.0171903653994675,0.1627612978758065,0.9999998941553748,0.00099313562660069,120,78.00429420289584,0.10252690422767487,480,False
five_level_weak_anharmonic,standalone_open_leakage_adjoint,0.03,static_only,0.0,0.0,11,0.8045051106135356,0.01882632934723405,0.0242681557656107,0.12164009494343786,0.9999998400898348,0.00099313562660069,120,78.00429420289584,0.10252690422767487,480,False
five_level_weak_anharmonic,standalone_open_leakage_adjoint,0.03,static_only,0.0,0.0,12,0.6283998570132099,0.010510707854731738,0.015463400216585654,0.33973548673365755,0.9999999238371965,0.00099313562660069,120,78.00429420289584,0.10252690422767487,480,False
five_level_weak_anharmonic,standalone_open_leakage_adjoint,0.03,static_only,0.0,0.0,13,0.6507384304597772,0.011659333575241071,0.012506658983818308,0.34721112135003473,0.9999999312799492,0.00099313562660069,120,78.00429420289584,0.10252690422767487,480,False
five_level_weak_anharmonic,standalone_open_leakage_adjoint,0.03,static_only,0.0,0.0,14,0.855302274284995,0.014912014217114855,0.014912014217114855,0.15663844359557935,0.9999998944249429,0.00099313562660069,120,78.00429420289584,0.10252690422767487,480,False
five_level_weak_anharmonic,standalone_open_leakage_adjoint,0.03,static_only,0.0,0.0,15,0.9493883893435009,0.0172176888092489,0.0242799752796361,0.12349964018531119,0.9999998611440709,0.00099313562660069,120,78.00429420289584,0.10252690422767487,480,False
five_level_weak_anharmonic,standalone_open_leakage_adjoint,0.03,static_only,0.0,0.0,16,0.8694653607907057,0.017255491602287898,0.019752241655727865,0.12562061933875443,0.9999998499541408,0.00099313562660069,120,78.00429420289584,0.10252690422767487,480,False
five_level_weak_anharmonic,standalone_open_leakage_adjoint,0.03,static_only,0.0,0.0,17,0.8456620034525327,0.014306045084887642,0.014306045084887642,0.2626266769080166,0.9999999191206174,0.00099313562660069,120,78.00429420289584,0.10252690422767487,480,False
five_level_weak_anharmonic,standalone_open_leakage_adjoint,0.03,static_only,0.0,0.0,18,0.9115266467967479,0.0182428453010417,0.0182428453010417,0.18773437804100765,0.9999998889218484,0.00099313562660069,120,78.00429420289584,0.10252690422767487,480,False
five_level_weak_anharmonic,standalone_open_leakage_adjoint,0.03,static_only,0.0,0.0,19,0.6795373188587273,0.008354592825322804,0.010072186873518518,0.2830481828300153,0.9999999150195148,0.00099313562660069,120,78.00429420289584,0.10252690422767487,480,False
five_level_weak_anharmonic,standalone_open_leakage_adjoint,0.03,static_only,0.0,0.0,20,0.7383169327060934,0.01632455336383576,0.01632455336383576,0.28627850870138066,0.9999999116269366,0.00099313562660069,120,78.00429420289584,0.10252690422767487,480,False
five_level_weak_anharmonic,standalone_open_leakage_adjoint,0.03,static_only,0.0,0.0,21,0.8333745921559839,0.014224293449902725,0.01453154316601224,0.1861375841079952,0.999999903594871,0.00099313562660069,120,78.00429420289584,0.10252690422767487,480,False
five_level_weak_anharmonic,standalone_open_leakage_adjoint,0.03,static_only,0.0,0.0,22,0.9046320820510432,0.0132689287313279,0.015769014672239012,0.104819496519005,0.9999998579902921,0.00099313562660069,120,78.00429420289584,0.10252690422767487,480,False
five_level_weak_anharmonic,standalone_open_leakage_adjoint,0.03,static_only,0.0,0.0,23,0.9699130177830972,0.01850743373364183,0.01850743373364183,0.06749555100540623,0.9999998805625077,0.00099313562660069,120,78.00429420289584,0.10252690422767487,480,False
five_level_weak_anharmonic,standalone_open_leakage_adjoint,0.03,static_only,0.0,0.0,24,0.977892012721432,0.01144898904803282,0.0152863730335967,0.08240350951019738,0.9999998783751741,0.00099313562660069,120,78.00429420289584,0.10252690422767487,480,False
five_level_weak_anharmonic,standalone_open_leakage_adjoint,0.03,static_only,0.0,0.0,25,0.9717618152582966,0.019957182111418392,0.019957182111418392,0.07104482384299256,0.9999998616662016,0.00099313562660069,120,78.00429420289584,0.10252690422767487,480,False
five_level_weak_anharmonic,standalone_open_leakage_adjoint,0.03,static_only,0.0,0.0,26,0.9511316120056139,0.01934141075508644,0.020219751641886274,0.12965227198793225,0.999999877923677,0.00099313562660069,120,78.00429420289584,0.10252690422767487,480,False
five_level_weak_anharmonic,standalone_open_leakage_adjoint,0.03,static_only,0.0,0.0,27,0.9271736560348595,0.015968562951005016,0.015968562951005016,0.16078155546491707,0.999999914794812,0.00099313562660069,120,78.00429420289584,0.10252690422767487,480,False
five_level_weak_anharmonic,standalone_open_leakage_adjoint,0.03,static_only,0.0,0.0,28,0.8813445761804439,0.026901487968295945,0.026901487968295945,0.13138162002060966,0.9999998580761895,0.00099313562660069,120,78.00429420289584,0.10252690422767487,480,False
five_level_weak_anharmonic,standalone_open_leakage_adjoint,0.03,static_only,0.0,0.0,29,0.9168117648156588,0.018928971135215633,0.018928971135215633,0.15962236186964138,0.9999999078977799,0.00099313562660069,120,78.00429420289584,0.10252690422767487,480,False
five_level_weak_anharmonic,standalone_open_leakage_adjoint,0.03,static_only,0.0,0.0,30,0.8743685170884611,0.017097292853464285,0.017097292853464285,0.21933558074827958,0.9999999029061132,0.00099313562660069,120,78.00429420289584,0.10252690422767487,480,False
five_level_weak_anharmonic,standalone_open_leakage_adjoint,0.03,static_only,0.0,0.0,31,0.8869770781399192,0.017060632469593218,0.019726601480347883,0.06603894249946726,0.999999838434938,0.00099313562660069,120,78.00429420289584,0.10252690422767487,480,False
five_level_weak_anharmonic,standalone_open_leakage_adjoint,0.03,static_only,0.0,0.0,32,0.8948336118261232,0.015442647636516371,0.01843727967898856,0.0692827279930797,0.9999998409495083,0.00099313562660069,120,78.00429420289584,0.10252690422767487,480,False
five_level_weak_anharmonic,standalone_open_leakage_adjoint,0.03,static_only,0.0,0.0,33,0.8403046651612376,0.011467636193273956,0.013786939631512674,0.2676914613322728,0.9999999213762786,0.00099313562660069,120,78.00429420289584,0.10252690422767487,480,False
five_level_weak_anharmonic,standalone_open_leakage_adjoint,0.03,static_only,0.0,0.0,34,0.9584461536757951,0.018166002381491353,0.02051756985576314,0.11051353527480334,0.9999998670473794,0.00099313562660069,120,78.00429420289584,0.10252690422767487,480,False
five_level_weak_anharmonic,standalone_open_leakage_adjoint,0.03,static_only,0.0,0.0,35,0.7522579711584442,0.017364649069429028,0.017972243057650106,0.3094410298068881,0.999999897680169,0.00099313562660069,120,78.00429420289584,0.10252690422767487,480,False
five_level_weak_anharmonic,standalone_open_leakage_adjoint,0.03,static_only,0.0,0.0,36,0.9186401356155649,0.020202731899454762,0.020202731899454762,0.06856308143335617,0.9999998686676818,0.00099313562660069,120,78.00429420289584,0.10252690422767487,480,False
five_level_weak_anharmonic,standalone_open_leakage_adjoint,0.03,static_only,0.0,0.0,37,0.6918326757511029,0.013088193152055894,0.01365216162858962,0.425748627925257,0.9999999452472118,0.00099313562660069,120,78.00429420289584,0.10252690422767487,480,False
five_level_weak_anharmonic,standalone_open_leakage_adjoint,0.03,static_only,0.0,0.0,38,0.8336181148355589,0.008717911039223813,0.008717911039223813,0.2359329884298274,0.9999999312774169,0.00099313562660069,120,78.00429420289584,0.10252690422767487,480,False
five_level_weak_anharmonic,standalone_open_leakage_adjoint,0.03,static_only,0.0,0.0,39,0.9738373120528877,0.01613176091528934,0.022069610582193144,0.05036322878567603,0.9999998426909983,0.00099313562660069,120,78.00429420289584,0.10252690422767487,480,False
five_level_weak_anharmonic,standalone_open_leakage_adjoint,0.03,static_only,0.0,0.0,40,0.9103268015017287,0.01962490930293781,0.01962490930293781,0.14493625321420314,0.9999998805600123,0.00099313562660069,120,78.00429420289584,0.10252690422767487,480,False
five_level_weak_anharmonic,standalone_open_leakage_adjoint,0.03,static_only,0.0,0.0,41,0.7474108804806119,0.01371524131893953,0.013866591921676719,0.259920010747255,0.9999999000769472,0.00099313562660069,120,78.00429420289584,0.10252690422767487,480,False
five_level_weak_anharmonic,standalone_open_leakage_adjoint,0.03,static_only,0.0,0.0,42,0.9620962829384885,0.01869105540635585,0.01869105540635585,0.10851506451300526,0.99999987380959,0.00099313562660069,120,78.00429420289584,0.10252690422767487,480,False
five_level_weak_anharmonic,standalone_open_leakage_adjoint,0.03,static_only,0.0,0.0,43,0.978317175555608,0.01750179795464546,0.01750179795464546,0.039559589760073115,0.9999998812973236,0.00099313562660069,120,78.00429420289584,0.10252690422767487,480,False
five_level_weak_anharmonic,standalone_open_leakage_adjoint,0.03,static_only,0.0,0.0,44,0.7749220669024364,0.014385533236746628,0.014385533236746628,0.28171711548146294,0.9999999364269977,0.00099313562660069,120,78.00429420289584,0.10252690422767487,480,False
five_level_weak_anharmonic,standalone_open_leakage_adjoint,0.03,static_only,0.0,0.0,45,0.9643665502285153,0.019766044973637098,0.020220198331190486,0.10177224520540396,0.9999998827699356,0.00099313562660069,120,78.00429420289584,0.10252690422767487,480,False
five_level_weak_anharmonic,standalone_open_leakage_adjoint,0.03,static_only,0.0,0.0,46,0.7376792589038109,0.011933718504218094,0.013384244941435197,0.20615860610539768,0.9999999057783315,0.00099313562660069,120,78.00429420289584,0.10252690422767487,480,False
five_level_weak_anharmonic,standalone_open_leakage_adjoint,0.03,static_only,0.0,0.0,47,0.7960160949803247,0.017788582949980536,0.020526358360667407,0.22429527845736386,0.9999998901788382,0.00099313562660069,120,78.00429420289584,0.10252690422767487,480,False
five_level_weak_anharmonic,standalone_open_leakage_adjoint,0.03,static_only,0.0,0.0,48,0.5552353943318034,0.008995157058566683,0.016202036812227427,0.2959021986554382,0.9999998759501272,0.00099313562660069,120,78.00429420289584,0.10252690422767487,480,False
five_level_weak_anharmonic,standalone_open_leakage_adjoint,0.03,static_only,0.0,0.0,49,0.8840767377898339,0.01758968212094203,0.02030973363630728,0.1589020599276038,0.9999998611516672,0.00099313562660069,120,78.00429420289584,0.10252690422767487,480,False
five_level_weak_anharmonic,standalone_open_leakage_adjoint,0.03,static_only,0.0,0.0,50,0.9429690173708921,0.018987215564281512,0.018987215564281512,0.14070175069977642,0.9999998948334824,0.00099313562660069,120,78.00429420289584,0.10252690422767487,480,False
five_level_weak_anharmonic,standalone_open_leakage_adjoint,0.03,static_only,0.0,0.0,51,0.8578836646775545,0.01725999646297105,0.017962947916618566,0.21824079344224948,0.9999998759931732,0.00099313562660069,120,78.00429420289584,0.10252690422767487,480,False
five_level_weak_anharmonic,standalone_open_leakage_adjoint,0.03,static_only,0.0,0.0,52,0.7732353186226384,0.011037118270474044,0.01570597029522358,0.225573553867529,0.9999998935812927,0.00099313562660069,120,78.00429420289584,0.10252690422767487,480,False
five_level_weak_anharmonic,standalone_open_leakage_adjoint,0.03,static_only,0.0,0.0,53,0.955012627524368,0.016626884771127726,0.020509714845972193,0.06913519864052482,0.9999998576967701,0.00099313562660069,120,78.00429420289584,0.10252690422767487,480,False
five_level_weak_anharmonic,standalone_open_leakage_adjoint,0.03,static_only,0.0,0.0,54,0.9760342833840436,0.015222204595882638,0.018915473053737752,0.03954650213868894,0.9999998620039635,0.00099313562660069,120,78.00429420289584,0.10252690422767487,480,False
five_level_weak_anharmonic,standalone_open_leakage_adjoint,0.03,static_only,0.0,0.0,55,0.7983899689756047,0.018774969190578195,0.018774969190578195,0.2399696540865296,0.9999999079718602,0.00099313562660069,120,78.00429420289584,0.10252690422767487,480,False
five_level_weak_anharmonic,standalone_open_leakage_adjoint,0.03,static_only,0.0,0.0,56,0.9655742552509529,0.008228116547062014,0.019286064381559,0.03684567830481511,0.999999878052481,0.00099313562660069,120,78.00429420289584,0.10252690422767487,480,False
five_level_weak_anharmonic,standalone_open_leakage_adjoint,0.03,static_only,0.0,0.0,57,0.832639941100004,0.021905972091434522,0.02620795572486967,0.27276427691803157,0.9999998799671069,0.00099313562660069,120,78.00429420289584,0.10252690422767487,480,False
five_level_weak_anharmonic,standalone_open_leakage_adjoint,0.03,static_only,0.0,0.0,58,0.9463055584768043,0.016810554194561567,0.016810554194561567,0.07511248969640452,0.9999998921737103,0.00099313562660069,120,78.00429420289584,0.10252690422767487,480,False
five_level_weak_anharmonic,standalone_open_leakage_adjoint,0.03,static_only,0.0,0.0,59,0.648840815245486,0.010676562409837609,0.01603742326992741,0.26133979537964036,0.9999998664059994,0.00099313562660069,120,78.00429420289584,0.10252690422767487,480,False
five_level_weak_anharmonic,standalone_open_leakage_adjoint,0.03,deph_0.001,0.001,0.0,10,0.9191543511149372,0.01735492143411388,0.01735492143411388,0.1698817825086582,0.9809877218989492,0.00099313562660069,120,78.00429420289584,0.10252690422767487,480,False
five_level_weak_anharmonic,standalone_open_leakage_adjoint,0.03,deph_0.001,0.001,0.0,11,0.8004880417581668,0.019166335122430156,0.024253258186165527,0.12733379949141005,0.9823762758243165,0.00099313562660069,120,78.00429420289584,0.10252690422767487,480,False
five_level_weak_anharmonic,standalone_open_leakage_adjoint,0.03,deph_0.001,0.001,0.0,12,0.6254096271217456,0.010810475880936532,0.015367415877833634,0.3439103824632862,0.9793485493485179,0.00099313562660069,120,78.00429420289584,0.10252690422767487,480,False
five_level_weak_anharmonic,standalone_open_leakage_adjoint,0.03,deph_0.001,0.001,0.0,13,0.6489766741555483,0.011889605051909502,0.012655535010280605,0.349840584705242,0.9778580129648113,0.00099313562660069,120,78.00429420289584,0.10252690422767487,480,False
five_level_weak_anharmonic,standalone_open_leakage_adjoint,0.03,deph_0.001,0.001,0.0,14,0.8501653929840818,0.015023233582259432,0.015023233582259432,0.16190744796015277,0.9809398291991681,0.00099313562660069,120,78.00429420289584,0.10252690422767487,480,False
five_level_weak_anharmonic,standalone_open_leakage_adjoint,0.03,deph_0.001,0.001,0.0,15,0.9407241228689641,0.01774385172254256,0.02424057853037298,0.13062216524490092,0.981947020682661,0.00099313562660069,120,78.00429420289584,0.10252690422767487,480,False
five_level_weak_anharmonic,standalone_open_leakage_adjoint,0.03,deph_0.001,0.001,0.0,16,0.8632898174850353,0.01762586456896842,0.019832412770589114,0.1321869910251185,0.9818148826033122,0.00099313562660069,120,78.00429420289584,0.10252690422767487,480,False
five_level_weak_anharmonic,standalone_open_leakage_adjoint,0.03,deph_0.001,0.001,0.0,17,0.8375555957509802,0.014677516018722914,0.014677516018722914,0.2688114198542474,0.9807876986529518,0.00099313562660069,120,78.00429420289584,0.10252690422767487,480,False
five_level_weak_anharmonic,standalone_open_leakage_adjoint,0.03,deph_0.001,0.001,0.0,18,0.9030374091423705,0.018483222644594233,0.018483222644594233,0.19459169979272914,0.9810543952172486,0.00099313562660069,120,78.00429420289584,0.10252690422767487,480,False
five_level_weak_anharmonic,standalone_open_leakage_adjoint,0.03,deph_0.001,0.001,0.0,19,0.676332224646722,0.008608456092411676,0.010148553248430225,0.2874860085528164,0.9797995778966838,0.00099313562660069,120,78.00429420289584,0.10252690422767487,480,False
five_level_weak_anharmonic,standalone_open_leakage_adjoint,0.03,deph_0.001,0.001,0.0,20,0.7329566676502746,0.016492284225273934,0.016492284225273934,0.291855401488872,0.979638706077488,0.00099313562660069,120,78.00429420289584,0.10252690422767487,480,False
five_level_weak_anharmonic,standalone_open_leakage_adjoint,0.03,deph_0.001,0.001,0.0,21,0.8273182555872034,0.014350279059454518,0.014598973199342669,0.19220931450027245,0.9812402539850685,0.00099313562660069,120,78.00429420289584,0.10252690422767487,480,False
five_level_weak_anharmonic,standalone_open_leakage_adjoint,0.03,deph_0.001,0.001,0.0,22,0.8978311737356898,0.013644038342049636,0.016056939624510713,0.11153157885225543,0.9825550954214044,0.00099313562660069,120,78.00429420289584,0.10252690422767487,480,False
five_level_weak_anharmonic,standalone_open_leakage_adjoint,0.03,deph_0.001,0.001,0.0,23,0.9621021049454447,0.018544289278187853,0.018544289278187853,0.0748466236093225,0.9835018371570123,0.00099313562660069,120,78.00429420289584,0.10252690422767487,480,False
five_level_weak_anharmonic,standalone_open_leakage_adjoint,0.03,deph_0.001,0.001,0.0,24,0.9696447546936015,0.012046982329015576,0.01537369983242709,0.08938827828683182,0.9829585738135431,0.00099313562660069,120,78.00429420289584,0.10252690422767487,480,False
five_level_weak_anharmonic,standalone_open_leakage_adjoint,0.03,deph_0.001,0.001,0.0,25,0.963981063430261,0.020121392033961683,0.020121392033961683,0.07815413818870931,0.9832341264755713,0.00099313562660069,120,78.00429420289584,0.10252690422767487,480,False
five_level_weak_anharmonic,standalone_open_leakage_adjoint,0.03,deph_0.001,0.001,0.0,26,0.9425562640645261,0.019584711518698006,0.020198022402495575,0.13700544573948592,0.9816996919617451,0.00099313562660069,120,78.00429420289584,0.10252690422767487,480,False
five_level_weak_anharmonic,standalone_open_leakage_adjoint,0.03,deph_0.001,0.001,0.0,27,0.9192715074279922,0.016094799705363205,0.016094799705363205,0.1673655203738911,0.9815061628190368,0.00099313562660069,120,78.00429420289584,0.10252690422767487,480,False
five_level_weak_anharmonic,standalone_open_leakage_adjoint,0.03,deph_0.001,0.001,0.0,28,0.8747285684732239,0.026965419975776395,0.026965419975776395,0.1383275999030262,0.9811351564704885,0.00099313562660069,120,78.00429420289584,0.10252690422767487,480,False
five_level_weak_anharmonic,standalone_open_leakage_adjoint,0.03,deph_0.001,0.001,0.0,29,0.9088958847816946,0.018808467360990067,0.018808467360990067,0.16663386105997147,0.981473824843137,0.00099313562660069,120,78.00429420289584,0.10252690422767487,480,False
five_level_weak_anharmonic,standalone_open_leakage_adjoint,0.03,deph_0.001,0.001,0.0,30,0.8671311790241504,0.017122663566462748,0.017122663566462748,0.22529967608454451,0.9806749178825725,0.00099313562660069,120,78.00429420289584,0.10252690422767487,480,False
five_level_weak_anharmonic,standalone_open_leakage_adjoint,0.03,deph_0.001,0.001,0.0,31,0.881337453599069,0.017456790599360672,0.019955791129167233,0.07258640192665847,0.9837082990671732,0.00099313562660069,120,78.00429420289584,0.10252690422767487,480,False
five_level_weak_anharmonic,standalone_open_leakage_adjoint,0.03,deph_0.001,0.001,0.0,32,0.8889118615038538,0.015855448636515557,0.01850401262353396,0.0758427459950672,0.9839139896947323,0.00099313562660069,120,78.00429420289584,0.10252690422767487,480,False
five_level_weak_anharmonic,standalone_open_leakage_adjoint,0.03,deph_0.001,0.001,0.0,33,0.8330528506308585,0.011749372951611825,0.01399265059729693,0.2732757153510958,0.980266510856521,0.00099313562660069,120,78.00429420289584,0.10252690422767487,480,False
five_level_weak_anharmonic,standalone_open_leakage_adjoint,0.03,deph_0.001,0.001,0.0,34,0.9502148876635125,0.0185381844437863,0.02060494429714088,0.11775193128940713,0.9817766569899352,0.00099313562660069,120,78.00429420289584,0.10252690422767487,480,False
five_level_weak_anharmonic,standalone_open_leakage_adjoint,0.03,deph_0.001,0.001,0.0,35,0.7456705061754033,0.01759389237045772,0.01821176723579565,0.3153229268975873,0.9798283983985522,0.00099313562660069,120,78.00429420289584,0.10252690422767487,480,False
five_level_weak_anharmonic,standalone_open_leakage_adjoint,0.03,deph_0.001,0.001,0.0,36,0.912287477888717,0.02027063456660727,0.02027063456660727,0.07546006625657124,0.9835769249620234,0.00099313562660069,120,78.00429420289584,0.10252690422767487,480,False
five_level_weak_anharmonic,standalone_open_leakage_adjoint,0.03,deph_0.001,0.001,0.0,37,0.6850303668054032,0.013502714639384239,0.013812503163441514,0.43050420307482534,0.9810542648942717,0.00099313562660069,120,78.00429420289584,0.10252690422767487,480,False
five_level_weak_anharmonic,standalone_open_leakage_adjoint,0.03,deph_0.001,0.001,0.0,38,0.8279449160217313,0.0087471204956584,0.0087471204956584,0.24088673235351316,0.9804044875603785,0.00099313562660069,120,78.00429420289584,0.10252690422767487,480,False
five_level_weak_anharmonic,standalone_open_leakage_adjoint,0.03,deph_0.001,0.001,0.0,39,0.9657363292161751,0.016801255579232732,0.02213695963187201,0.05771655430493159,0.9838693764294402,0.00099313562660069,120,78.00429420289584,0.10252690422767487,480,False
five_level_weak_anharmonic,standalone_open_leakage_adjoint,0.03,deph_0.001,0.001,0.0,40,0.9025677960340968,0.019800726583654615,0.019800726583654615,0.15199421141925115,0.9815622856344148,0.00099313562660069,120,78.00429420289584,0.10252690422767487,480,False
five_level_weak_anharmonic,standalone_open_leakage_adjoint,0.03,deph_0.001,0.001,0.0,41,0.7423293988060401,0.013922921273941125,0.013922921273941125,0.26536231012848766,0.9800839102796796,0.00099313562660069,120,78.00429420289584,0.10252690422767487,480,False
five_level_weak_anharmonic,standalone_open_leakage_adjoint,0.03,deph_0.001,0.001,0.0,42,0.953907067212528,0.018712768315353734,0.018712768315353734,0.1158561923157488,0.9819811946103568,0.00099313562660069,120,78.00429420289584,0.10252690422767487,480,False
five_level_weak_anharmonic,standalone_open_leakage_adjoint,0.03,deph_0.001,0.001,0.0,43,0.9708636359823134,0.017586339906474513,0.017586339906474513,0.046763968404825745,0.9846287093935535,0.00099313562660069,120,78.00429420289584,0.10252690422767487,480,False
five_level_weak_anharmonic,standalone_open_leakage_adjoint,0.03,deph_0.001,0.001,0.0,44,0.7699284202203408,0.014394998360253597,0.014394998360253597,0.2863736622864581,0.9793463467154803,0.00099313562660069,120,78.00429420289584,0.10252690422767487,480,False
five_level_weak_anharmonic,standalone_open_leakage_adjoint,0.03,deph_0.001,0.001,0.0,45,0.9561095484897724,0.020042014967733723,0.020421703978955374,0.10905387847706934,0.9818697326431958,0.00099313562660069,120,78.00429420289584,0.10252690422767487,480,False
five_level_weak_anharmonic,standalone_open_leakage_adjoint,0.03,deph_0.001,0.001,0.0,46,0.734418810874267,0.012004063525150377,0.013301754428286072,0.21099929432153264,0.9809842273333016,0.00099313562660069,120,78.00429420289584,0.10252690422767487,480,False
five_level_weak_anharmonic,standalone_open_leakage_adjoint,0.03,deph_0.001,0.001,0.0,47,0.7901523482886813,0.01811841396431102,0.020545871470246113,0.23009687631147271,0.9804142424179417,0.00099313562660069,120,78.00429420289584,0.10252690422767487,480,False
five_level_weak_anharmonic,standalone_open_leakage_adjoint,0.03,deph_0.001,0.001,0.0,48,0.5561822113440252,0.009376495234519555,0.016237708626305802,0.2981651177084447,0.9793381200416433,0.00099313562660069,120,78.00429420289584,0.10252690422767487,480,False
five_level_weak_anharmonic,standalone_open_leakage_adjoint,0.03,deph_0.001,0.001,0.0,49,0.8766100668106384,0.01811382679671758,0.020572195527552517,0.1656348220425123,0.9812844121799079,0.00099313562660069,120,78.00429420289584,0.10252690422767487,480,False
five_level_weak_anharmonic,standalone_open_leakage_adjoint,0.03,deph_0.001,0.001,0.0,50,0.9346205845338565,0.019340792749139246,0.019340792749139246,0.1475805571751775,0.9815337650115574,0.00099313562660069,120,78.00429420289584,0.10252690422767487,480,False
five_level_weak_anharmonic,standalone_open_leakage_adjoint,0.03,deph_0.001,0.001,0.0,51,0.8501396911874114,0.017516144503278763,0.018265324427196195,0.22489113705569708,0.9806478716549919,0.00099313562660069,120,78.00429420289584,0.10252690422767487,480,False
five_level_weak_anharmonic,standalone_open_leakage_adjoint,0.03,deph_0.001,0.001,0.0,52,0.7680042799332613,0.011536593096277303,0.01591480070315554,0.23112579802626715,0.9801083653993276,0.00099313562660069,120,78.00429420289584,0.10252690422767487,480,False
five_level_weak_anharmonic,standalone_open_leakage_adjoint,0.03,deph_0.001,0.001,0.0,53,0.9478731293750876,0.0169099519910898,0.02051963155371117,0.07591140996622928,0.9833694008510347,0.00099313562660069,120,78.00429420289584,0.10252690422767487,480,False
five_level_weak_anharmonic,standalone_open_leakage_adjoint,0.03,deph_0.001,0.001,0.0,54,0.9685325114168266,0.015592522088588967,0.018995283415337405,0.0467089638002862,0.9843831085372168,0.00099313562660069,120,78.00429420289584,0.10252690422767487,480,False
five_level_weak_anharmonic,standalone_open_leakage_adjoint,0.03,deph_0.001,0.001,0.0,55,0.7933530300325868,0.0189156204007761,0.0189156204007761,0.24494946730241066,0.9789760113812124,0.00099313562660069,120,78.00429420289584,0.10252690422767487,480,False
five_level_weak_anharmonic,standalone_open_leakage_adjoint,0.03,deph_0.001,0.001,0.0,56,0.9582223749855383,0.008779947722796999,0.019074670526098125,0.04374493609010676,0.9849781556150276,0.00099313562660069,120,78.00429420289584,0.10252690422767487,480,False
five_level_weak_anharmonic,standalone_open_leakage_adjoint,0.03,deph_0.001,0.001,0.0,57,0.8244471014369733,0.022322081128108295,0.02630784624590432,0.27910461655506635,0.9799913974079287,0.00099313562660069,120,78.00429420289584,0.10252690422767487,480,False
five_level_weak_anharmonic,standalone_open_leakage_adjoint,0.03,deph_0.001,0.001,0.0,58,0.9391155928497903,0.016881619980775642,0.016881619980775642,0.08208102667894104,0.9835950423209836,0.00099313562660069,120,78.00429420289584,0.10252690422767487,480,False
five_level_weak_anharmonic,standalone_open_leakage_adjoint,0.03,deph_0.001,0.001,0.0,59,0.6471781030809998,0.01111874528921497,0.016180075288919626,0.2651899525661278,0.9794649468258011,0.00099313562660069,120,78.00429420289584,0.10252690422767487,480,False
five_level_weak_anharmonic,standalone_open_leakage_adjoint,0.03,relax_0.0005,0.0,0.0005,10,0.9171536985766566,0.01688124173726402,0.016957025623471234,0.17248211159410423,0.9855430819642492,0.00099313562660069,120,78.00429420289584,0.10252690422767487,480,False
five_level_weak_anharmonic,standalone_open_leakage_adjoint,0.03,relax_0.0005,0.0,0.0005,11,0.7971330536121112,0.018589963634425888,0.023971905815991623,0.13054966778625876,0.9765556119598571,0.00099313562660069,120,78.00429420289584,0.10252690422767487,480,False
five_level_weak_anharmonic,standalone_open_leakage_adjoint,0.03,relax_0.0005,0.0,0.0005,12,0.6205400384106542,0.010371222190522111,0.015247028946340335,0.347725538269571,0.9872317627069096,0.00099313562660069,120,78.00429420289584,0.10252690422767487,480,False
five_level_weak_anharmonic,standalone_open_leakage_adjoint,0.03,relax_0.0005,0.0,0.0005,13,0.6446616563038801,0.011540284450329175,0.012384465537059741,0.35391481430865335,0.9912984017907316,0.00099313562660069,120,78.00429420289584,0.10252690422767487,480,False
five_level_weak_anharmonic,standalone_open_leakage_adjoint,0.03,relax_0.0005,0.0,0.0005,14,0.8471397756438318,0.01472268113540287,0.01472268113540287,0.16538024942611396,0.98429020800356,0.00099313562660069,120,78.00429420289584,0.10252690422767487,480,False
five_level_weak_anharmonic,standalone_open_leakage_adjoint,0.03,relax_0.0005,0.0,0.0005,15,0.9381428643547397,0.01711317266790191,0.023913703518423257,0.13365214508946002,0.9818393770877367,0.00099313562660069,120,78.00429420289584,0.10252690422767487,480,False
five_level_weak_anharmonic,standalone_open_leakage_adjoint,0.03,relax_0.0005,0.0,0.0005,16,0.8599650014202662,0.01707469438369269,0.01954018139546876,0.13536205039935945,0.9794330967463062,0.00099313562660069,120,78.00429420289584,0.10252690422767487,480,False
five_level_weak_anharmonic,standalone_open_leakage_adjoint,0.03,relax_0.0005,0.0,0.0005,17,0.8348563893775078,0.01418849786740528,0.01418849786740528,0.2716536447572418,0.988499247954323,0.00099313562660069,120,78.00429420289584,0.10252690422767487,480,False
five_level_weak_anharmonic,standalone_open_leakage_adjoint,0.03,relax_0.0005,0.0,0.0005,18,0.9004880750558791,0.018034487138812394,0.018034487138812394,0.19739259950544646,0.9861266398330594,0.00099313562660069,120,78.00429420289584,0.10252690422767487,480,False
five_level_weak_anharmonic,standalone_open_leakage_adjoint,0.03,relax_0.0005,0.0,0.0005,19,0.6712059161131888,0.008262073898144706,0.009975065534975736,0.2916518911198122,0.9845072309945706,0.00099313562660069,120,78.00429420289584,0.10252690422767487,480,False
five_level_weak_anharmonic,standalone_open_leakage_adjoint,0.03,relax_0.0005,0.0,0.0005,20,0.7290999140656658,0.0160652309729703,0.0160652309729703,0.29502521195955195,0.9862739404016339,0.00099313562660069,120,78.00429420289584,0.10252690422767487,480,False
five_level_weak_anharmonic,standalone_open_leakage_adjoint,0.03,relax_0.0005,0.0,0.0005,21,0.8233420238623599,0.014025936323013077,0.01429858290365471,0.19579460980060667,0.9828790893855932,0.00099313562660069,120,78.00429420289584,0.10252690422767487,480,False
five_level_weak_anharmonic,standalone_open_leakage_adjoint,0.03,relax_0.0005,0.0,0.0005,22,0.8946583907292665,0.013159714324370575,0.015616007637502483,0.11490711459164199,0.9788601329854818,0.00099313562660069,120,78.00429420289584,0.10252690422767487,480,False
five_level_weak_anharmonic,standalone_open_leakage_adjoint,0.03,relax_0.0005,0.0,0.0005,23,0.9594450288448065,0.018230072893224758,0.018230072893224758,0.07783317337297602,0.9798896087540953,0.00099313562660069,120,78.00429420289584,0.10252690422767487,480,False
five_level_weak_anharmonic,standalone_open_leakage_adjoint,0.03,relax_0.0005,0.0,0.0005,24,0.9668382661459464,0.01142957092858321,0.015092270663406016,0.09273655588268755,0.9808685295766649,0.00099313562660069,120,78.00429420289584,0.10252690422767487,480,False
five_level_weak_anharmonic,standalone_open_leakage_adjoint,0.03,relax_0.0005,0.0,0.0005,25,0.9612835047901763,0.019694123459775947,0.019694123459775947,0.08131512434404259,0.9801940945000358,0.00099313562660069,120,78.00429420289584,0.10252690422767487,480,False
five_level_weak_anharmonic,standalone_open_leakage_adjoint,0.03,relax_0.0005,0.0,0.0005,26,0.9402006125846638,0.019115463003563038,0.019959221954189532,0.1396446754997744,0.9838207780199095,0.00099313562660069,120,78.00429420289584,0.10252690422767487,480,False
five_level_weak_anharmonic,standalone_open_leakage_adjoint,0.03,relax_0.0005,0.0,0.0005,27,0.9163552450082483,0.015758844130177474,0.015758844130177474,0.1704868917387015,0.9855544869645949,0.00099313562660069,120,78.00429420289584,0.10252690422767487,480,False
five_level_weak_anharmonic,standalone_open_leakage_adjoint,0.03,relax_0.0005,0.0,0.0005,28,0.872015614109704,0.026466228205642928,0.026466228205642928,0.1409498246052927,0.9815545916501334,0.00099313562660069,120,78.00429420289584,0.10252690422767487,480,False
five_level_weak_anharmonic,standalone_open_leakage_adjoint,0.03,relax_0.0005,0.0,0.0005,29,0.9062039536836691,0.0185898169882045,0.0185898169882045,0.16940080934006363,0.9854381281016938,0.00099313562660069,120,78.00429420289584,0.10252690422767487,480,False
five_level_weak_anharmonic,standalone_open_leakage_adjoint,0.03,relax_0.0005,0.0,0.0005,30,0.8640056742160073,0.016843271870767618,0.016843271870767618,0.22856485719468903,0.9877757019577803,0.00099313562660069,120,78.00429420289584,0.10252690422767487,480,False
five_level_weak_anharmonic,standalone_open_leakage_adjoint,0.03,relax_0.0005,0.0,0.0005,31,0.8787627388912196,0.01691560469647857,0.01947665002897847,0.07549854694905683,0.9753460667122112,0.00099313562660069,120,78.00429420289584,0.10252690422767487,480,False
five_level_weak_anharmonic,standalone_open_leakage_adjoint,0.03,relax_0.0005,0.0,0.0005,32,0.8858668748954391,0.01530356711879366,0.018226079369199177,0.07914797853535943,0.9756608368053712,0.00099313562660069,120,78.00429420289584,0.10252690422767487,480,False
five_level_weak_anharmonic,standalone_open_leakage_adjoint,0.03,relax_0.0005,0.0,0.0005,33,0.8300677813525298,0.0113741001288018,0.013640143714253705,0.27646182238635175,0.9894690155191225,0.00099313562660069,120,78.00429420289584,0.10252690422767487,480,False
five_level_weak_anharmonic,standalone_open_leakage_adjoint,0.03,relax_0.0005,0.0,0.0005,34,0.9477722618614107,0.018000702046281125,0.020285914269921212,0.1205283322775068,0.9829953297439324,0.00099313562660069,120,78.00429420289584,0.10252690422767487,480,False
five_level_weak_anharmonic,standalone_open_leakage_adjoint,0.03,relax_0.0005,0.0,0.0005,35,0.7425807755116968,0.01713542150612901,0.017743425024038695,0.31805779000512946,0.9877833966847551,0.00099313562660069,120,78.00429420289584,0.10252690422767487,480,False
five_level_weak_anharmonic,standalone_open_leakage_adjoint,0.03,relax_0.0005,0.0,0.0005,36,0.9091829362076123,0.019901994819878754,0.019901994819878754,0.07853046909631538,0.9777723700097342,0.00099313562660069,120,78.00429420289584,0.10252690422767487,480,False
five_level_weak_anharmonic,standalone_open_leakage_adjoint,0.03,relax_0.0005,0.0,0.0005,37,0.6828301908316582,0.012966733941594866,0.013429942533347061,0.43286710815284524,0.993692205482972,0.00099313562660069,120,78.00429420289584,0.10252690422767487,480,False
five_level_weak_anharmonic,standalone_open_leakage_adjoint,0.03,relax_0.0005,0.0,0.0005,38,0.8243138515893877,0.00859393169898448,0.00859393169898448,0.2446153284633124,0.9879331324839459,0.00099313562660069,120,78.00429420289584,0.10252690422767487,480,False
five_level_weak_anharmonic,standalone_open_leakage_adjoint,0.03,relax_0.0005,0.0,0.0005,39,0.9634209930406509,0.01607853760129352,0.021788623959956843,0.06069376869950673,0.9776739767672306,0.00099313562660069,120,78.00429420289584,0.10252690422767487,480,False
five_level_weak_anharmonic,standalone_open_leakage_adjoint,0.03,relax_0.0005,0.0,0.0005,40,0.8996663377280271,0.019356690007824473,0.019356690007824473,0.15490617604529516,0.9828415221482397,0.00099313562660069,120,78.00429420289584,0.10252690422767487,480,False
five_level_weak_anharmonic,standalone_open_leakage_adjoint,0.03,relax_0.0005,0.0,0.0005,41,0.7381148366188448,0.013519922859771771,0.013698049607772544,0.2689386323240591,0.9846837324718172,0.00099313562660069,120,78.00429420289584,0.10252690422767487,480,False
five_level_weak_anharmonic,standalone_open_leakage_adjoint,0.03,relax_0.0005,0.0,0.0005,42,0.9515444270941662,0.01840727737935166,0.01840727737935166,0.11854119863812616,0.9832467632540058,0.00099313562660069,120,78.00429420289584,0.10252690422767487,480,False
five_level_weak_anharmonic,standalone_open_leakage_adjoint,0.03,relax_0.0005,0.0,0.0005,43,0.9680276383816562,0.01725786119183781,0.01725786119183781,0.04994259720900047,0.9777920935151204,0.00099313562660069,120,78.00429420289584,0.10252690422767487,480,False
five_level_weak_anharmonic,standalone_open_leakage_adjoint,0.03,relax_0.0005,0.0,0.0005,44,0.7669042835784732,0.014151047456640642,0.014151047456640642,0.28952334437802274,0.9904983183779748,0.00099313562660069,120,78.00429420289584,0.10252690422767487,480,False
five_level_weak_anharmonic,standalone_open_leakage_adjoint,0.03,relax_0.0005,0.0,0.0005,45,0.9537224413444845,0.019525292397311378,0.019947507345232096,0.11186359639227315,0.9826887266383707,0.00099313562660069,120,78.00429420289584,0.10252690422767487,480,False
five_level_weak_anharmonic,standalone_open_leakage_adjoint,0.03,relax_0.0005,0.0,0.0005,46,0.72926174077843,0.011725222805056168,0.01319409091961643,0.21523613050944604,0.9814414984460138,0.00099313562660069,120,78.00429420289584,0.10252690422767487,480,False
five_level_weak_anharmonic,standalone_open_leakage_adjoint,0.03,relax_0.0005,0.0,0.0005,47,0.7862831826421416,0.01757891306417314,0.020145960942106855,0.23346326685831428,0.9839619137415357,0.00099313562660069,120,78.00429420289584,0.10252690422767487,480,False
five_level_weak_anharmonic,standalone_open_leakage_adjoint,0.03,relax_0.0005,0.0,0.0005,48,0.5506135811025056,0.008901441804712418,0.016023310136622948,0.30274153045972363,0.980378266031165,0.00099313562660069,120,78.00429420289584,0.10252690422767487,480,False
five_level_weak_anharmonic,standalone_open_leakage_adjoint,0.03,relax_0.0005,0.0,0.0005,49,0.8732997742878704,0.017454035066546525,0.02005035741686534,0.1688278512727127,0.9817296271216239,0.00099313562660069,120,78.00429420289584,0.10252690422767487,480,False
five_level_weak_anharmonic,standalone_open_leakage_adjoint,0.03,relax_0.0005,0.0,0.0005,50,0.9319870559609779,0.018805810733232065,0.018805810733232065,0.15059476189003512,0.9844719989974615,0.00099313562660069,120,78.00429420289584,0.10252690422767487,480,False
five_level_weak_anharmonic,standalone_open_leakage_adjoint,0.03,relax_0.0005,0.0,0.0005,51,0.8470574414994653,0.01704351032259499,0.01776081363482962,0.22782131400979683,0.9850422007239078,0.00099313562660069,120,78.00429420289584,0.10252690422767487,480,False
five_level_weak_anharmonic,standalone_open_leakage_adjoint,0.03,relax_0.0005,0.0,0.0005,52,0.7638268646502409,0.010982948641480417,0.015524042476654953,0.23477968790868822,0.9829713040604093,0.00099313562660069,120,78.00429420289584,0.10252690422767487,480,False
five_level_weak_anharmonic,standalone_open_leakage_adjoint,0.03,relax_0.0005,0.0,0.0005,53,0.9452250095486061,0.01645920684963087,0.020230340508886835,0.07906129193368139,0.9796760255543958,0.00099313562660069,120,78.00429420289584,0.10252690422767487,480,False
five_level_weak_anharmonic,standalone_open_leakage_adjoint,0.03,relax_0.0005,0.0,0.0005,54,0.966291593611644,0.015114411651074078,0.018720087471592928,0.04957984025341837,0.9780471407766703,0.00099313562660069,120,78.00429420289584,0.10252690422767487,480,False
five_level_weak_anharmonic,standalone_open_leakage_adjoint,0.03,relax_0.0005,0.0,0.0005,55,0.7903972369916356,0.01850567733066244,0.01850567733066244,0.24805592831604414,0.9891041177480568,0.00099313562660069,120,78.00429420289584,0.10252690422767487,480,False
five_level_weak_anharmonic,standalone_open_leakage_adjoint,0.03,relax_0.0005,0.0,0.0005,56,0.9557267026643929,0.008245703613373845,0.018945058371908408,0.04696841274835148,0.9764039827493565,0.00099313562660069,120,78.00429420289584,0.10252690422767487,480,False
five_level_weak_anharmonic,standalone_open_leakage_adjoint,0.03,relax_0.0005,0.0,0.0005,57,0.8217562660225758,0.021662726100923457,0.025828741924588172,0.2818321465864264,0.9874888058179713,0.00099313562660069,120,78.00429420289584,0.10252690422767487,480,False
five_level_weak_anharmonic,standalone_open_leakage_adjoint,0.03,relax_0.0005,0.0,0.0005,58,0.9358796569835033,0.016565661497090822,0.016565661497090822,0.0853931850471233,0.979396185520436,0.00099313562660069,120,78.00429420289584,0.10252690422767487,480,False
five_level_weak_anharmonic,standalone_open_leakage_adjoint,0.03,relax_0.0005,0.0,0.0005,59,0.641965108895249,0.010585248804205194,0.0158921359095181,0.2694003646877491,0.9812138748505436,0.00099313562660069,120,78.00429420289584,0.10252690422767487,480,False
five_level_weak_anharmonic,standalone_open_leakage_adjoint,0.03,combined,0.001,0.0005,10,0.9085725404776406,0.01717591659563089,0.01717591659563089,0.17951692599452293,0.966983096423568,0.00099313562660069,120,78.00429420289584,0.10252690422767487,480,False
five_level_weak_anharmonic,standalone_open_leakage_adjoint,0.03,combined,0.001,0.0005,11,0.7931394514112058,0.01892161552441418,0.02395699151250308,0.1361826687240519,0.9595720080698903,0.00099313562660069,120,78.00429420289584,0.10252690422767487,480,False
five_level_weak_anharmonic,standalone_open_leakage_adjoint,0.03,combined,0.001,0.0005,12,0.6175886256837343,0.010664104369038974,0.015153934124438218,0.3518453823272166,0.967105416569747,0.00099313562660069,120,78.00429420289584,0.10252690422767487,480,False
five_level_weak_anharmonic,standalone_open_leakage_adjoint,0.03,combined,0.001,0.0005,13,0.6428981762295222,0.011764504934918874,0.012530032465032703,0.35652127692093516,0.9695439458524314,0.00099313562660069,120,78.00429420289584,0.10252690422767487,480,False
five_level_weak_anharmonic,standalone_open_leakage_adjoint,0.03,combined,0.001,0.0005,14,0.8420391891435024,0.014831032594591953,0.014831032594591953,0.17059643719943568,0.9656615253283892,0.00099313562660069,120,78.00429420289584,0.10252690422767487,480,False
five_level_weak_anharmonic,standalone_open_leakage_adjoint,0.03,combined,0.001,0.0005,15,0.9295888897874197,0.017622341593579893,0.02387585462225328,0.14068909061506665,0.9643045504933702,0.00099313562660069,120,78.00429420289584,0.10252690422767487,480,False
five_level_weak_anharmonic,standalone_open_leakage_adjoint,0.03,combined,0.001,0.0005,16,0.8538548547121225,0.017437168371946532,0.019618921074674445,0.14184944149149334,0.9618351614600258,0.00099313562660069,120,78.00429420289584,0.10252690422767487,480,False
five_level_weak_anharmonic,standalone_open_leakage_adjoint,0.03,combined,0.001,0.0005,17,0.826860835258714,0.014547143597730905,0.014547143597730905,0.27775816931701286,0.9697204460246427,0.00099313562660069,120,78.00429420289584,0.10252690422767487,480,False
five_level_weak_anharmonic,standalone_open_leakage_adjoint,0.03,combined,0.001,0.0005,18,0.8921056845606931,0.01826726773086018,0.01826726773086018,0.20416282626058183,0.9676307886246086,0.00099313562660069,120,78.00429420289584,0.10252690422767487,480,False
five_level_weak_anharmonic,standalone_open_leakage_adjoint,0.03,combined,0.001,0.0005,19,0.6680385108181198,0.008509362765379835,0.010049279032623204,0.29603439559430167,0.9648616278015338,0.00099313562660069,120,78.00429420289584,0.10252690422767487,480,False
five_level_weak_anharmonic,standalone_open_leakage_adjoint,0.03,combined,0.001,0.0005,20,0.7238081073499963,0.01623069370941732,0.01623069370941732,0.30052442588744466,0.9664495902937226,0.00099313562660069,120,78.00429420289584,0.10252690422767487,480,False
five_level_weak_anharmonic,standalone_open_leakage_adjoint,0.03,combined,0.001,0.0005,21,0.817357576456209,0.014147631135136729,0.014364482466803774,0.20179144212166708,0.9646483913781193,0.00099313562660069,120,78.00429420289584,0.10252690422767487,480,False
five_level_weak_anharmonic,standalone_open_leakage_adjoint,0.03,combined,0.001,0.0005,22,0.8879315365927751,0.013523762545852969,0.01589483753716814,0.12154126771469503,0.9619815212578727,0.00099313562660069,120,78.00429420289584,0.10252690422767487,480,False
five_level_weak_anharmonic,standalone_open_leakage_adjoint,0.03,combined,0.001,0.0005,23,0.9517140037295634,0.018266079125513923,0.018266079125513923,0.08509852239162084,0.9638850381758368,0.00099313562660069,120,78.00429420289584,0.10252690422767487,480,False
five_level_weak_anharmonic,standalone_open_leakage_adjoint,0.03,combined,0.001,0.0005,24,0.9586904482215507,0.012008407392019027,0.015178341018770247,0.09963876060039441,0.9643003408427547,0.00099313562660069,120,78.00429420289584,0.10252690422767487,480,False
five_level_weak_anharmonic,standalone_open_leakage_adjoint,0.03,combined,0.001,0.0005,25,0.9535845256655179,0.019853225512560413,0.019853225512560413,0.08834185386806487,0.9639083455550559,0.00099313562660069,120,78.00429420289584,0.10252690422767487,480,False
five_level_weak_anharmonic,standalone_open_leakage_adjoint,0.03,combined,0.001,0.0005,26,0.9317269185156944,0.019352052812455334,0.019937918844589175,0.14690476499009153,0.9659863990134663,0.00099313562660069,120,78.00429420289584,0.10252690422767487,480,False
five_level_weak_anharmonic,standalone_open_leakage_adjoint,0.03,combined,0.001,0.0005,27,0.9085446792574728,0.01588120971126261,0.01588120971126261,0.17699010315717545,0.9674823779862244,0.00099313562660069,120,78.00429420289584,0.10252690422767487,480,False
five_level_weak_anharmonic,standalone_open_leakage_adjoint,0.03,combined,0.001,0.0005,28,0.8654644443088686,0.026530528800637443,0.026530528800637443,0.14780972988701363,0.963242098466978,0.00099313562660069,120,78.00429420289584,0.10252690422767487,480,False
five_level_weak_anharmonic,standalone_open_leakage_adjoint,0.03,combined,0.001,0.0005,29,0.8983761238082043,0.01847384265720531,0.01847384265720531,0.17632430059740448,0.9673572703753799,0.00099313562660069,120,78.00429420289584,0.10252690422767487,480,False
five_level_weak_anharmonic,standalone_open_leakage_adjoint,0.03,combined,0.001,0.0005,30,0.8568521147901065,0.016867478708324057,0.016867478708324057,0.2344553488154763,0.9688605685497023,0.00099313562660069,120,78.00429420289584,0.10252690422767487,480,False
five_level_weak_anharmonic,standalone_open_leakage_adjoint,0.03,combined,0.001,0.0005,31,0.8731658214857833,0.017300321466555024,0.019700706572871374,0.08197708614577745,0.9596833370248015,0.00099313562660069,120,78.00429420289584,0.10252690422767487,480,False
five_level_weak_anharmonic,standalone_open_leakage_adjoint,0.03,combined,0.001,0.0005,32,0.8799994021946534,0.015704259732999493,0.018291227913407204,0.08563662032307041,0.960176628558808,0.00099313562660069,120,78.00429420289584,0.10252690422767487,480,False
five_level_weak_anharmonic,standalone_open_leakage_adjoint,0.03,combined,0.001,0.0005,33,0.8229066348024721,0.011647037719385134,0.013839490358664941,0.28197722513371415,0.9701370603594877,0.00099313562660069,120,78.00429420289584,0.10252690422767487,480,False
five_level_weak_anharmonic,standalone_open_leakage_adjoint,0.03,combined,0.001,0.0005,34,0.9396352067386591,0.018363413675439255,0.02037106187862925,0.12767540798865326,0.9652340941683035,0.00099313562660069,120,78.00429420289584,0.10252690422767487,480,False
five_level_weak_anharmonic,standalone_open_leakage_adjoint,0.03,combined,0.001,0.0005,35,0.7360823265437724,0.017359256565299463,0.017976496936351172,0.32385832177826657,0.9681248646584066,0.00099313562660069,120,78.00429420289584,0.10252690422767487,480,False
five_level_weak_anharmonic,standalone_open_leakage_adjoint,0.03,combined,0.001,0.0005,36,0.9028877469718044,0.01996883970723151,0.01996883970723151,0.0853484739517058,0.9619068616002293,0.00099313562660069,120,78.00429420289584,0.10252690422767487,480,False
five_level_weak_anharmonic,standalone_open_leakage_adjoint,0.03,combined,0.001,0.0005,37,0.6761238135250366,0.01336791735439069,0.013586716416541078,0.437559476401877,0.9751133621577388,0.00099313562660069,120,78.00429420289584,0.10252690422767487,480,False
five_level_weak_anharmonic,standalone_open_leakage_adjoint,0.03,combined,0.001,0.0005,38,0.8186961910763185,0.008622514759262012,0.008622514759262012,0.24951427388898295,0.9687436763257272,0.00099313562660069,120,78.00429420289584,0.10252690422767487,480,False
five_level_weak_anharmonic,standalone_open_leakage_adjoint,0.03,combined,0.001,0.0005,39,0.955412743464852,0.01672660513226021,0.02185455527764435,0.0679632758836776,0.9620838111138368,0.00099313562660069,120,78.00429420289584,0.10252690422767487,480,False
five_level_weak_anharmonic,standalone_open_leakage_adjoint,0.03,combined,0.001,0.0005,40,0.8919993941913593,0.01952832983924735,0.01952832983924735,0.1618751226780283,0.9649143693276093,0.00099313562660069,120,78.00429420289584,0.10252690422767487,480,False
five_level_weak_anharmonic,standalone_open_leakage_adjoint,0.03,combined,0.001,0.0005,41,0.7330973388128917,0.013722261797640689,0.013722261797640689,0.2743101193324472,0.9653168871712173,0.00099313562660069,120,78.00429420289584,0.10252690422767487,480,False
five_level_weak_anharmonic,standalone_open_leakage_adjoint,0.03,combined,0.001,0.0005,42,0.9434422958590293,0.018429441999250118,0.018429441999250118,0.12579149441943965,0.965687053451718,0.00099313562660069,120,78.00429420289584,0.10252690422767487,480,False
five_level_weak_anharmonic,standalone_open_leakage_adjoint,0.03,combined,0.001,0.0005,43,0.960647127704809,0.017339420378545523,0.017339420378545523,0.05706626670665199,0.9629239865005341,0.00099313562660069,120,78.00429420289584,0.10252690422767487,480,False
five_level_weak_anharmonic,standalone_open_leakage_adjoint,0.03,combined,0.001,0.0005,44,0.7619517162539714,0.01416050439463623,0.01416050439463623,0.29413068013806515,0.9702337345053353,0.00099313562660069,120,78.00429420289584,0.10252690422767487,480,False
five_level_weak_anharmonic,standalone_open_leakage_adjoint,0.03,combined,0.001,0.0005,45,0.9455562746784371,0.019794727139987534,0.020146528786589513,0.11905604459043798,0.9650225919069043,0.00099313562660069,120,78.00429420289584,0.10252690422767487,480,False
five_level_weak_anharmonic,standalone_open_leakage_adjoint,0.03,combined,0.001,0.0005,46,0.7260311457155642,0.011794593592226676,0.013113511729423433,0.22001979966125196,0.9629861782517222,0.00099313562660069,120,78.00429420289584,0.10252690422767487,480,False
five_level_weak_anharmonic,standalone_open_leakage_adjoint,0.03,combined,0.001,0.0005,47,0.7804956515938665,0.017897139960218134,0.020165861099730176,0.23919147284508838,0.964925728849833,0.00099313562660069,120,78.00429420289584,0.10252690422767487,480,False
five_level_weak_anharmonic,standalone_open_leakage_adjoint,0.03,combined,0.001,0.0005,48,0.5515243059247297,0.009273522634383857,0.016057918873392363,0.3049893798646576,0.9603630381404461,0.00099313562660069,120,78.00429420289584,0.10252690422767487,480,False
five_level_weak_anharmonic,standalone_open_leakage_adjoint,0.03,combined,0.001,0.0005,49,0.8659324238193522,0.017961215492107496,0.0203051843456461,0.175474934619959,0.9635752344944103,0.00099313562660069,120,78.00429420289584,0.10252690422767487,480,False
five_level_weak_anharmonic,standalone_open_leakage_adjoint,0.03,combined,0.001,0.0005,50,0.9237398839043542,0.01914808559246639,0.01914808559246639,0.1573893970103793,0.9664487533783971,0.00099313562660069,120,78.00429420289584,0.10252690422767487,480,False
five_level_weak_anharmonic,standalone_open_leakage_adjoint,0.03,combined,0.001,0.0005,51,0.8394154057299501,0.017293546462965992,0.018054703228202573,0.23438306473503137,0.9662082490650697,0.00099313562660069,120,78.00429420289584,0.10252690422767487,480,False
five_level_weak_anharmonic,standalone_open_leakage_adjoint,0.03,combined,0.001,0.0005,52,0.7586630876555717,0.011468600733575252,0.015729183322354845,0.24026237757156416,0.963660222611321,0.00099313562660069,120,78.00429420289584,0.10252690422767487,480,False
five_level_weak_anharmonic,standalone_open_leakage_adjoint,0.03,combined,0.001,0.0005,53,0.9381553751364035,0.016734793707756324,0.020240238965142154,0.08576114141741842,0.9635296281031936,0.00099313562660069,120,78.00429420289584,0.10252690422767487,480,False
five_level_weak_anharmonic,standalone_open_leakage_adjoint,0.03,combined,0.001,0.0005,54,0.9588614957593685,0.015474334364815157,0.01879780541404208,0.05666360590087427,0.962927893534472,0.00099313562660069,120,78.00429420289584,0.10252690422767487,480,False
five_level_weak_anharmonic,standalone_open_leakage_adjoint,0.03,combined,0.001,0.0005,55,0.7854005976715714,0.01864298895396832,0.01864298895396832,0.25298099072642094,0.9684780872648677,0.00099313562660069,120,78.00429420289584,0.10252690422767487,480,False
five_level_weak_anharmonic,standalone_open_leakage_adjoint,0.03,combined,0.001,0.0005,56,0.9484521158365581,0.008779111868113532,0.018739322612183695,0.053795797462956756,0.9619172170165243,0.00099313562660069,120,78.00429420289584,0.10252690422767487,480,False
five_level_weak_anharmonic,standalone_open_leakage_adjoint,0.03,combined,0.001,0.0005,57,0.8136792414617787,0.02206691112139092,0.025927517665355282,0.2880858627896696,0.967975599949501,0.00099313562660069,120,78.00429420289584,0.10252690422767487,480,False
five_level_weak_anharmonic,standalone_open_leakage_adjoint,0.03,combined,0.001,0.0005,58,0.928764912616764,0.016633660986750565,0.016633660986750565,0.09228190634466779,0.963499152668461,0.00099313562660069,120,78.00429420289584,0.10252690422767487,480,False
five_level_weak_anharmonic,standalone_open_leakage_adjoint,0.03,combined,0.001,0.0005,59,0.6403115162242721,0.011016164458368838,0.01603088696018995,0.27320722205161796,0.9613138150969474,0.00099313562660069,120,78.00429420289584,0.10252690422767487,480,False
