system,controller,eval_strength,seed,final_fidelity,final_leakage,max_leakage,tail_infidelity_mean,pulse_energy,segments,training_seconds,training_objective,optimizer_iterations,optimizer_success
five_level_weak_anharmonic,path_horizon,0.0,10,0.9196291742451768,0.04493186616049616,0.04831445271392021,0.08620330221882554,0.0013843749999999998,120,66.5970776200993,,,
five_level_weak_anharmonic,path_horizon,0.0,11,0.9196291742451768,0.04493186616049616,0.04831445271392021,0.08620330221882554,0.0013843749999999998,120,66.5970776200993,,,
five_level_weak_anharmonic,path_horizon,0.0,12,0.9196291742451768,0.04493186616049616,0.04831445271392021,0.08620330221882554,0.0013843749999999998,120,66.5970776200993,,,
five_level_weak_anharmonic,path_horizon,0.0,13,0.9196291742451768,0.04493186616049616,0.04831445271392021,0.08620330221882554,0.0013843749999999998,120,66.5970776200993,,,
five_level_weak_anharmonic,path_horizon,0.0,14,0.9196291742451768,0.04493186616049616,0.04831445271392021,0.08620330221882554,0.0013843749999999998,120,66.5970776200993,,,
five_level_weak_anharmonic,path_horizon,0.0,15,0.9196291742451768,0.04493186616049616,0.04831445271392021,0.08620330221882554,0.0013843749999999998,120,66.5970776200993,,,
five_level_weak_anharmonic,path_horizon,0.0,16,0.9196291742451768,0.04493186616049616,0.04831445271392021,0.08620330221882554,0.0013843749999999998,120,66.5970776200993,,,
five_level_weak_anharmonic,path_horizon,0.0,17,0.9196291742451768,0.04493186616049616,0.04831445271392021,0.08620330221882554,0.0013843749999999998,120,66.5970776200993,,,
five_level_weak_anharmonic,path_horizon,0.0,18,0.9196291742451768,0.04493186616049616,0.04831445271392021,0.08620330221882554,0.0013843749999999998,120,66.5970776200993,,,
five_level_weak_anharmonic,path_horizon,0.0,19,0.9196291742451768,0.04493186616049616,0.04831445271392021,0.08620330221882554,0.0013843749999999998,120,66.5970776200993,,,
five_level_weak_anharmonic,path_horizon,0.0,20,0.9196291742451768,0.04493186616049616,0.04831445271392021,0.08620330221882554,0.0013843749999999998,120,66.5970776200993,,,
five_level_weak_anharmonic,path_horizon,0.0,21,0.9196291742451768,0.04493186616049616,0.04831445271392021,0.08620330221882554,0.0013843749999999998,120,66.5970776200993,,,
five_level_weak_anharmonic,path_horizon,0.0,22,0.9196291742451768,0.04493186616049616,0.04831445271392021,0.08620330221882554,0.0013843749999999998,120,66.5970776200993,,,
five_level_weak_anharmonic,path_horizon,0.0,23,0.9196291742451768,0.04493186616049616,0.04831445271392021,0.08620330221882554,0.0013843749999999998,120,66.5970776200993,,,
five_level_weak_anharmonic,path_horizon,0.0,24,0.9196291742451768,0.04493186616049616,0.04831445271392021,0.08620330221882554,0.0013843749999999998,120,66.5970776200993,,,
five_level_weak_anharmonic,path_horizon,0.0,25,0.9196291742451768,0.04493186616049616,0.04831445271392021,0.08620330221882554,0.0013843749999999998,120,66.5970776200993,,,
five_level_weak_anharmonic,path_horizon,0.0,26,0.9196291742451768,0.04493186616049616,0.04831445271392021,0.08620330221882554,0.0013843749999999998,120,66.5970776200993,,,
five_level_weak_anharmonic,path_horizon,0.0,27,0.9196291742451768,0.04493186616049616,0.04831445271392021,0.08620330221882554,0.0013843749999999998,120,66.5970776200993,,,
five_level_weak_anharmonic,path_horizon,0.0,28,0.9196291742451768,0.04493186616049616,0.04831445271392021,0.08620330221882554,0.0013843749999999998,120,66.5970776200993,,,
five_level_weak_anharmonic,path_horizon,0.0,29,0.9196291742451768,0.04493186616049616,0.04831445271392021,0.08620330221882554,0.0013843749999999998,120,66.5970776200993,,,
five_level_weak_anharmonic,path_horizon,0.0,30,0.9196291742451768,0.04493186616049616,0.04831445271392021,0.08620330221882554,0.0013843749999999998,120,66.5970776200993,,,
five_level_weak_anharmonic,path_horizon,0.0,31,0.9196291742451768,0.04493186616049616,0.04831445271392021,0.08620330221882554,0.0013843749999999998,120,66.5970776200993,,,
five_level_weak_anharmonic,path_horizon,0.0,32,0.9196291742451768,0.04493186616049616,0.04831445271392021,0.08620330221882554,0.0013843749999999998,120,66.5970776200993,,,
five_level_weak_anharmonic,path_horizon,0.0,33,0.9196291742451768,0.04493186616049616,0.04831445271392021,0.08620330221882554,0.0013843749999999998,120,66.5970776200993,,,
five_level_weak_anharmonic,path_horizon,0.0,34,0.9196291742451768,0.04493186616049616,0.04831445271392021,0.08620330221882554,0.0013843749999999998,120,66.5970776200993,,,
five_level_weak_anharmonic,path_horizon,0.0,35,0.9196291742451768,0.04493186616049616,0.04831445271392021,0.08620330221882554,0.0013843749999999998,120,66.5970776200993,,,
five_level_weak_anharmonic,path_horizon,0.0,36,0.9196291742451768,0.04493186616049616,0.04831445271392021,0.08620330221882554,0.0013843749999999998,120,66.5970776200993,,,
five_level_weak_anharmonic,path_horizon,0.0,37,0.9196291742451768,0.04493186616049616,0.04831445271392021,0.08620330221882554,0.0013843749999999998,120,66.5970776200993,,,
five_level_weak_anharmonic,path_horizon,0.0,38,0.9196291742451768,0.04493186616049616,0.04831445271392021,0.08620330221882554,0.0013843749999999998,120,66.5970776200993,,,
five_level_weak_anharmonic,path_horizon,0.0,39,0.9196291742451768,0.04493186616049616,0.04831445271392021,0.08620330221882554,0.0013843749999999998,120,66.5970776200993,,,
five_level_weak_anharmonic,path_horizon,0.0,40,0.9196291742451768,0.04493186616049616,0.04831445271392021,0.08620330221882554,0.0013843749999999998,120,66.5970776200993,,,
five_level_weak_anharmonic,path_horizon,0.0,41,0.9196291742451768,0.04493186616049616,0.04831445271392021,0.08620330221882554,0.0013843749999999998,120,66.5970776200993,,,
five_level_weak_anharmonic,path_horizon,0.0,42,0.9196291742451768,0.04493186616049616,0.04831445271392021,0.08620330221882554,0.0013843749999999998,120,66.5970776200993,,,
five_level_weak_anharmonic,path_horizon,0.0,43,0.9196291742451768,0.04493186616049616,0.04831445271392021,0.08620330221882554,0.0013843749999999998,120,66.5970776200993,,,
five_level_weak_anharmonic,path_horizon,0.0,44,0.9196291742451768,0.04493186616049616,0.04831445271392021,0.08620330221882554,0.0013843749999999998,120,66.5970776200993,,,
five_level_weak_anharmonic,path_horizon,0.0,45,0.9196291742451768,0.04493186616049616,0.04831445271392021,0.08620330221882554,0.0013843749999999998,120,66.5970776200993,,,
five_level_weak_anharmonic,path_horizon,0.0,46,0.9196291742451768,0.04493186616049616,0.04831445271392021,0.08620330221882554,0.0013843749999999998,120,66.5970776200993,,,
five_level_weak_anharmonic,path_horizon,0.0,47,0.9196291742451768,0.04493186616049616,0.04831445271392021,0.08620330221882554,0.0013843749999999998,120,66.5970776200993,,,
five_level_weak_anharmonic,path_horizon,0.0,48,0.9196291742451768,0.04493186616049616,0.04831445271392021,0.08620330221882554,0.0013843749999999998,120,66.5970776200993,,,
five_level_weak_anharmonic,path_horizon,0.0,49,0.9196291742451768,0.04493186616049616,0.04831445271392021,0.08620330221882554,0.0013843749999999998,120,66.5970776200993,,,
five_level_weak_anharmonic,path_horizon,0.0,50,0.9196291742451768,0.04493186616049616,0.04831445271392021,0.08620330221882554,0.0013843749999999998,120,66.5970776200993,,,
five_level_weak_anharmonic,path_horizon,0.0,51,0.9196291742451768,0.04493186616049616,0.04831445271392021,0.08620330221882554,0.0013843749999999998,120,66.5970776200993,,,
five_level_weak_anharmonic,path_horizon,0.0,52,0.9196291742451768,0.04493186616049616,0.04831445271392021,0.08620330221882554,0.0013843749999999998,120,66.5970776200993,,,
five_level_weak_anharmonic,path_horizon,0.0,53,0.9196291742451768,0.04493186616049616,0.04831445271392021,0.08620330221882554,0.0013843749999999998,120,66.5970776200993,,,
five_level_weak_anharmonic,path_horizon,0.0,54,0.9196291742451768,0.04493186616049616,0.04831445271392021,0.08620330221882554,0.0013843749999999998,120,66.5970776200993,,,
five_level_weak_anharmonic,path_horizon,0.0,55,0.9196291742451768,0.04493186616049616,0.04831445271392021,0.08620330221882554,0.0013843749999999998,120,66.5970776200993,,,
five_level_weak_anharmonic,path_horizon,0.0,56,0.9196291742451768,0.04493186616049616,0.04831445271392021,0.08620330221882554,0.0013843749999999998,120,66.5970776200993,,,
five_level_weak_anharmonic,path_horizon,0.0,57,0.9196291742451768,0.04493186616049616,0.04831445271392021,0.08620330221882554,0.0013843749999999998,120,66.5970776200993,,,
five_level_weak_anharmonic,path_horizon,0.0,58,0.9196291742451768,0.04493186616049616,0.04831445271392021,0.08620330221882554,0.0013843749999999998,120,66.5970776200993,,,
five_level_weak_anharmonic,path_horizon,0.0,59,0.9196291742451768,0.04493186616049616,0.04831445271392021,0.08620330221882554,0.0013843749999999998,120,66.5970776200993,,,
five_level_weak_anharmonic,path_horizon,0.01,10,0.9398134789662074,0.04544440479355538,0.04901314630818321,0.09191022518344497,0.0013843749999999998,120,66.5970776200993,,,
five_level_weak_anharmonic,path_horizon,0.01,11,0.898167274794286,0.04720545193985226,0.050979608997647974,0.0689149462927099,0.0013843749999999998,120,66.5970776200993,,,
five_level_weak_anharmonic,path_horizon,0.01,12,0.9292791919529011,0.047508191116490406,0.05017474845789016,0.05135446934803333,0.0013843749999999998,120,66.5970776200993,,,
five_level_weak_anharmonic,path_horizon,0.01,13,0.8420220665939013,0.04094341999900564,0.043495195012091314,0.18763240338356682,0.0013843749999999998,120,66.5970776200993,,,
five_level_weak_anharmonic,path_horizon,0.01,14,0.8741552609362709,0.040435886272588095,0.04318671593174639,0.1443363723591019,0.0013843749999999998,120,66.5970776200993,,,
five_level_weak_anharmonic,path_horizon,0.01,15,0.9188989016833132,0.04820530204115325,0.05104322849092424,0.08266719745894041,0.0013843749999999998,120,66.5970776200993,,,
five_level_weak_anharmonic,path_horizon,0.01,16,0.915944414625601,0.04798652929139957,0.05153143575252295,0.06717018455181892,0.0013843749999999998,120,66.5970776200993,,,
five_level_weak_anharmonic,path_horizon,0.01,17,0.9328437759505741,0.043303408933854315,0.047455659893983926,0.09023683680065077,0.0013843749999999998,120,66.5970776200993,,,
five_level_weak_anharmonic,path_horizon,0.01,18,0.9215521521412973,0.0483013578465481,0.050816782966148555,0.09618446815434392,0.0013843749999999998,120,66.5970776200993,,,
five_level_weak_anharmonic,path_horizon,0.01,19,0.9279645169382323,0.04346772584319747,0.047254445041172266,0.05175139615072128,0.0013843749999999998,120,66.5970776200993,,,
five_level_weak_anharmonic,path_horizon,0.01,20,0.938647891415747,0.04874952891667894,0.05232244839918865,0.060818548139236234,0.0013843749999999998,120,66.5970776200993,,,
five_level_weak_anharmonic,path_horizon,0.01,21,0.9340085461118357,0.04331330908366604,0.04734224574581125,0.06124936767318397,0.0013843749999999998,120,66.5970776200993,,,
five_level_weak_anharmonic,path_horizon,0.01,22,0.9259582159875729,0.04405941149363202,0.047752120728833836,0.06883671309563358,0.0013843749999999998,120,66.5970776200993,,,
five_level_weak_anharmonic,path_horizon,0.01,23,0.9160775932209253,0.045051691560131446,0.04812788234059584,0.08390741371492755,0.0013843749999999998,120,66.5970776200993,,,
five_level_weak_anharmonic,path_horizon,0.01,24,0.9013518930392003,0.037430170776007854,0.04194654667815423,0.10299564315140691,0.0013843749999999998,120,66.5970776200993,,,
five_level_weak_anharmonic,path_horizon,0.01,25,0.8952639514686669,0.04350475882562521,0.046749765870271576,0.10586247311266182,0.0013843749999999998,120,66.5970776200993,,,
five_level_weak_anharmonic,path_horizon,0.01,26,0.9151566734438713,0.04962841632920545,0.052036230806729145,0.09520463280762571,0.0013843749999999998,120,66.5970776200993,,,
five_level_weak_anharmonic,path_horizon,0.01,27,0.9081141196671626,0.04352182382785541,0.04706564149603287,0.10712955143237064,0.0013843749999999998,120,66.5970776200993,,,
five_level_weak_anharmonic,path_horizon,0.01,28,0.9262968321674551,0.04929002918237646,0.053651541225832156,0.07066812752029429,0.0013843749999999998,120,66.5970776200993,,,
five_level_weak_anharmonic,path_horizon,0.01,29,0.9337903844958875,0.046372091529285564,0.049272603109925095,0.08262454173580576,0.0013843749999999998,120,66.5970776200993,,,
five_level_weak_anharmonic,path_horizon,0.01,30,0.9072558545470306,0.042668886951873986,0.045188494677057545,0.12065826546901291,0.0013843749999999998,120,66.5970776200993,,,
five_level_weak_anharmonic,path_horizon,0.01,31,0.9009770951022444,0.04352298124000609,0.048720804612133906,0.07699691857530881,0.0013843749999999998,120,66.5970776200993,,,
five_level_weak_anharmonic,path_horizon,0.01,32,0.9015046003364352,0.042753231107589884,0.04676813911230726,0.07415270092279416,0.0013843749999999998,120,66.5970776200993,,,
five_level_weak_anharmonic,path_horizon,0.01,33,0.9077586058366255,0.04411343617083441,0.04614429096553452,0.1268733587197625,0.0013843749999999998,120,66.5970776200993,,,
five_level_weak_anharmonic,path_horizon,0.01,34,0.8986300258157828,0.04848153035075409,0.05112984865445047,0.1106177470018738,0.0013843749999999998,120,66.5970776200993,,,
five_level_weak_anharmonic,path_horizon,0.01,35,0.9405907029491981,0.050732746190498945,0.05430531488488022,0.06931230104584968,0.0013843749999999998,120,66.5970776200993,,,
five_level_weak_anharmonic,path_horizon,0.01,36,0.9053008011044199,0.044649567057383543,0.048823278624862576,0.07463004218037857,0.0013843749999999998,120,66.5970776200993,,,
five_level_weak_anharmonic,path_horizon,0.01,37,0.9288540625676301,0.0444235837932585,0.04848192688359265,0.11229168578071795,0.0013843749999999998,120,66.5970776200993,,,
five_level_weak_anharmonic,path_horizon,0.01,38,0.8889344341134128,0.03759280553566946,0.03993127065354307,0.143197760990044,0.0013843749999999998,120,66.5970776200993,,,
five_level_weak_anharmonic,path_horizon,0.01,39,0.9030942359819475,0.04377135110850261,0.04775542767589147,0.08617742347978856,0.0013843749999999998,120,66.5970776200993,,,
five_level_weak_anharmonic,path_horizon,0.01,40,0.9269064748248156,0.04821262963170103,0.05129574401729364,0.07506215766998368,0.0013843749999999998,120,66.5970776200993,,,
five_level_weak_anharmonic,path_horizon,0.01,41,0.93514105713192,0.047283204297355996,0.05050531983619311,0.0575834981017959,0.0013843749999999998,120,66.5970776200993,,,
five_level_weak_anharmonic,path_horizon,0.01,42,0.9106159040129348,0.04793904657591985,0.05030728748697544,0.1073883009207446,0.0013843749999999998,120,66.5970776200993,,,
five_level_weak_anharmonic,path_horizon,0.01,43,0.8980091856722596,0.04187463205864794,0.04565096747185193,0.08970360305728974,0.0013843749999999998,120,66.5970776200993,,,
five_level_weak_anharmonic,path_horizon,0.01,44,0.8864616664885597,0.04183037549174351,0.04471024986671712,0.1604371470027619,0.0013843749999999998,120,66.5970776200993,,,
five_level_weak_anharmonic,path_horizon,0.01,45,0.9067403987031356,0.04511511593424933,0.049043445073019276,0.10489512240108194,0.0013843749999999998,120,66.5970776200993,,,
five_level_weak_anharmonic,path_horizon,0.01,46,0.9138998560673399,0.04271441514547347,0.04600910222303922,0.05519340138266738,0.0013843749999999998,120,66.5970776200993,,,
five_level_weak_anharmonic,path_horizon,0.01,47,0.9313449710351069,0.04539642388865062,0.050361490601365966,0.061290793626149066,0.0013843749999999998,120,66.5970776200993,,,
five_level_weak_anharmonic,path_horizon,0.01,48,0.8748495740119527,0.04190602388115772,0.046248738565837666,0.06578222243156719,0.0013843749999999998,120,66.5970776200993,,,
five_level_weak_anharmonic,path_horizon,0.01,49,0.9239434045011495,0.044720265844502505,0.04981034949077112,0.07011444951376883,0.0013843749999999998,120,66.5970776200993,,,
five_level_weak_anharmonic,path_horizon,0.01,50,0.9093799434615449,0.044679932275670464,0.04877984165637028,0.10225977393530805,0.0013843749999999998,120,66.5970776200993,,,
five_level_weak_anharmonic,path_horizon,0.01,51,0.9322167359184834,0.04947711007325173,0.05222068974420113,0.07554337753426807,0.0013843749999999998,120,66.5970776200993,,,
five_level_weak_anharmonic,path_horizon,0.01,52,0.9301807634917112,0.0436983258477297,0.048419946484905,0.05784965345227468,0.0013843749999999998,120,66.5970776200993,,,
five_level_weak_anharmonic,path_horizon,0.01,53,0.8796426174250239,0.04437231785499196,0.04669648445212993,0.11553776950330265,0.0013843749999999998,120,66.5970776200993,,,
five_level_weak_anharmonic,path_horizon,0.01,54,0.8857535563157624,0.04446616651091595,0.04768304807499946,0.10347649425862716,0.0013843749999999998,120,66.5970776200993,,,
five_level_weak_anharmonic,path_horizon,0.01,55,0.8758792874142146,0.04448689085522539,0.04788595713409072,0.15800913032627378,0.0013843749999999998,120,66.5970776200993,,,
five_level_weak_anharmonic,path_horizon,0.01,56,0.9012754471385259,0.043007221655468664,0.04493401616109782,0.08116912278575443,0.0013843749999999998,120,66.5970776200993,,,
five_level_weak_anharmonic,path_horizon,0.01,57,0.9272787408559123,0.05006591058285892,0.05389021443837061,0.09140014311330381,0.0013843749999999998,120,66.5970776200993,,,
five_level_weak_anharmonic,path_horizon,0.01,58,0.9152192794486554,0.041881152795213095,0.04601145189453715,0.07501076892021903,0.0013843749999999998,120,66.5970776200993,,,
five_level_weak_anharmonic,path_horizon,0.01,59,0.8976869293316946,0.045502230633526985,0.04998337482021753,0.059897616702129355,0.0013843749999999998,120,66.5970776200993,,,
five_level_weak_anharmonic,path_horizon,0.02,10,0.9445561640870608,0.04512123667666679,0.048907062161057335,0.10871872099576535,0.0013843749999999998,120,66.5970776200993,,,
five_level_weak_anharmonic,path_horizon,0.02,11,0.8463321004458043,0.04768952677412264,0.051830283906155517,0.07852429864962389,0.0013843749999999998,120,66.5970776200993,,,
five_level_weak_anharmonic,path_horizon,0.02,12,0.8865243997971999,0.046476911400322285,0.048497502305927975,0.061795020879505023,0.0013843749999999998,120,66.5970776200993,,,
five_level_weak_anharmonic,path_horizon,0.02,13,0.6983082210225742,0.03340293646837833,0.035358121520072006,0.3387048062272216,0.0013843749999999998,120,66.5970776200993,,,
five_level_weak_anharmonic,path_horizon,0.02,14,0.794695915437128,0.03468268668412211,0.036909415215401586,0.22847310919182878,0.0013843749999999998,120,66.5970776200993,,,
five_level_weak_anharmonic,path_horizon,0.02,15,0.9173874196059457,0.05105110733885787,0.0545210577645846,0.0817244006185661,0.0013843749999999998,120,66.5970776200993,,,
five_level_weak_anharmonic,path_horizon,0.02,16,0.89684803533467,0.05002394467519555,0.0536360502886003,0.06120960815091245,0.0013843749999999998,120,66.5970776200993,,,
five_level_weak_anharmonic,path_horizon,0.02,17,0.9410192683352554,0.041107350096237005,0.045658954214138237,0.09699459606787628,0.0013843749999999998,120,66.5970776200993,,,
five_level_weak_anharmonic,path_horizon,0.02,18,0.9201551704856966,0.05140066978398483,0.05301439531341667,0.10878626117466401,0.0013843749999999998,120,66.5970776200993,,,
five_level_weak_anharmonic,path_horizon,0.02,19,0.8919432328110989,0.039705333475974824,0.04390623401542837,0.05498928091510811,0.0013843749999999998,120,66.5970776200993,,,
five_level_weak_anharmonic,path_horizon,0.02,20,0.9315593726818894,0.052173511737559464,0.05546010582465477,0.05591307399336798,0.0013843749999999998,120,66.5970776200993,,,
five_level_weak_anharmonic,path_horizon,0.02,21,0.9338262525288958,0.041058014821887756,0.04590045382330943,0.04822090954048962,0.0013843749999999998,120,66.5970776200993,,,
five_level_weak_anharmonic,path_horizon,0.02,22,0.9236876773216671,0.042694953536743574,0.04671199992889441,0.057109367725664474,0.0013843749999999998,120,66.5970776200993,,,
five_level_weak_anharmonic,path_horizon,0.02,23,0.9116938275819653,0.04521018458901338,0.04799481297214181,0.08205731676892195,0.0013843749999999998,120,66.5970776200993,,,
five_level_weak_anharmonic,path_horizon,0.02,24,0.8757611015301725,0.03051724150350621,0.03543918006680025,0.12445524872115821,0.0013843749999999998,120,66.5970776200993,,,
five_level_weak_anharmonic,path_horizon,0.02,25,0.8637500038176039,0.04207047357782756,0.04521837458553635,0.1314311351837806,0.0013843749999999998,120,66.5970776200993,,,
five_level_weak_anharmonic,path_horizon,0.02,26,0.9100252340305293,0.054025084395500134,0.05508886599883234,0.10460537570660554,0.0013843749999999998,120,66.5970776200993,,,
five_level_weak_anharmonic,path_horizon,0.02,27,0.890369438804417,0.04186821641442651,0.04561289193401741,0.13220592036965323,0.0013843749999999998,120,66.5970776200993,,,
five_level_weak_anharmonic,path_horizon,0.02,28,0.922737456419135,0.05387176259426674,0.05909545210986533,0.06210227762659473,0.0013843749999999998,120,66.5970776200993,,,
five_level_weak_anharmonic,path_horizon,0.02,29,0.9425991147442866,0.0477575273556311,0.050162583644803305,0.08300419085518873,0.0013843749999999998,120,66.5970776200993,,,
five_level_weak_anharmonic,path_horizon,0.02,30,0.8763937751254931,0.04075864190280298,0.04235601579866255,0.16848447309864384,0.0013843749999999998,120,66.5970776200993,,,
five_level_weak_anharmonic,path_horizon,0.02,31,0.863704897969092,0.0410804857783329,0.04804338038789979,0.08323384288021274,0.0013843749999999998,120,66.5970776200993,,,
five_level_weak_anharmonic,path_horizon,0.02,32,0.8644670794253988,0.040086436796692215,0.044519345066187155,0.07820920904558154,0.0013843749999999998,120,66.5970776200993,,,
five_level_weak_anharmonic,path_horizon,0.02,33,0.871636773819025,0.041824431964071485,0.042731900365049924,0.1863602400145441,0.0013843749999999998,120,66.5970776200993,,,
five_level_weak_anharmonic,path_horizon,0.02,34,0.8712849428680967,0.05213457456019033,0.053682743661941146,0.1393222676266933,0.0013843749999999998,120,66.5970776200993,,,
five_level_weak_anharmonic,path_horizon,0.02,35,0.9390727591296077,0.056549926886747426,0.060260531343345525,0.07028091249383027,0.0013843749999999998,120,66.5970776200993,,,
five_level_weak_anharmonic,path_horizon,0.02,36,0.8780708586001547,0.04373173214503534,0.04867820771089404,0.07478598604976627,0.0013843749999999998,120,66.5970776200993,,,
five_level_weak_anharmonic,path_horizon,0.02,37,0.9156710905085639,0.04174473979327553,0.046368297980465045,0.15294667169505927,0.0013843749999999998,120,66.5970776200993,,,
five_level_weak_anharmonic,path_horizon,0.02,38,0.8214281498504529,0.02996265414806798,0.03151353432099102,0.22797575419377594,0.0013843749999999998,120,66.5970776200993,,,
five_level_weak_anharmonic,path_horizon,0.02,39,0.8796993942514834,0.04241339251111231,0.046996222675473986,0.0921042710376196,0.0013843749999999998,120,66.5970776200993,,,
five_level_weak_anharmonic,path_horizon,0.02,40,0.9305531728301679,0.05141318416515006,0.05415656762977572,0.06680462749951445,0.0013843749999999998,120,66.5970776200993,,,
five_level_weak_anharmonic,path_horizon,0.02,41,0.9232289614856345,0.048242803364140885,0.05136580651374878,0.05141472352534354,0.0013843749999999998,120,66.5970776200993,,,
five_level_weak_anharmonic,path_horizon,0.02,42,0.8941662395843655,0.05037664826599153,0.05118664716352317,0.1335588865424607,0.0013843749999999998,120,66.5970776200993,,,
five_level_weak_anharmonic,path_horizon,0.02,43,0.8684634280844072,0.03876366959061539,0.04299104369037687,0.10047807324101388,0.0013843749999999998,120,66.5970776200993,,,
five_level_weak_anharmonic,path_horizon,0.02,44,0.7993062685076494,0.03546895260924243,0.03818232433194191,0.2745835352132993,0.0013843749999999998,120,66.5970776200993,,,
five_level_weak_anharmonic,path_horizon,0.02,45,0.8884836404697504,0.0462982024508225,0.05081520904469494,0.126998004402645,0.0013843749999999998,120,66.5970776200993,,,
five_level_weak_anharmonic,path_horizon,0.02,46,0.8672104378867108,0.03939102449480891,0.04260098618240293,0.060193692957954764,0.0013843749999999998,120,66.5970776200993,,,
five_level_weak_anharmonic,path_horizon,0.02,47,0.9264614821237379,0.043319779328799046,0.050523394379250575,0.05217696232278355,0.0013843749999999998,120,66.5970776200993,,,
five_level_weak_anharmonic,path_horizon,0.02,48,0.7447015348948912,0.03437241043395112,0.04143487795160827,0.12859607733207967,0.0013843749999999998,120,66.5970776200993,,,
five_level_weak_anharmonic,path_horizon,0.02,49,0.9200166092395433,0.043179609674125374,0.049685391324599815,0.061096070553252134,0.0013843749999999998,120,66.5970776200993,,,
five_level_weak_anharmonic,path_horizon,0.02,50,0.8957860792290266,0.04451822013393125,0.04935668298441809,0.1203026237820325,0.0013843749999999998,120,66.5970776200993,,,
five_level_weak_anharmonic,path_horizon,0.02,51,0.9389671143028749,0.05383347271423322,0.05590583916476277,0.06971090431059673,0.0013843749999999998,120,66.5970776200993,,,
five_level_weak_anharmonic,path_horizon,0.02,52,0.913778066580497,0.04077203767452431,0.04675993033393688,0.05217940912324403,0.0013843749999999998,120,66.5970776200993,,,
five_level_weak_anharmonic,path_horizon,0.02,53,0.8259287109416826,0.04268991613293227,0.043945536958680864,0.15704914456771626,0.0013843749999999998,120,66.5970776200993,,,
five_level_weak_anharmonic,path_horizon,0.02,54,0.8423547399419851,0.0431462968195373,0.04632130354499675,0.12976816056899965,0.0013843749999999998,120,66.5970776200993,,,
five_level_weak_anharmonic,path_horizon,0.02,55,0.7891514236224633,0.04140176803025175,0.044812453729998536,0.2615436475910715,0.0013843749999999998,120,66.5970776200993,,,
five_level_weak_anharmonic,path_horizon,0.02,56,0.8763983889795874,0.039313813349370674,0.04198429019963701,0.08441978338771414,0.0013843749999999998,120,66.5970776200993,,,
five_level_weak_anharmonic,path_horizon,0.02,57,0.9286952862982757,0.05626508399285357,0.06089503965674903,0.09962170702679553,0.0013843749999999998,120,66.5970776200993,,,
five_level_weak_anharmonic,path_horizon,0.02,58,0.9053152784724605,0.03851354166655996,0.043782796362651255,0.06926272647801904,0.0013843749999999998,120,66.5970776200993,,,
five_level_weak_anharmonic,path_horizon,0.02,59,0.8132854727975564,0.04205612757530974,0.047751282463593614,0.09182980569661256,0.0013843749999999998,120,66.5970776200993,,,
five_level_weak_anharmonic,path_horizon,0.03,10,0.9385595660582766,0.0442464792527566,0.048347054728670735,0.13188590609545808,0.0013843749999999998,120,66.5970776200993,,,
five_level_weak_anharmonic,path_horizon,0.03,11,0.7670926595171269,0.04609684296057781,0.050570800780923686,0.11594891544903017,0.0013843749999999998,120,66.5970776200993,,,
five_level_weak_anharmonic,path_horizon,0.03,12,0.8007726380073718,0.042078977498003045,0.043970043766356826,0.11385829483639824,0.0013843749999999998,120,66.5970776200993,,,
five_level_weak_anharmonic,path_horizon,0.03,13,0.5210047902620144,0.024022118478208676,0.025533911967432488,0.5129518694098636,0.0013843749999999998,120,66.5970776200993,,,
five_level_weak_anharmonic,path_horizon,0.03,14,0.6874796977210621,0.028205581374010746,0.030056919768740586,0.3333037067111455,0.0013843749999999998,120,66.5970776200993,,,
five_level_weak_anharmonic,path_horizon,0.03,15,0.9133528151158352,0.0551391242732262,0.061031971220179226,0.08418085502371024,0.0013843749999999998,120,66.5970776200993,,,
five_level_weak_anharmonic,path_horizon,0.03,16,0.8630784484554429,0.0507446961037189,0.054370852324536534,0.06875202123635116,0.0013843749999999998,120,66.5970776200993,,,
five_level_weak_anharmonic,path_horizon,0.03,17,0.9448073950782115,0.03880128590649279,0.04326838255327947,0.10539403563674046,0.0013843749999999998,120,66.5970776200993,,,
five_level_weak_anharmonic,path_horizon,0.03,18,0.9156055257381707,0.0541839872443044,0.0548978122775845,0.12381073888236088,0.0013843749999999998,120,66.5970776200993,,,
five_level_weak_anharmonic,path_horizon,0.03,19,0.8161722103221642,0.03415050287895727,0.038711239089874394,0.09541644139403192,0.0013843749999999998,120,66.5970776200993,,,
five_level_weak_anharmonic,path_horizon,0.03,20,0.9008215185697052,0.05470970539146913,0.05721041974244778,0.07019791520907162,0.0013843749999999998,120,66.5970776200993,,,
five_level_weak_anharmonic,path_horizon,0.03,21,0.9192366902233837,0.03808188727457695,0.04383299146219166,0.047473255781622564,0.0013843749999999998,120,66.5970776200993,,,
five_level_weak_anharmonic,path_horizon,0.03,22,0.9119853901516329,0.0408341697381609,0.0451579085476026,0.05200001175288673,0.0013843749999999998,120,66.5970776200993,,,
five_level_weak_anharmonic,path_horizon,0.03,23,0.9064179178260238,0.04540978804266704,0.04791891235073975,0.08072720487310787,0.0013843749999999998,120,66.5970776200993,,,
five_level_weak_anharmonic,path_horizon,0.03,24,0.8420215211899192,0.025597390680845766,0.03475774516814145,0.1507322937697426,0.0013843749999999998,120,66.5970776200993,,,
five_level_weak_anharmonic,path_horizon,0.03,25,0.8257010976045103,0.040536729752763456,0.04370486972423493,0.16266269251925727,0.0013843749999999998,120,66.5970776200993,,,
five_level_weak_anharmonic,path_horizon,0.03,26,0.9046966600877012,0.05772281522343503,0.05772281522343503,0.11440782582401425,0.0013843749999999998,120,66.5970776200993,,,
five_level_weak_anharmonic,path_horizon,0.03,27,0.8670755892571931,0.040000792089003756,0.04397452976090643,0.16083120215227098,0.0013843749999999998,120,66.5970776200993,,,
five_level_weak_anharmonic,path_horizon,0.03,28,0.9090726352543044,0.05848897541397602,0.0644440600975652,0.06077170896505864,0.0013843749999999998,120,66.5970776200993,,,
five_level_weak_anharmonic,path_horizon,0.03,29,0.9464348527612733,0.04914026190868859,0.05107083913621102,0.08694045878815312,0.0013843749999999998,120,66.5970776200993,,,
five_level_weak_anharmonic,path_horizon,0.03,30,0.8294908614408991,0.038936562883203574,0.03997810170697225,0.22770250086989463,0.0013843749999999998,120,66.5970776200993,,,
five_level_weak_anharmonic,path_horizon,0.03,31,0.8081245892465427,0.03756686101104123,0.04775863773731992,0.10637418392804002,0.0013843749999999998,120,66.5970776200993,,,
five_level_weak_anharmonic,path_horizon,0.03,32,0.8095282752732832,0.03709001896197783,0.041721694338669346,0.0989960474364607,0.0013843749999999998,120,66.5970776200993,,,
five_level_weak_anharmonic,path_horizon,0.03,33,0.8145012563822168,0.0383810200686584,0.0384285878548325,0.2607472557186046,0.0013843749999999998,120,66.5970776200993,,,
five_level_weak_anharmonic,path_horizon,0.03,34,0.8391473790463052,0.05494696127322696,0.055009496341275055,0.17137633817793405,0.0013843749999999998,120,66.5970776200993,,,
five_level_weak_anharmonic,path_horizon,0.03,35,0.9163614268269105,0.06217094651564847,0.06576423119665609,0.08783137272013027,0.0013843749999999998,120,66.5970776200993,,,
five_level_weak_anharmonic,path_horizon,0.03,36,0.8387148029153102,0.04218262884361812,0.047840364748936715,0.08684247026295923,0.0013843749999999998,120,66.5970776200993,,,
five_level_weak_anharmonic,path_horizon,0.03,37,0.887331001282997,0.03788504725556585,0.04251574716595363,0.19999763433283418,0.0013843749999999998,120,66.5970776200993,,,
five_level_weak_anharmonic,path_horizon,0.03,38,0.7253882521890378,0.02275862619502611,0.02379566470159955,0.33261865173780764,0.0013843749999999998,120,66.5970776200993,,,
five_level_weak_anharmonic,path_horizon,0.03,39,0.8495850508180085,0.04088279117654536,0.05229912503440304,0.10411521833002095,0.0013843749999999998,120,66.5970776200993,,,
five_level_weak_anharmonic,path_horizon,0.03,40,0.9306674494118578,0.05450521237894923,0.05693560134373732,0.06140507615963532,0.0013843749999999998,120,66.5970776200993,,,
five_level_weak_anharmonic,path_horizon,0.03,41,0.8855636680275406,0.04780996931634374,0.05090428623325327,0.0673324412312018,0.0013843749999999998,120,66.5970776200993,,,
five_level_weak_anharmonic,path_horizon,0.03,42,0.871270806123647,0.05168509729004234,0.05168509729004234,0.16402118653718595,0.0013843749999999998,120,66.5970776200993,,,
five_level_weak_anharmonic,path_horizon,0.03,43,0.8316592455313291,0.035530878288320356,0.040269813052241754,0.11839421669781673,0.0013843749999999998,120,66.5970776200993,,,
five_level_weak_anharmonic,path_horizon,0.03,44,0.6726877023379133,0.02702957614059298,0.02977144338877402,0.413076591398116,0.0013843749999999998,120,66.5970776200993,,,
five_level_weak_anharmonic,path_horizon,0.03,45,0.8649522471491261,0.0484816377422268,0.05344274061280885,0.1520871123748772,0.0013843749999999998,120,66.5970776200993,,,
five_level_weak_anharmonic,path_horizon,0.03,46,0.7838626779020285,0.03534138036251111,0.03844318905539357,0.10160768701783882,0.0013843749999999998,120,66.5970776200993,,,
five_level_weak_anharmonic,path_horizon,0.03,47,0.9061464206268406,0.038525722312067745,0.04949962644940753,0.058028065501183994,0.0013843749999999998,120,66.5970776200993,,,
five_level_weak_anharmonic,path_horizon,0.03,48,0.5599214721248511,0.02411066119781502,0.0440432633517952,0.263850902594642,0.0013843749999999998,120,66.5970776200993,,,
five_level_weak_anharmonic,path_horizon,0.03,49,0.9076089191047216,0.04061435607231745,0.049375241781091206,0.05934560942096911,0.0013843749999999998,120,66.5970776200993,,,
five_level_weak_anharmonic,path_horizon,0.03,50,0.8791012989559271,0.04443064065387192,0.05001329593649817,0.14013435343663705,0.0013843749999999998,120,66.5970776200993,,,
five_level_weak_anharmonic,path_horizon,0.03,51,0.9397076256517335,0.057939110565915164,0.059337561302864494,0.06888308560241858,0.0013843749999999998,120,66.5970776200993,,,
five_level_weak_anharmonic,path_horizon,0.03,52,0.8720193233179772,0.036343706821671984,0.04425951638862369,0.06925838568410327,0.0013843749999999998,120,66.5970776200993,,,
five_level_weak_anharmonic,path_horizon,0.03,53,0.7602408802921247,0.03994583416861908,0.040169361218432065,0.20987975223584684,0.0013843749999999998,120,66.5970776200993,,,
five_level_weak_anharmonic,path_horizon,0.03,54,0.7908551704111101,0.041039800084336386,0.04430680310550272,0.16437902291165085,0.0013843749999999998,120,66.5970776200993,,,
five_level_weak_anharmonic,path_horizon,0.03,55,0.6704906555845602,0.03587615320874393,0.039290561216553055,0.3861887992731781,0.0013843749999999998,120,66.5970776200993,,,
five_level_weak_anharmonic,path_horizon,0.03,56,0.8457231178743084,0.03457441057707811,0.04927383270814245,0.09576276661496914,0.0013843749999999998,120,66.5970776200993,,,
five_level_weak_anharmonic,path_horizon,0.03,57,0.9252093416465892,0.063928364085449,0.06959901997321072,0.10931116924644535,0.0013843749999999998,120,66.5970776200993,,,
five_level_weak_anharmonic,path_horizon,0.03,58,0.8902607710912517,0.03449202325026579,0.04110577678039973,0.06895785003126628,0.0013843749999999998,120,66.5970776200993,,,
five_level_weak_anharmonic,path_horizon,0.03,59,0.6805462703366647,0.035152582021233725,0.04478536597903704,0.17804691456996444,0.0013843749999999998,120,66.5970776200993,,,
five_level_weak_anharmonic,terminal_grape,0.0,10,0.9987035300600536,0.00038422740066557104,0.10655996304727955,0.014373045598403734,0.002839797172267026,80,16.49053934996482,0.0039392891448122155,40,False
five_level_weak_anharmonic,terminal_grape,0.0,11,0.9987035300600536,0.00038422740066557104,0.10655996304727955,0.014373045598403734,0.002839797172267026,80,16.49053934996482,0.0039392891448122155,40,False
five_level_weak_anharmonic,terminal_grape,0.0,12,0.9987035300600536,0.00038422740066557104,0.10655996304727955,0.014373045598403734,0.002839797172267026,80,16.49053934996482,0.0039392891448122155,40,False
five_level_weak_anharmonic,terminal_grape,0.0,13,0.9987035300600536,0.00038422740066557104,0.10655996304727955,0.014373045598403734,0.002839797172267026,80,16.49053934996482,0.0039392891448122155,40,False
five_level_weak_anharmonic,terminal_grape,0.0,14,0.9987035300600536,0.00038422740066557104,0.10655996304727955,0.014373045598403734,0.002839797172267026,80,16.49053934996482,0.0039392891448122155,40,False
five_level_weak_anharmonic,terminal_grape,0.0,15,0.9987035300600536,0.00038422740066557104,0.10655996304727955,0.014373045598403734,0.002839797172267026,80,16.49053934996482,0.0039392891448122155,40,False
five_level_weak_anharmonic,terminal_grape,0.0,16,0.9987035300600536,0.00038422740066557104,0.10655996304727955,0.014373045598403734,0.002839797172267026,80,16.49053934996482,0.0039392891448122155,40,False
five_level_weak_anharmonic,terminal_grape,0.0,17,0.9987035300600536,0.00038422740066557104,0.10655996304727955,0.014373045598403734,0.002839797172267026,80,16.49053934996482,0.0039392891448122155,40,False
five_level_weak_anharmonic,terminal_grape,0.0,18,0.9987035300600536,0.00038422740066557104,0.10655996304727955,0.014373045598403734,0.002839797172267026,80,16.49053934996482,0.0039392891448122155,40,False
five_level_weak_anharmonic,terminal_grape,0.0,19,0.9987035300600536,0.00038422740066557104,0.10655996304727955,0.014373045598403734,0.002839797172267026,80,16.49053934996482,0.0039392891448122155,40,False
five_level_weak_anharmonic,terminal_grape,0.0,20,0.9987035300600536,0.00038422740066557104,0.10655996304727955,0.014373045598403734,0.002839797172267026,80,16.49053934996482,0.0039392891448122155,40,False
five_level_weak_anharmonic,terminal_grape,0.0,21,0.9987035300600536,0.00038422740066557104,0.10655996304727955,0.014373045598403734,0.002839797172267026,80,16.49053934996482,0.0039392891448122155,40,False
five_level_weak_anharmonic,terminal_grape,0.0,22,0.9987035300600536,0.00038422740066557104,0.10655996304727955,0.014373045598403734,0.002839797172267026,80,16.49053934996482,0.0039392891448122155,40,False
five_level_weak_anharmonic,terminal_grape,0.0,23,0.9987035300600536,0.00038422740066557104,0.10655996304727955,0.014373045598403734,0.002839797172267026,80,16.49053934996482,0.0039392891448122155,40,False
five_level_weak_anharmonic,terminal_grape,0.0,24,0.9987035300600536,0.00038422740066557104,0.10655996304727955,0.014373045598403734,0.002839797172267026,80,16.49053934996482,0.0039392891448122155,40,False
five_level_weak_anharmonic,terminal_grape,0.0,25,0.9987035300600536,0.00038422740066557104,0.10655996304727955,0.014373045598403734,0.002839797172267026,80,16.49053934996482,0.0039392891448122155,40,False
five_level_weak_anharmonic,terminal_grape,0.0,26,0.9987035300600536,0.00038422740066557104,0.10655996304727955,0.014373045598403734,0.002839797172267026,80,16.49053934996482,0.0039392891448122155,40,False
five_level_weak_anharmonic,terminal_grape,0.0,27,0.9987035300600536,0.00038422740066557104,0.10655996304727955,0.014373045598403734,0.002839797172267026,80,16.49053934996482,0.0039392891448122155,40,False
five_level_weak_anharmonic,terminal_grape,0.0,28,0.9987035300600536,0.00038422740066557104,0.10655996304727955,0.014373045598403734,0.002839797172267026,80,16.49053934996482,0.0039392891448122155,40,False
five_level_weak_anharmonic,terminal_grape,0.0,29,0.9987035300600536,0.00038422740066557104,0.10655996304727955,0.014373045598403734,0.002839797172267026,80,16.49053934996482,0.0039392891448122155,40,False
five_level_weak_anharmonic,terminal_grape,0.0,30,0.9987035300600536,0.00038422740066557104,0.10655996304727955,0.014373045598403734,0.002839797172267026,80,16.49053934996482,0.0039392891448122155,40,False
five_level_weak_anharmonic,terminal_grape,0.0,31,0.9987035300600536,0.00038422740066557104,0.10655996304727955,0.014373045598403734,0.002839797172267026,80,16.49053934996482,0.0039392891448122155,40,False
five_level_weak_anharmonic,terminal_grape,0.0,32,0.9987035300600536,0.00038422740066557104,0.10655996304727955,0.014373045598403734,0.002839797172267026,80,16.49053934996482,0.0039392891448122155,40,False
five_level_weak_anharmonic,terminal_grape,0.0,33,0.9987035300600536,0.00038422740066557104,0.10655996304727955,0.014373045598403734,0.002839797172267026,80,16.49053934996482,0.0039392891448122155,40,False
five_level_weak_anharmonic,terminal_grape,0.0,34,0.9987035300600536,0.00038422740066557104,0.10655996304727955,0.014373045598403734,0.002839797172267026,80,16.49053934996482,0.0039392891448122155,40,False
five_level_weak_anharmonic,terminal_grape,0.0,35,0.9987035300600536,0.00038422740066557104,0.10655996304727955,0.014373045598403734,0.002839797172267026,80,16.49053934996482,0.0039392891448122155,40,False
five_level_weak_anharmonic,terminal_grape,0.0,36,0.9987035300600536,0.00038422740066557104,0.10655996304727955,0.014373045598403734,0.002839797172267026,80,16.49053934996482,0.0039392891448122155,40,False
five_level_weak_anharmonic,terminal_grape,0.0,37,0.9987035300600536,0.00038422740066557104,0.10655996304727955,0.014373045598403734,0.002839797172267026,80,16.49053934996482,0.0039392891448122155,40,False
five_level_weak_anharmonic,terminal_grape,0.0,38,0.9987035300600536,0.00038422740066557104,0.10655996304727955,0.014373045598403734,0.002839797172267026,80,16.49053934996482,0.0039392891448122155,40,False
five_level_weak_anharmonic,terminal_grape,0.0,39,0.9987035300600536,0.00038422740066557104,0.10655996304727955,0.014373045598403734,0.002839797172267026,80,16.49053934996482,0.0039392891448122155,40,False
five_level_weak_anharmonic,terminal_grape,0.0,40,0.9987035300600536,0.00038422740066557104,0.10655996304727955,0.014373045598403734,0.002839797172267026,80,16.49053934996482,0.0039392891448122155,40,False
five_level_weak_anharmonic,terminal_grape,0.0,41,0.9987035300600536,0.00038422740066557104,0.10655996304727955,0.014373045598403734,0.002839797172267026,80,16.49053934996482,0.0039392891448122155,40,False
five_level_weak_anharmonic,terminal_grape,0.0,42,0.9987035300600536,0.00038422740066557104,0.10655996304727955,0.014373045598403734,0.002839797172267026,80,16.49053934996482,0.0039392891448122155,40,False
five_level_weak_anharmonic,terminal_grape,0.0,43,0.9987035300600536,0.00038422740066557104,0.10655996304727955,0.014373045598403734,0.002839797172267026,80,16.49053934996482,0.0039392891448122155,40,False
five_level_weak_anharmonic,terminal_grape,0.0,44,0.9987035300600536,0.00038422740066557104,0.10655996304727955,0.014373045598403734,0.002839797172267026,80,16.49053934996482,0.0039392891448122155,40,False
five_level_weak_anharmonic,terminal_grape,0.0,45,0.9987035300600536,0.00038422740066557104,0.10655996304727955,0.014373045598403734,0.002839797172267026,80,16.49053934996482,0.0039392891448122155,40,False
five_level_weak_anharmonic,terminal_grape,0.0,46,0.9987035300600536,0.00038422740066557104,0.10655996304727955,0.014373045598403734,0.002839797172267026,80,16.49053934996482,0.0039392891448122155,40,False
five_level_weak_anharmonic,terminal_grape,0.0,47,0.9987035300600536,0.00038422740066557104,0.10655996304727955,0.014373045598403734,0.002839797172267026,80,16.49053934996482,0.0039392891448122155,40,False
five_level_weak_anharmonic,terminal_grape,0.0,48,0.9987035300600536,0.00038422740066557104,0.10655996304727955,0.014373045598403734,0.002839797172267026,80,16.49053934996482,0.0039392891448122155,40,False
five_level_weak_anharmonic,terminal_grape,0.0,49,0.9987035300600536,0.00038422740066557104,0.10655996304727955,0.014373045598403734,0.002839797172267026,80,16.49053934996482,0.0039392891448122155,40,False
five_level_weak_anharmonic,terminal_grape,0.0,50,0.9987035300600536,0.00038422740066557104,0.10655996304727955,0.014373045598403734,0.002839797172267026,80,16.49053934996482,0.0039392891448122155,40,False
five_level_weak_anharmonic,terminal_grape,0.0,51,0.9987035300600536,0.00038422740066557104,0.10655996304727955,0.014373045598403734,0.002839797172267026,80,16.49053934996482,0.0039392891448122155,40,False
five_level_weak_anharmonic,terminal_grape,0.0,52,0.9987035300600536,0.00038422740066557104,0.10655996304727955,0.014373045598403734,0.002839797172267026,80,16.49053934996482,0.0039392891448122155,40,False
five_level_weak_anharmonic,terminal_grape,0.0,53,0.9987035300600536,0.00038422740066557104,0.10655996304727955,0.014373045598403734,0.002839797172267026,80,16.49053934996482,0.0039392891448122155,40,False
five_level_weak_anharmonic,terminal_grape,0.0,54,0.9987035300600536,0.00038422740066557104,0.10655996304727955,0.014373045598403734,0.002839797172267026,80,16.49053934996482,0.0039392891448122155,40,False
five_level_weak_anharmonic,terminal_grape,0.0,55,0.9987035300600536,0.00038422740066557104,0.10655996304727955,0.014373045598403734,0.002839797172267026,80,16.49053934996482,0.0039392891448122155,40,False
five_level_weak_anharmonic,terminal_grape,0.0,56,0.9987035300600536,0.00038422740066557104,0.10655996304727955,0.014373045598403734,0.002839797172267026,80,16.49053934996482,0.0039392891448122155,40,False
five_level_weak_anharmonic,terminal_grape,0.0,57,0.9987035300600536,0.00038422740066557104,0.10655996304727955,0.014373045598403734,0.002839797172267026,80,16.49053934996482,0.0039392891448122155,40,False
five_level_weak_anharmonic,terminal_grape,0.0,58,0.9987035300600536,0.00038422740066557104,0.10655996304727955,0.014373045598403734,0.002839797172267026,80,16.49053934996482,0.0039392891448122155,40,False
five_level_weak_anharmonic,terminal_grape,0.0,59,0.9987035300600536,0.00038422740066557104,0.10655996304727955,0.014373045598403734,0.002839797172267026,80,16.49053934996482,0.0039392891448122155,40,False
five_level_weak_anharmonic,terminal_grape,0.01,10,0.9994846738762428,0.00033049346969482585,0.10189561547947945,0.01665138789967445,0.002839797172267026,80,16.49053934996482,0.0039392891448122155,40,False
five_level_weak_anharmonic,terminal_grape,0.01,11,0.9949871458609253,0.00044689171746559175,0.1061406062741963,0.024764979237466376,0.002839797172267026,80,16.49053934996482,0.0039392891448122155,40,False
five_level_weak_anharmonic,terminal_grape,0.01,12,0.9968537352326307,0.00013241557647603042,0.09720693746139564,0.013168360608528147,0.002839797172267026,80,16.49053934996482,0.0039392891448122155,40,False
five_level_weak_anharmonic,terminal_grape,0.01,13,0.9982032916934489,0.000161418942842384,0.10931380885203579,0.021483839508819512,0.002839797172267026,80,16.49053934996482,0.0039392891448122155,40,False
five_level_weak_anharmonic,terminal_grape,0.01,14,0.994284896677752,0.0008554943348051403,0.11066296468110681,0.02740224897354157,0.002839797172267026,80,16.49053934996482,0.0039392891448122155,40,False
five_level_weak_anharmonic,terminal_grape,0.01,15,0.996680535766398,0.00028862519075378845,0.09976882751625127,0.011573274860011728,0.002839797172267026,80,16.49053934996482,0.0039392891448122155,40,False
five_level_weak_anharmonic,terminal_grape,0.01,16,0.9992735140403517,0.0001899951283457213,0.10148462603295028,0.015334752432934258,0.002839797172267026,80,16.49053934996482,0.0039392891448122155,40,False
five_level_weak_anharmonic,terminal_grape,0.01,17,0.9854998969238092,0.0008746609699697983,0.10800674176831193,0.016735890052843445,0.002839797172267026,80,16.49053934996482,0.0039392891448122155,40,False
five_level_weak_anharmonic,terminal_grape,0.01,18,0.9956881304568918,0.00023975375901974516,0.10929739603760702,0.013341600161363399,0.002839797172267026,80,16.49053934996482,0.0039392891448122155,40,False
five_level_weak_anharmonic,terminal_grape,0.01,19,0.9988478895797177,0.00033691977670280426,0.09798129562795421,0.014362348513057163,0.002839797172267026,80,16.49053934996482,0.0039392891448122155,40,False
five_level_weak_anharmonic,terminal_grape,0.01,20,0.9946872869091787,0.00028399929545352975,0.09961054379605327,0.012825176723363644,0.002839797172267026,80,16.49053934996482,0.0039392891448122155,40,False
five_level_weak_anharmonic,terminal_grape,0.01,21,0.9972883369354534,0.0019157505656308693,0.10864577190198266,0.01553981663451564,0.002839797172267026,80,16.49053934996482,0.0039392891448122155,40,False
five_level_weak_anharmonic,terminal_grape,0.01,22,0.9982443133378712,0.0006075119635745585,0.10405047088291208,0.020107558549228157,0.002839797172267026,80,16.49053934996482,0.0039392891448122155,40,False
five_level_weak_anharmonic,terminal_grape,0.01,23,0.9991466787830326,0.0003899977475356753,0.10612213755930089,0.018612837396740793,0.002839797172267026,80,16.49053934996482,0.0039392891448122155,40,False
five_level_weak_anharmonic,terminal_grape,0.01,24,0.9980341758213881,0.001719836761892246,0.10788466729984025,0.015011492342332233,0.002839797172267026,80,16.49053934996482,0.0039392891448122155,40,False
five_level_weak_anharmonic,terminal_grape,0.01,25,0.9979168138326141,0.0014667056762445174,0.11448964158415553,0.01760367499242418,0.002839797172267026,80,16.49053934996482,0.0039392891448122155,40,False
five_level_weak_anharmonic,terminal_grape,0.01,26,0.9985205918067859,0.00015940705410233402,0.10696006307097972,0.013590393933693493,0.002839797172267026,80,16.49053934996482,0.0039392891448122155,40,False
five_level_weak_anharmonic,terminal_grape,0.01,27,0.9961350320761692,0.0002721328940704648,0.10520159105163751,0.01397596074707912,0.002839797172267026,80,16.49053934996482,0.0039392891448122155,40,False
five_level_weak_anharmonic,terminal_grape,0.01,28,0.9993270134101072,0.0004242052863814294,0.10412017876865132,0.015829730469966913,0.002839797172267026,80,16.49053934996482,0.0039392891448122155,40,False
five_level_weak_anharmonic,terminal_grape,0.01,29,0.9987648192425129,0.00029724912389028635,0.10284561564819572,0.015929130802400954,0.002839797172267026,80,16.49053934996482,0.0039392891448122155,40,False
five_level_weak_anharmonic,terminal_grape,0.01,30,0.9962559659916695,0.002062852953625849,0.1155493952112453,0.015476917973458697,0.002839797172267026,80,16.49053934996482,0.0039392891448122155,40,False
five_level_weak_anharmonic,terminal_grape,0.01,31,0.9948973821068717,0.00036414705637477507,0.10258596829417266,0.024308936916104956,0.002839797172267026,80,16.49053934996482,0.0039392891448122155,40,False
five_level_weak_anharmonic,terminal_grape,0.01,32,0.995854363543321,0.0011038948964092743,0.10749249999720156,0.023041687214797844,0.002839797172267026,80,16.49053934996482,0.0039392891448122155,40,False
five_level_weak_anharmonic,terminal_grape,0.01,33,0.9964525896471124,0.00017603806321819793,0.10699061976368063,0.014950242557538818,0.002839797172267026,80,16.49053934996482,0.0039392891448122155,40,False
five_level_weak_anharmonic,terminal_grape,0.01,34,0.9989725144326013,0.00034774849370677874,0.10408588317038303,0.013778701472775705,0.002839797172267026,80,16.49053934996482,0.0039392891448122155,40,False
five_level_weak_anharmonic,terminal_grape,0.01,35,0.9892863745214765,0.00019937438308392785,0.10184777779792842,0.013752502380851364,0.002839797172267026,80,16.49053934996482,0.0039392891448122155,40,False
five_level_weak_anharmonic,terminal_grape,0.01,36,0.9990150484631165,0.0006007224648456599,0.10524448660952923,0.017534463352271483,0.002839797172267026,80,16.49053934996482,0.0039392891448122155,40,False
five_level_weak_anharmonic,terminal_grape,0.01,37,0.9706041388714672,0.0014900306035684485,0.11053173230742741,0.02436678451987881,0.002839797172267026,80,16.49053934996482,0.0039392891448122155,40,False
five_level_weak_anharmonic,terminal_grape,0.01,38,0.9990452136376364,0.0009061237810188416,0.10749945355865198,0.01952463482056744,0.002839797172267026,80,16.49053934996482,0.0039392891448122155,40,False
five_level_weak_anharmonic,terminal_grape,0.01,39,0.9989862585309476,0.00037610679129584934,0.10474308185766446,0.016197904340946492,0.002839797172267026,80,16.49053934996482,0.0039392891448122155,40,False
five_level_weak_anharmonic,terminal_grape,0.01,40,0.9982051539138134,0.0003066595001415262,0.10570280497918405,0.013323600166131473,0.002839797172267026,80,16.49053934996482,0.0039392891448122155,40,False
five_level_weak_anharmonic,terminal_grape,0.01,41,0.9971617431502374,0.0006327911850001477,0.10596515715861965,0.013912057014256077,0.002839797172267026,80,16.49053934996482,0.0039392891448122155,40,False
five_level_weak_anharmonic,terminal_grape,0.01,42,0.9994383013175923,0.00024546285910442833,0.10736545335673753,0.017410695877023485,0.002839797172267026,80,16.49053934996482,0.0039392891448122155,40,False
five_level_weak_anharmonic,terminal_grape,0.01,43,0.9987533255471978,0.0009603965852272855,0.10824187748227665,0.01732820646148717,0.002839797172267026,80,16.49053934996482,0.0039392891448122155,40,False
five_level_weak_anharmonic,terminal_grape,0.01,44,0.9992391843456763,0.0004914192975878917,0.10612891404444225,0.02105925305963936,0.002839797172267026,80,16.49053934996482,0.0039392891448122155,40,False
five_level_weak_anharmonic,terminal_grape,0.01,45,0.9994854774504551,0.00023489842473400913,0.10085950606085903,0.014133413783886106,0.002839797172267026,80,16.49053934996482,0.0039392891448122155,40,False
five_level_weak_anharmonic,terminal_grape,0.01,46,0.9990481610198996,0.0007953661466785222,0.1031272211025277,0.01740491904767277,0.002839797172267026,80,16.49053934996482,0.0039392891448122155,40,False
five_level_weak_anharmonic,terminal_grape,0.01,47,0.9931052355476077,0.003131568182719202,0.11422941528301311,0.013798599935931315,0.002839797172267026,80,16.49053934996482,0.0039392891448122155,40,False
five_level_weak_anharmonic,terminal_grape,0.01,48,0.9944422055081865,0.00036835483656705303,0.09866253956073756,0.026279992408579738,0.002839797172267026,80,16.49053934996482,0.0039392891448122155,40,False
five_level_weak_anharmonic,terminal_grape,0.01,49,0.9941419539270369,0.0013920139462483272,0.11126841181877489,0.012707688649876207,0.002839797172267026,80,16.49053934996482,0.0039392891448122155,40,False
five_level_weak_anharmonic,terminal_grape,0.01,50,0.9964440896013753,0.0002538902194859638,0.10584844581238073,0.013036240623115303,0.002839797172267026,80,16.49053934996482,0.0039392891448122155,40,False
five_level_weak_anharmonic,terminal_grape,0.01,51,0.9932539987491498,0.0001837751457250958,0.10698607312357422,0.013354053162491981,0.002839797172267026,80,16.49053934996482,0.0039392891448122155,40,False
five_level_weak_anharmonic,terminal_grape,0.01,52,0.9980914506463079,0.0006002771346964586,0.10064211984488824,0.013159945528173267,0.002839797172267026,80,16.49053934996482,0.0039392891448122155,40,False
five_level_weak_anharmonic,terminal_grape,0.01,53,0.9984813367534484,0.0002616143301811258,0.11133637977195088,0.018817297996962433,0.002839797172267026,80,16.49053934996482,0.0039392891448122155,40,False
five_level_weak_anharmonic,terminal_grape,0.01,54,0.9987017060515995,0.00016584853886947304,0.10228563574591143,0.017651566450511677,0.002839797172267026,80,16.49053934996482,0.0039392891448122155,40,False
five_level_weak_anharmonic,terminal_grape,0.01,55,0.9988058959904601,0.00035572968815578143,0.11034462487437624,0.019769838253070104,0.002839797172267026,80,16.49053934996482,0.0039392891448122155,40,False
five_level_weak_anharmonic,terminal_grape,0.01,56,0.9976998776916061,0.00018866944029216626,0.09775590879639551,0.021747425540133352,0.002839797172267026,80,16.49053934996482,0.0039392891448122155,40,False
five_level_weak_anharmonic,terminal_grape,0.01,57,0.979323563376408,0.00018373945663840985,0.10748449033794594,0.01792960786134979,0.002839797172267026,80,16.49053934996482,0.0039392891448122155,40,False
five_level_weak_anharmonic,terminal_grape,0.01,58,0.9982733813677758,0.001643845454336268,0.10853990581178197,0.017505175961459507,0.002839797172267026,80,16.49053934996482,0.0039392891448122155,40,False
five_level_weak_anharmonic,terminal_grape,0.01,59,0.9990787318609917,0.0001578419826997468,0.10064141467057053,0.01583936245265337,0.002839797172267026,80,16.49053934996482,0.0039392891448122155,40,False
five_level_weak_anharmonic,terminal_grape,0.02,10,0.9996337604451233,0.00027291876078949784,0.09692461008966446,0.021770372292519567,0.002839797172267026,80,16.49053934996482,0.0039392891448122155,40,False
five_level_weak_anharmonic,terminal_grape,0.02,11,0.9737161105499478,0.0005801340530035004,0.10466639235105435,0.05106399508297876,0.002839797172267026,80,16.49053934996482,0.0039392891448122155,40,False
five_level_weak_anharmonic,terminal_grape,0.02,12,0.9955484885963917,0.00044657180568574706,0.08696986398597228,0.01256667397008312,0.002839797172267026,80,16.49053934996482,0.0039392891448122155,40,False
five_level_weak_anharmonic,terminal_grape,0.02,13,0.9833159777742699,0.00013523439266527326,0.11481653022174854,0.04212268105235775,0.002839797172267026,80,16.49053934996482,0.0039392891448122155,40,False
five_level_weak_anharmonic,terminal_grape,0.02,14,0.9684951803490992,0.0016759316439964866,0.11222486295770395,0.05714403901455936,0.002839797172267026,80,16.49053934996482,0.0039392891448122155,40,False
five_level_weak_anharmonic,terminal_grape,0.02,15,0.9929282572000405,0.0010053726895642434,0.100231060417171,0.00885650174757863,0.002839797172267026,80,16.49053934996482,0.0039392891448122155,40,False
five_level_weak_anharmonic,terminal_grape,0.02,16,0.9976090752462436,0.0004936654448597366,0.09558938536525585,0.01812024616780926,0.002839797172267026,80,16.49053934996482,0.0039392891448122155,40,False
five_level_weak_anharmonic,terminal_grape,0.02,17,0.956296374055442,0.001837580333381772,0.10868484515203147,0.03218351109776922,0.002839797172267026,80,16.49053934996482,0.0039392891448122155,40,False
five_level_weak_anharmonic,terminal_grape,0.02,18,0.9902162317635135,0.00021639009586393865,0.11174817284556715,0.014258140984770459,0.002839797172267026,80,16.49053934996482,0.0039392891448122155,40,False
five_level_weak_anharmonic,terminal_grape,0.02,19,0.999310984758067,0.0005836649819995765,0.08893144704555012,0.016148962871067277,0.002839797172267026,80,16.49053934996482,0.0039392891448122155,40,False
five_level_weak_anharmonic,terminal_grape,0.02,20,0.988757572827186,0.0007548890723398927,0.09307509293060634,0.013375029392257235,0.002839797172267026,80,16.49053934996482,0.0039392891448122155,40,False
five_level_weak_anharmonic,terminal_grape,0.02,21,0.99416377092096,0.005323125802876194,0.11052878245738051,0.01720894052600837,0.002839797172267026,80,16.49053934996482,0.0039392891448122155,40,False
five_level_weak_anharmonic,terminal_grape,0.02,22,0.9909243257508784,0.0009756253189544539,0.10105498422733517,0.03268941275527568,0.002839797172267026,80,16.49053934996482,0.0039392891448122155,40,False
five_level_weak_anharmonic,terminal_grape,0.02,23,0.9958269608729426,0.00043003053597734375,0.10558219947504743,0.02594048499976409,0.002839797172267026,80,16.49053934996482,0.0039392891448122155,40,False
five_level_weak_anharmonic,terminal_grape,0.02,24,0.9957658344489269,0.004148924759092454,0.10744656214980819,0.016134322606984473,0.002839797172267026,80,16.49053934996482,0.0039392891448122155,40,False
five_level_weak_anharmonic,terminal_grape,0.02,25,0.9926139446514589,0.0036981769295385547,0.12130436474572648,0.0233893164027829,0.002839797172267026,80,16.49053934996482,0.0039392891448122155,40,False
five_level_weak_anharmonic,terminal_grape,0.02,26,0.9976913642386135,0.00046887541623208406,0.10761633200301968,0.012900653239585369,0.002839797172267026,80,16.49053934996482,0.0039392891448122155,40,False
five_level_weak_anharmonic,terminal_grape,0.02,27,0.9918708163244797,0.00028585775854894635,0.1038045917838305,0.015602130782858619,0.002839797172267026,80,16.49053934996482,0.0039392891448122155,40,False
five_level_weak_anharmonic,terminal_grape,0.02,28,0.9975736939122148,0.000524144064454779,0.10214133581637264,0.01998655322650588,0.002839797172267026,80,16.49053934996482,0.0039392891448122155,40,False
five_level_weak_anharmonic,terminal_grape,0.02,29,0.9983304674135298,0.0003753498572719449,0.09909909742083844,0.01858363550305299,0.002839797172267026,80,16.49053934996482,0.0039392891448122155,40,False
five_level_weak_anharmonic,terminal_grape,0.02,30,0.9915465280041356,0.006042170852314177,0.12386245357174908,0.017078535386517275,0.002839797172267026,80,16.49053934996482,0.0039392891448122155,40,False
five_level_weak_anharmonic,terminal_grape,0.02,31,0.9735275541509234,0.0005953738351418547,0.10502326844457188,0.04901693015158938,0.002839797172267026,80,16.49053934996482,0.0039392891448122155,40,False
five_level_weak_anharmonic,terminal_grape,0.02,32,0.980331598481062,0.002350434481741881,0.10827407027852265,0.0429451256915482,0.002839797172267026,80,16.49053934996482,0.0039392891448122155,40,False
five_level_weak_anharmonic,terminal_grape,0.02,33,0.9927383737793036,0.00028721272312837165,0.10749661264051291,0.017678056710502,0.002839797172267026,80,16.49053934996482,0.0039392891448122155,40,False
five_level_weak_anharmonic,terminal_grape,0.02,34,0.9977808194281325,0.0012782982051113834,0.11996424016660323,0.013870918269745795,0.002839797172267026,80,16.49053934996482,0.0039392891448122155,40,False
five_level_weak_anharmonic,terminal_grape,0.02,35,0.970015030952323,0.0006942773941381875,0.09667511754789126,0.02044243034021945,0.002839797172267026,80,16.49053934996482,0.0039392891448122155,40,False
five_level_weak_anharmonic,terminal_grape,0.02,36,0.9962397329706814,0.0009162880168461784,0.10396908173990271,0.023395809601914414,0.002839797172267026,80,16.49053934996482,0.0039392891448122155,40,False
five_level_weak_anharmonic,terminal_grape,0.02,37,0.905916658871209,0.0036135974252675673,0.11093791082620519,0.06534220683991512,0.002839797172267026,80,16.49053934996482,0.0039392891448122155,40,False
five_level_weak_anharmonic,terminal_grape,0.02,38,0.9962785213511114,0.001958788063900041,0.10681897747246571,0.02818188737066385,0.002839797172267026,80,16.49053934996482,0.0039392891448122155,40,False
five_level_weak_anharmonic,terminal_grape,0.02,39,0.996352120032691,0.00042950560358723244,0.1024313199148501,0.020960026668682803,0.002839797172267026,80,16.49053934996482,0.0039392891448122155,40,False
five_level_weak_anharmonic,terminal_grape,0.02,40,0.997709221113249,0.00023501878604303972,0.10493343730999793,0.012461719223130911,0.002839797172267026,80,16.49053934996482,0.0039392891448122155,40,False
five_level_weak_anharmonic,terminal_grape,0.02,41,0.9963050475756552,0.0009937525990884044,0.10556453729541782,0.014291784725484777,0.002839797172267026,80,16.49053934996482,0.0039392891448122155,40,False
five_level_weak_anharmonic,terminal_grape,0.02,42,0.997112285178712,0.0003448532732787113,0.10880552605740845,0.023066023730051812,0.002839797172267026,80,16.49053934996482,0.0039392891448122155,40,False
five_level_weak_anharmonic,terminal_grape,0.02,43,0.9961981303949756,0.0019078335742714891,0.10969261456359092,0.02229455716566447,0.002839797172267026,80,16.49053934996482,0.0039392891448122155,40,False
five_level_weak_anharmonic,terminal_grape,0.02,44,0.9930500719826186,0.0006073060285763932,0.10347410330193096,0.03661022076682759,0.002839797172267026,80,16.49053934996482,0.0039392891448122155,40,False
five_level_weak_anharmonic,terminal_grape,0.02,45,0.9988980634077321,0.0008262774565337416,0.1070107476613904,0.014672364869325346,0.002839797172267026,80,16.49053934996482,0.0039392891448122155,40,False
five_level_weak_anharmonic,terminal_grape,0.02,46,0.9974527455987263,0.0014292999108915794,0.09934339918303592,0.023806917458574172,0.002839797172267026,80,16.49053934996482,0.0039392891448122155,40,False
five_level_weak_anharmonic,terminal_grape,0.02,47,0.9826248469501105,0.009473802101718665,0.11973529631505109,0.014755183061328432,0.002839797172267026,80,16.49053934996482,0.0039392891448122155,40,False
five_level_weak_anharmonic,terminal_grape,0.02,48,0.9662613949159115,0.0005620185905903519,0.09309126656155531,0.06181649089677257,0.002839797172267026,80,16.49053934996482,0.0039392891448122155,40,False
five_level_weak_anharmonic,terminal_grape,0.02,49,0.9863199397385566,0.003361947871988513,0.11571478672521507,0.013477713669141307,0.002839797172267026,80,16.49053934996482,0.0039392891448122155,40,False
five_level_weak_anharmonic,terminal_grape,0.02,50,0.9928759152829638,0.0003276777431321376,0.10513606339756643,0.01310307669563967,0.002839797172267026,80,16.49053934996482,0.0039392891448122155,40,False
five_level_weak_anharmonic,terminal_grape,0.02,51,0.9825794344662808,0.0003098136187847933,0.10682431748384458,0.016577952271641293,0.002839797172267026,80,16.49053934996482,0.0039392891448122155,40,False
five_level_weak_anharmonic,terminal_grape,0.02,52,0.9979091114584789,0.0009412445907428513,0.09476830558620875,0.012613900949715621,0.002839797172267026,80,16.49053934996482,0.0039392891448122155,40,False
five_level_weak_anharmonic,terminal_grape,0.02,53,0.99237109926321,0.00015781760668875933,0.11593475047194579,0.028480427503618278,0.002839797172267026,80,16.49053934996482,0.0039392891448122155,40,False
five_level_weak_anharmonic,terminal_grape,0.02,54,0.992788354954542,0.0004865273626217803,0.11378340492235461,0.025331134952858155,0.002839797172267026,80,16.49053934996482,0.0039392891448122155,40,False
five_level_weak_anharmonic,terminal_grape,0.02,55,0.9905676256113475,0.00040732364727658066,0.11253587285281907,0.03320693545943534,0.002839797172267026,80,16.49053934996482,0.0039392891448122155,40,False
five_level_weak_anharmonic,terminal_grape,0.02,56,0.9868667120520722,0.0007220284666648036,0.09638261700131534,0.035836996702950444,0.002839797172267026,80,16.49053934996482,0.0039392891448122155,40,False
five_level_weak_anharmonic,terminal_grape,0.02,57,0.9348762683497212,0.0003739068748845886,0.10682713157725154,0.0424747006199011,0.002839797172267026,80,16.49053934996482,0.0039392891448122155,40,False
five_level_weak_anharmonic,terminal_grape,0.02,58,0.9956171444300531,0.004118555134745683,0.11039715129337202,0.021665662797628885,0.002839797172267026,80,16.49053934996482,0.0039392891448122155,40,False
five_level_weak_anharmonic,terminal_grape,0.02,59,0.9952577204387372,0.00037688574512562134,0.0947019388590995,0.023616662595258135,0.002839797172267026,80,16.49053934996482,0.0039392891448122155,40,False
five_level_weak_anharmonic,terminal_grape,0.03,10,0.9987067891758893,0.00022520925483715537,0.09170670965121164,0.029953539650261405,0.002839797172267026,80,16.49053934996482,0.0039392891448122155,40,False
five_level_weak_anharmonic,terminal_grape,0.03,11,0.9326902020345429,0.0007925160499734352,0.10206664166653767,0.09494927469118467,0.002839797172267026,80,16.49053934996482,0.0039392891448122155,40,False
five_level_weak_anharmonic,terminal_grape,0.03,12,0.9952015939685643,0.0013321934153023296,0.07662669773669406,0.012733891683790896,0.002839797172267026,80,16.49053934996482,0.0039392891448122155,40,False
five_level_weak_anharmonic,terminal_grape,0.03,13,0.9433139821352661,0.0003710130501869413,0.1338528886420962,0.08413742225938434,0.002839797172267026,80,16.49053934996482,0.0039392891448122155,40,False
five_level_weak_anharmonic,terminal_grape,0.03,14,0.917593160263881,0.002785482738568712,0.11082609762944606,0.10621419948221697,0.002839797172267026,80,16.49053934996482,0.0039392891448122155,40,False
five_level_weak_anharmonic,terminal_grape,0.03,15,0.9886943828625656,0.001583316260581058,0.12024727534281143,0.006823717443751059,0.002839797172267026,80,16.49053934996482,0.0039392891448122155,40,False
five_level_weak_anharmonic,terminal_grape,0.03,16,0.9932517014033447,0.0011439071955514635,0.10633263300965512,0.023344167564972478,0.002839797172267026,80,16.49053934996482,0.0039392891448122155,40,False
five_level_weak_anharmonic,terminal_grape,0.03,17,0.9127230352597373,0.0033035089611488377,0.10854139355645653,0.05970396899887818,0.002839797172267026,80,16.49053934996482,0.0039392891448122155,40,False
five_level_weak_anharmonic,terminal_grape,0.03,18,0.9824819400550485,0.00028814852591307893,0.11389318757502409,0.01700103418104125,0.002839797172267026,80,16.49053934996482,0.0039392891448122155,40,False
five_level_weak_anharmonic,terminal_grape,0.03,19,0.9981856342355161,0.0012106751532112714,0.0806902586964866,0.02183537335645422,0.002839797172267026,80,16.49053934996482,0.0039392891448122155,40,False
five_level_weak_anharmonic,terminal_grape,0.03,20,0.9832485724799104,0.001681885616976464,0.08733860335759414,0.014326989861364388,0.002839797172267026,80,16.49053934996482,0.0039392891448122155,40,False
five_level_weak_anharmonic,terminal_grape,0.03,21,0.9887852188125119,0.010938858083413883,0.11178108702943912,0.019764237487411022,0.002839797172267026,80,16.49053934996482,0.0039392891448122155,40,False
five_level_weak_anharmonic,terminal_grape,0.03,22,0.9758699652569616,0.001461845656700933,0.09751766921096217,0.053039268064367616,0.002839797172267026,80,16.49053934996482,0.0039392891448122155,40,False
five_level_weak_anharmonic,terminal_grape,0.03,23,0.9887921599284012,0.0005050191344763144,0.10494530848659855,0.03630136779629759,0.002839797172267026,80,16.49053934996482,0.0039392891448122155,40,False
five_level_weak_anharmonic,terminal_grape,0.03,24,0.9918418245531291,0.007418742952590374,0.10549288820258673,0.018097726819335865,0.002839797172267026,80,16.49053934996482,0.0039392891448122155,40,False
five_level_weak_anharmonic,terminal_grape,0.03,25,0.9824966203049899,0.007138652547817426,0.12645734174799872,0.0320247708653852,0.002839797172267026,80,16.49053934996482,0.0039392891448122155,40,False
five_level_weak_anharmonic,terminal_grape,0.03,26,0.9963757660683468,0.0011335776424510335,0.10863741161912777,0.012303321796231555,0.002839797172267026,80,16.49053934996482,0.0039392891448122155,40,False
five_level_weak_anharmonic,terminal_grape,0.03,27,0.9866225022274672,0.0004110022972478866,0.1024299770365068,0.01858554903596843,0.002839797172267026,80,16.49053934996482,0.0039392891448122155,40,False
five_level_weak_anharmonic,terminal_grape,0.03,28,0.9929368248398451,0.0006877141874349624,0.10058908606998962,0.027348682373873084,0.002839797172267026,80,16.49053934996482,0.0039392891448122155,40,False
five_level_weak_anharmonic,terminal_grape,0.03,29,0.9974240816721308,0.0006375774724206584,0.09531819849848222,0.02225071583045013,0.002839797172267026,80,16.49053934996482,0.0039392891448122155,40,False
five_level_weak_anharmonic,terminal_grape,0.03,30,0.9844931011841119,0.012677581110209446,0.12962425030547442,0.019093918618711177,0.002839797172267026,80,16.49053934996482,0.0039392891448122155,40,False
five_level_weak_anharmonic,terminal_grape,0.03,31,0.9343617327777105,0.0010431259695492523,0.11958217586743314,0.08878229288326345,0.002839797172267026,80,16.49053934996482,0.0039392891448122155,40,False
five_level_weak_anharmonic,terminal_grape,0.03,32,0.9514038768408378,0.0041698467181602306,0.10880475310168058,0.0744341453852345,0.002839797172267026,80,16.49053934996482,0.0039392891448122155,40,False
five_level_weak_anharmonic,terminal_grape,0.03,33,0.9883220583255863,0.0007468220300889117,0.10810630133524446,0.021957910320702972,0.002839797172267026,80,16.49053934996482,0.0039392891448122155,40,False
five_level_weak_anharmonic,terminal_grape,0.03,34,0.9963371670423482,0.0020543504458513384,0.14641140659014318,0.015039372219713775,0.002839797172267026,80,16.49053934996482,0.0039392891448122155,40,False
five_level_weak_anharmonic,terminal_grape,0.03,35,0.9439730480487711,0.0015648262711338567,0.0919304498776855,0.03230934259382195,0.002839797172267026,80,16.49053934996482,0.0039392891448122155,40,False
five_level_weak_anharmonic,terminal_grape,0.03,36,0.9900871565200133,0.0013287597072937363,0.10272395499993037,0.03210982958235435,0.002839797172267026,80,16.49053934996482,0.0039392891448122155,40,False
five_level_weak_anharmonic,terminal_grape,0.03,37,0.8133022286009939,0.006561664852234417,0.10794149560203425,0.1313042667524311,0.002839797172267026,80,16.49053934996482,0.0039392891448122155,40,False
five_level_weak_anharmonic,terminal_grape,0.03,38,0.9878032347844117,0.0037993240244245108,0.10408405185706882,0.041903887821123295,0.002839797172267026,80,16.49053934996482,0.0039392891448122155,40,False
five_level_weak_anharmonic,terminal_grape,0.03,39,0.990285871841751,0.0005479226606650567,0.09963434117600722,0.029071902207272654,0.002839797172267026,80,16.49053934996482,0.0039392891448122155,40,False
five_level_weak_anharmonic,terminal_grape,0.03,40,0.9972837456260165,0.00017269836885958068,0.10423122974855947,0.011768124469855305,0.002839797172267026,80,16.49053934996482,0.0039392891448122155,40,False
five_level_weak_anharmonic,terminal_grape,0.03,41,0.9964717441365613,0.0014809296941572514,0.10684972558578154,0.015550380145033823,0.002839797172267026,80,16.49053934996482,0.0039392891448122155,40,False
five_level_weak_anharmonic,terminal_grape,0.03,42,0.991311984788571,0.0006163624283141989,0.1108540718499601,0.03159788366790187,0.002839797172267026,80,16.49053934996482,0.0039392891448122155,40,False
five_level_weak_anharmonic,terminal_grape,0.03,43,0.9909832415337674,0.0032287530282441024,0.11081314617936688,0.029283329375959656,0.002839797172267026,80,16.49053934996482,0.0039392891448122155,40,False
five_level_weak_anharmonic,terminal_grape,0.03,44,0.9744509541407564,0.0006878638666849568,0.09861740439193578,0.06441936151750646,0.002839797172267026,80,16.49053934996482,0.0039392891448122155,40,False
five_level_weak_anharmonic,terminal_grape,0.03,45,0.9973787859827458,0.0016794103998589716,0.12402572653718735,0.016124366364805104,0.002839797172267026,80,16.49053934996482,0.0039392891448122155,40,False
five_level_weak_anharmonic,terminal_grape,0.03,46,0.9912603320421822,0.002341957272013806,0.09592997620852162,0.0356293743708332,0.002839797172267026,80,16.49053934996482,0.0039392891448122155,40,False
five_level_weak_anharmonic,terminal_grape,0.03,47,0.9685908949769794,0.018917086542499795,0.12211962121287001,0.016836164887209574,0.002839797172267026,80,16.49053934996482,0.0039392891448122155,40,False
five_level_weak_anharmonic,terminal_grape,0.03,48,0.9049988724936128,0.0010918933453754054,0.10778977121477507,0.12765573105738467,0.002839797172267026,80,16.49053934996482,0.0039392891448122155,40,False
five_level_weak_anharmonic,terminal_grape,0.03,49,0.9757624683158067,0.0063621698726457065,0.11972268915620798,0.016358386568137328,0.002839797172267026,80,16.49053934996482,0.0039392891448122155,40,False
five_level_weak_anharmonic,terminal_grape,0.03,50,0.9886524422341072,0.000555284464884509,0.10441300862065939,0.014018220388981935,0.002839797172267026,80,16.49053934996482,0.0039392891448122155,40,False
five_level_weak_anharmonic,terminal_grape,0.03,51,0.9673790523374376,0.000794059650358836,0.10618475388476134,0.02350210482038019,0.002839797172267026,80,16.49053934996482,0.0039392891448122155,40,False
five_level_weak_anharmonic,terminal_grape,0.03,52,0.9980344914431938,0.001411874129151558,0.08894344814516408,0.01306288102306522,0.002839797172267026,80,16.49053934996482,0.0039392891448122155,40,False
five_level_weak_anharmonic,terminal_grape,0.03,53,0.9794871819752813,8.670331264482023e-05,0.1202456250529712,0.04408056207699136,0.002839797172267026,80,16.49053934996482,0.0039392891448122155,40,False
five_level_weak_anharmonic,terminal_grape,0.03,54,0.9813980803107765,0.0008363371234836325,0.13658546886648848,0.03793214610726203,0.002839797172267026,80,16.49053934996482,0.0039392891448122155,40,False
five_level_weak_anharmonic,terminal_grape,0.03,55,0.9691145169021148,0.0005542341064941336,0.11520753418686924,0.058037275104762115,0.002839797172267026,80,16.49053934996482,0.0039392891448122155,40,False
five_level_weak_anharmonic,terminal_grape,0.03,56,0.9675413460588719,0.0012420415991537537,0.11090025903891898,0.05617507826568407,0.002839797172267026,80,16.49053934996482,0.0039392891448122155,40,False
five_level_weak_anharmonic,terminal_grape,0.03,57,0.8694988121669724,0.0007302007972994629,0.10469656770607672,0.08559580680851535,0.002839797172267026,80,16.49053934996482,0.0039392891448122155,40,False
five_level_weak_anharmonic,terminal_grape,0.03,58,0.990715945353199,0.007870466491878725,0.11163172841831814,0.02677913616293998,0.002839797172267026,80,16.49053934996482,0.0039392891448122155,40,False
five_level_weak_anharmonic,terminal_grape,0.03,59,0.9822262966231184,0.001130555771758579,0.11024628237256029,0.041892017340384745,0.002839797172267026,80,16.49053934996482,0.0039392891448122155,40,False
